// AUTO-GENERATED by tools/gen_assets.py - do not edit
#pragma once
#include <stdint.h>

static const uint16_t goblin_palette[16] = {
    0x0000, 0x10C2, 0x5D87, 0x3BC4, 0x9F0B, 0xF945, 0xF7BD, 0x68A4, 0x6A45, 0x3F9F, 0x1C94, 0x4183, 0xE2CF, 0xFE88, 0x6E5F, 0xCC49,
};

#define SPR_W 32
#define SPR_H 32

typedef enum { FR_IDLE, FR_BLINK, FR_HAPPY, FR_SWEAT, FR_PANIC, FR_SLEEP, FR_SURPRISE, FR_HUNGRY, FR_EAT, FR_GRUMPY, FR_ANGRY, FR_COUNT } goblin_frame_t;

static const uint8_t goblin_frames[5632] = {
    0x00, 0x00, 0x00, 0x00, 0x00, 0x00, 0x00, 0x00, 0x00, 0x00, 0x00, 0x00, 0x00, 0x00, 0x00, 0x00, 0x00, 0x00, 0x00, 0x00, 0x00, 0x00, 0x00, 0x00,
    0x00, 0x00, 0x00, 0x00, 0x00, 0x00, 0x00, 0x00, 0x00, 0x00, 0x00, 0x00, 0x00, 0x11, 0x11, 0x11, 0x11, 0x11, 0x11, 0x00, 0x00, 0x00, 0x00, 0x00,
    0x00, 0x00, 0x00, 0x00, 0x11, 0x22, 0x22, 0x22, 0x22, 0x22, 0x22, 0x11, 0x00, 0x00, 0x00, 0x00, 0x10, 0x00, 0x00, 0x01, 0x22, 0x24, 0x42, 0x22,
    0x22, 0x24, 0x42, 0x22, 0x10, 0x00, 0x00, 0x01, 0x11, 0x00, 0x00, 0x12, 0x24, 0x42, 0x22, 0x22, 0x22, 0x22, 0x24, 0x42, 0x21, 0x00, 0x00, 0x11,
    0x13, 0x10, 0x01, 0x22, 0x42, 0x22, 0x22, 0x22, 0x22, 0x22, 0x22, 0x24, 0x22, 0x10, 0x01, 0x31, 0x13, 0x31, 0x01, 0x22, 0x22, 0x22, 0x22, 0x22,
    0x22, 0x22, 0x22, 0x22, 0x22, 0x10, 0x13, 0x31, 0x01, 0x33, 0x12, 0x22, 0x22, 0x22, 0x22, 0x22, 0x22, 0x22, 0x22, 0x22, 0x22, 0x21, 0x33, 0x10,
    0x01, 0x23, 0x32, 0x22, 0x22, 0x22, 0x22, 0x22, 0x22, 0x22, 0x22, 0x22, 0x22, 0x23, 0x32, 0x10, 0x00, 0x12, 0x32, 0x21, 0x11, 0x22, 0x22, 0x22,
    0x22, 0x22, 0x22, 0x11, 0x12, 0x23, 0x21, 0x00, 0x00, 0x01, 0x12, 0x21, 0x55, 0x51, 0x22, 0x22, 0x22, 0x22, 0x15, 0x55, 0x12, 0x21, 0x10, 0x00,
    0x00, 0x00, 0x01, 0x21, 0x56, 0x51, 0x22, 0x22, 0x22, 0x22, 0x15, 0x65, 0x12, 0x10, 0x00, 0x00, 0x00, 0x00, 0x01, 0x22, 0x11, 0x12, 0x22, 0x22,
    0x22, 0x22, 0x21, 0x11, 0x22, 0x10, 0x00, 0x00, 0x00, 0x00, 0x01, 0x32, 0x22, 0x22, 0x22, 0x23, 0x32, 0x22, 0x22, 0x22, 0x23, 0x10, 0x00, 0x00,
    0x00, 0x00, 0x00, 0x13, 0x22, 0x12, 0x22, 0x22, 0x22, 0x22, 0x21, 0x22, 0x31, 0x00, 0x00, 0x00, 0x00, 0x00, 0x00, 0x01, 0x32, 0x21, 0x11, 0x11,
    0x11, 0x11, 0x12, 0x23, 0x10, 0x00, 0x00, 0x00, 0x00, 0x00, 0x00, 0x00, 0x11, 0x32, 0x22, 0x22, 0x22, 0x22, 0x23, 0x11, 0x00, 0x00, 0x00, 0x00,
    0x00, 0x00, 0x00, 0x00, 0x00, 0x11, 0x11, 0x22, 0x22, 0x11, 0x11, 0x00, 0x00, 0x00, 0x00, 0x00, 0x00, 0x00, 0x00, 0x00, 0x00, 0x00, 0x11, 0x22,
    0x22, 0x11, 0x00, 0x00, 0x00, 0x00, 0x00, 0x00, 0x00, 0x00, 0x00, 0x00, 0x11, 0x11, 0x88, 0x12, 0x21, 0x88, 0x11, 0x11, 0x00, 0x00, 0x00, 0x00,
    0x00, 0x00, 0x00, 0x01, 0x88, 0x88, 0x88, 0x81, 0x18, 0x88, 0x88, 0x88, 0x10, 0x00, 0x00, 0x00, 0x00, 0x00, 0x00, 0x12, 0x18, 0x11, 0x11, 0x11,
    0x11, 0x11, 0x11, 0x81, 0x21, 0x00, 0x00, 0x00, 0x00, 0x00, 0x00, 0x12, 0x18, 0x19, 0x99, 0x99, 0x99, 0x99, 0x91, 0x81, 0x21, 0x00, 0x00, 0x00,
    0x00, 0x00, 0x01, 0x21, 0x11, 0x19, 0xA9, 0x99, 0x99, 0xA9, 0x91, 0x11, 0x12, 0x10, 0x00, 0x00, 0x00, 0x00, 0x01, 0x21, 0x22, 0x19, 0x9A, 0x99,
    0x9A, 0x9A, 0x91, 0x22, 0x12, 0x10, 0x00, 0x00, 0x00, 0x00, 0x01, 0x21, 0x22, 0x19, 0x99, 0xA9, 0xA9, 0x99, 0x91, 0x22, 0x12, 0x10, 0x00, 0x00,
    0x00, 0x00, 0x00, 0x11, 0x11, 0x19, 0x99, 0x99, 0x99, 0x99, 0x91, 0x11, 0x11, 0x00, 0x00, 0x00, 0x00, 0x00, 0x00, 0x01, 0xBB, 0x11, 0x11, 0x11,
    0x11, 0x11, 0x11, 0xBB, 0x10, 0x00, 0x00, 0x00, 0x00, 0x00, 0x00, 0x00, 0x18, 0x88, 0x11, 0x11, 0x11, 0x11, 0x88, 0x81, 0x00, 0x00, 0x00, 0x00,
    0x00, 0x00, 0x00, 0x00, 0x13, 0x33, 0x10, 0x00, 0x00, 0x01, 0x33, 0x31, 0x00, 0x00, 0x00, 0x00, 0x00, 0x00, 0x00, 0x01, 0x11, 0x11, 0x10, 0x00,
    0x00, 0x01, 0x11, 0x11, 0x10, 0x00, 0x00, 0x00, 0x00, 0x00, 0x00, 0x00, 0x00, 0x00, 0x00, 0x00, 0x00, 0x00, 0x00, 0x00, 0x00, 0x00, 0x00, 0x00,
    0x00, 0x00, 0x00, 0x00, 0x00, 0x00, 0x00, 0x00, 0x00, 0x00, 0x00, 0x00, 0x00, 0x00, 0x00, 0x00, 0x00, 0x00, 0x00, 0x00, 0x00, 0x11, 0x11, 0x11,
    0x11, 0x11, 0x11, 0x00, 0x00, 0x00, 0x00, 0x00, 0x00, 0x00, 0x00, 0x00, 0x11, 0x22, 0x22, 0x22, 0x22, 0x22, 0x22, 0x11, 0x00, 0x00, 0x00, 0x00,
    0x10, 0x00, 0x00, 0x01, 0x22, 0x24, 0x42, 0x22, 0x22, 0x24, 0x42, 0x22, 0x10, 0x00, 0x00, 0x01, 0x11, 0x00, 0x00, 0x12, 0x24, 0x42, 0x22, 0x22,
    0x22, 0x22, 0x24, 0x42, 0x21, 0x00, 0x00, 0x11, 0x13, 0x10, 0x01, 0x22, 0x42, 0x22, 0x22, 0x22, 0x22, 0x22, 0x22, 0x24, 0x22, 0x10, 0x01, 0x31,
    0x13, 0x31, 0x01, 0x22, 0x22, 0x22, 0x22, 0x22, 0x22, 0x22, 0x22, 0x22, 0x22, 0x10, 0x13, 0x31, 0x01, 0x33, 0x12, 0x22, 0x22, 0x22, 0x22, 0x22,
    0x22, 0x22, 0x22, 0x22, 0x22, 0x21, 0x33, 0x10, 0x01, 0x23, 0x32, 0x22, 0x22, 0x22, 0x22, 0x22, 0x22, 0x22, 0x22, 0x22, 0x22, 0x23, 0x32, 0x10,
    0x00, 0x12, 0x32, 0x22, 0x22, 0x22, 0x22, 0x22, 0x22, 0x22, 0x22, 0x22, 0x22, 0x23, 0x21, 0x00, 0x00, 0x01, 0x12, 0x22, 0x22, 0x22, 0x22, 0x22,
    0x22, 0x22, 0x22, 0x22, 0x22, 0x21, 0x10, 0x00, 0x00, 0x00, 0x01, 0x21, 0x11, 0x11, 0x22, 0x22, 0x22, 0x22, 0x11, 0x11, 0x12, 0x10, 0x00, 0x00,
    0x00, 0x00, 0x01, 0x22, 0x22, 0x22, 0x22, 0x22, 0x22, 0x22, 0x22, 0x22, 0x22, 0x10, 0x00, 0x00, 0x00, 0x00, 0x01, 0x32, 0x22, 0x22, 0x22, 0x23,
    0x32, 0x22, 0x22, 0x22, 0x23, 0x10, 0x00, 0x00, 0x00, 0x00, 0x00, 0x13, 0x22, 0x12, 0x22, 0x22, 0x22, 0x22, 0x21, 0x22, 0x31, 0x00, 0x00, 0x00,
    0x00, 0x00, 0x00, 0x01, 0x32, 0x21, 0x11, 0x11, 0x11, 0x11, 0x12, 0x23, 0x10, 0x00, 0x00, 0x00, 0x00, 0x00, 0x00, 0x00, 0x11, 0x32, 0x22, 0x22,
    0x22, 0x22, 0x23, 0x11, 0x00, 0x00, 0x00, 0x00, 0x00, 0x00, 0x00, 0x00, 0x00, 0x11, 0x11, 0x22, 0x22, 0x11, 0x11, 0x00, 0x00, 0x00, 0x00, 0x00,
    0x00, 0x00, 0x00, 0x00, 0x00, 0x00, 0x11, 0x22, 0x22, 0x11, 0x00, 0x00, 0x00, 0x00, 0x00, 0x00, 0x00, 0x00, 0x00, 0x00, 0x11, 0x11, 0x88, 0x12,
    0x21, 0x88, 0x11, 0x11, 0x00, 0x00, 0x00, 0x00, 0x00, 0x00, 0x00, 0x01, 0x88, 0x88, 0x88, 0x81, 0x18, 0x88, 0x88, 0x88, 0x10, 0x00, 0x00, 0x00,
    0x00, 0x00, 0x00, 0x12, 0x18, 0x11, 0x11, 0x11, 0x11, 0x11, 0x11, 0x81, 0x21, 0x00, 0x00, 0x00, 0x00, 0x00, 0x00, 0x12, 0x18, 0x19, 0x99, 0x99,
    0x99, 0x99, 0x91, 0x81, 0x21, 0x00, 0x00, 0x00, 0x00, 0x00, 0x01, 0x21, 0x11, 0x19, 0xA9, 0x99, 0x99, 0xA9, 0x91, 0x11, 0x12, 0x10, 0x00, 0x00,
    0x00, 0x00, 0x01, 0x21, 0x22, 0x19, 0x9A, 0x99, 0x9A, 0x9A, 0x91, 0x22, 0x12, 0x10, 0x00, 0x00, 0x00, 0x00, 0x01, 0x21, 0x22, 0x19, 0x99, 0xA9,
    0xA9, 0x99, 0x91, 0x22, 0x12, 0x10, 0x00, 0x00, 0x00, 0x00, 0x00, 0x11, 0x11, 0x19, 0x99, 0x99, 0x99, 0x99, 0x91, 0x11, 0x11, 0x00, 0x00, 0x00,
    0x00, 0x00, 0x00, 0x01, 0xBB, 0x11, 0x11, 0x11, 0x11, 0x11, 0x11, 0xBB, 0x10, 0x00, 0x00, 0x00, 0x00, 0x00, 0x00, 0x00, 0x18, 0x88, 0x11, 0x11,
    0x11, 0x11, 0x88, 0x81, 0x00, 0x00, 0x00, 0x00, 0x00, 0x00, 0x00, 0x00, 0x13, 0x33, 0x10, 0x00, 0x00, 0x01, 0x33, 0x31, 0x00, 0x00, 0x00, 0x00,
    0x00, 0x00, 0x00, 0x01, 0x11, 0x11, 0x10, 0x00, 0x00, 0x01, 0x11, 0x11, 0x10, 0x00, 0x00, 0x00, 0x00, 0x00, 0x00, 0x00, 0x00, 0x00, 0x00, 0x00,
    0x00, 0x00, 0x00, 0x00, 0x00, 0x00, 0x00, 0x00, 0x00, 0x00, 0x00, 0x00, 0x00, 0x00, 0x00, 0x00, 0x00, 0x00, 0x00, 0x00, 0x00, 0x00, 0x00, 0x00,
    0x00, 0x00, 0x00, 0x00, 0x00, 0x11, 0x11, 0x11, 0x11, 0x11, 0x11, 0x00, 0x00, 0x00, 0x00, 0x00, 0x00, 0x00, 0x00, 0x00, 0x11, 0x22, 0x22, 0x22,
    0x22, 0x22, 0x22, 0x11, 0x00, 0x00, 0x00, 0x00, 0x10, 0x00, 0x00, 0x01, 0x22, 0x24, 0x42, 0x22, 0x22, 0x24, 0x42, 0x22, 0x10, 0x00, 0x00, 0x01,
    0x11, 0x00, 0x00, 0x12, 0x24, 0x42, 0x22, 0x22, 0x22, 0x22, 0x24, 0x42, 0x21, 0x00, 0x00, 0x11, 0x13, 0x10, 0x01, 0x22, 0x42, 0x22, 0x22, 0x22,
    0x22, 0x22, 0x22, 0x24, 0x22, 0x10, 0x01, 0x31, 0x13, 0x31, 0x01, 0x22, 0x22, 0x22, 0x22, 0x22, 0x22, 0x22, 0x22, 0x22, 0x22, 0x10, 0x13, 0x31,
    0x01, 0x33, 0x12, 0x22, 0x22, 0x22, 0x22, 0x22, 0x22, 0x22, 0x22, 0x22, 0x22, 0x21, 0x33, 0x10, 0x01, 0x23, 0x32, 0x22, 0x22, 0x22, 0x22, 0x22,
    0x22, 0x22, 0x22, 0x22, 0x22, 0x23, 0x32, 0x10, 0x00, 0x12, 0x32, 0x22, 0x22, 0x22, 0x22, 0x22, 0x22, 0x22, 0x22, 0x22, 0x22, 0x23, 0x21, 0x00,
    0x00, 0x01, 0x12, 0x22, 0x11, 0x12, 0x22, 0x22, 0x22, 0x22, 0x21, 0x11, 0x22, 0x21, 0x10, 0x00, 0x00, 0x00, 0x01, 0x21, 0x22, 0x21, 0x22, 0x22,
    0x22, 0x22, 0x12, 0x22, 0x12, 0x10, 0x00, 0x00, 0x00, 0x00, 0x01, 0x22, 0x22, 0x22, 0x22, 0x22, 0x22, 0x22, 0x22, 0x22, 0x22, 0x10, 0x00, 0x00,
    0x00, 0x00, 0x01, 0x32, 0x21, 0x22, 0x22, 0x23, 0x32, 0x22, 0x22, 0x12, 0x23, 0x10, 0x00, 0x00, 0x00, 0x00, 0x00, 0x13, 0x22, 0x11, 0x11, 0x11,
    0x11, 0x11, 0x11, 0x22, 0x31, 0x00, 0x00, 0x00, 0x00, 0x00, 0x00, 0x01, 0x32, 0x16, 0x77, 0x77, 0x77, 0x77, 0x61, 0x23, 0x10, 0x00, 0x00, 0x00,
    0x00, 0x00, 0x00, 0x00, 0x11, 0x31, 0x11, 0x11, 0x11, 0x11, 0x13, 0x11, 0x00, 0x00, 0x00, 0x00, 0x00, 0x00, 0x00, 0x00, 0x00, 0x11, 0x11, 0x22,
    0x22, 0x11, 0x11, 0x00, 0x00, 0x00, 0x00, 0x00, 0x00, 0x00, 0x00, 0x00, 0x00, 0x00, 0x11, 0x22, 0x22, 0x11, 0x00, 0x00, 0x00, 0x00, 0x00, 0x00,
    0x00, 0x00, 0x00, 0x00, 0x11, 0x11, 0x88, 0x12, 0x21, 0x88, 0x11, 0x11, 0x00, 0x00, 0x00, 0x00, 0x00, 0x00, 0x00, 0x01, 0x88, 0x88, 0x88, 0x81,
    0x18, 0x88, 0x88, 0x88, 0x10, 0x00, 0x00, 0x00, 0x00, 0x00, 0x00, 0x12, 0x18, 0x11, 0x11, 0x11, 0x11, 0x11, 0x11, 0x81, 0x21, 0x00, 0x00, 0x00,
    0x00, 0x00, 0x00, 0x12, 0x18, 0x19, 0x99, 0x99, 0x99, 0x99, 0x91, 0x81, 0x21, 0x00, 0x00, 0x00, 0x00, 0x00, 0x01, 0x21, 0x11, 0x19, 0xA9, 0x99,
    0x99, 0xA9, 0x91, 0x11, 0x12, 0x10, 0x00, 0x00, 0x00, 0x00, 0x01, 0x21, 0x22, 0x19, 0x9A, 0x99, 0x9A, 0x9A, 0x91, 0x22, 0x12, 0x10, 0x00, 0x00,
    0x00, 0x00, 0x01, 0x21, 0x22, 0x19, 0x99, 0xA9, 0xA9, 0x99, 0x91, 0x22, 0x12, 0x10, 0x00, 0x00, 0x00, 0x00, 0x00, 0x11, 0x11, 0x19, 0x99, 0x99,
    0x99, 0x99, 0x91, 0x11, 0x11, 0x00, 0x00, 0x00, 0x00, 0x00, 0x00, 0x01, 0xBB, 0x11, 0x11, 0x11, 0x11, 0x11, 0x11, 0xBB, 0x10, 0x00, 0x00, 0x00,
    0x00, 0x00, 0x00, 0x00, 0x18, 0x88, 0x11, 0x11, 0x11, 0x11, 0x88, 0x81, 0x00, 0x00, 0x00, 0x00, 0x00, 0x00, 0x00, 0x00, 0x13, 0x33, 0x10, 0x00,
    0x00, 0x01, 0x33, 0x31, 0x00, 0x00, 0x00, 0x00, 0x00, 0x00, 0x00, 0x01, 0x11, 0x11, 0x10, 0x00, 0x00, 0x01, 0x11, 0x11, 0x10, 0x00, 0x00, 0x00,
    0x00, 0x00, 0x00, 0x00, 0x00, 0x00, 0x00, 0x00, 0x00, 0x00, 0x00, 0x00, 0x00, 0x00, 0x00, 0x00, 0x00, 0x00, 0x00, 0x00, 0x00, 0x00, 0x00, 0x00,
    0x00, 0x00, 0x00, 0x00, 0x00, 0x00, 0x00, 0x00, 0x00, 0x00, 0x00, 0x00, 0x00, 0x11, 0x11, 0x11, 0x11, 0x11, 0x11, 0x00, 0x00, 0x00, 0x00, 0x00,
    0x00, 0x00, 0x00, 0x00, 0x11, 0x22, 0x22, 0x22, 0x22, 0x22, 0x22, 0x11, 0x00, 0x00, 0x00, 0x00, 0x10, 0x00, 0x00, 0x01, 0x22, 0x24, 0x42, 0x22,
    0x22, 0x24, 0x42, 0x22, 0x10, 0x00, 0x00, 0x01, 0x11, 0x00, 0x00, 0x12, 0x24, 0x42, 0x22, 0x22, 0x22, 0x22, 0x24, 0x42, 0x21, 0x00, 0x00, 0x11,
    0x13, 0x10, 0x01, 0x22, 0x42, 0x22, 0x22, 0x22, 0x22, 0x22, 0x22, 0x24, 0x22, 0x10, 0x01, 0x31, 0x13, 0x31, 0x01, 0x22, 0x22, 0x22, 0x22, 0x22,
    0x22, 0x22, 0x22, 0x22, 0x22, 0x10, 0x13, 0x31, 0x01, 0x33, 0x12, 0x22, 0x22, 0x22, 0x22, 0x22, 0x22, 0x22, 0x22, 0x22, 0x22, 0x21, 0x33, 0x10,
    0x01, 0x23, 0x32, 0x22, 0x22, 0x22, 0x22, 0x22, 0x22, 0x22, 0x22, 0x22, 0x22, 0x23, 0x32, 0x10, 0x00, 0x12, 0x32, 0x22, 0x11, 0x11, 0x22, 0x22,
    0x22, 0x22, 0x11, 0x11, 0x22, 0x23, 0x21, 0x00, 0x00, 0x01, 0x12, 0x21, 0x55, 0x51, 0x22, 0x22, 0x22, 0x22, 0x15, 0x55, 0x12, 0x21, 0x10, 0x00,
    0x00, 0x00, 0x01, 0x21, 0x56, 0x51, 0x22, 0x22, 0x22, 0x22, 0x15, 0x65, 0x12, 0x10, 0x00, 0x00, 0x00, 0x00, 0x01, 0x22, 0x11, 0x12, 0x22, 0x22,
    0x22, 0x22, 0x21, 0x11, 0x22, 0x10, 0x00, 0x00, 0x00, 0x00, 0x01, 0x32, 0x22, 0x22, 0x22, 0x23, 0x32, 0x22, 0x22, 0x22, 0x23, 0x10, 0x00, 0x00,
    0x00, 0x00, 0x00, 0x13, 0x22, 0x21, 0x21, 0x21, 0x12, 0x12, 0x12, 0x22, 0x31, 0x00, 0x00, 0x00, 0x00, 0x00, 0x00, 0x01, 0x32, 0x12, 0x12, 0x12,
    0x21, 0x21, 0x21, 0x23, 0x10, 0x00, 0x00, 0x00, 0x00, 0x00, 0x00, 0x00, 0x11, 0x32, 0x22, 0x22, 0x22, 0x22, 0x23, 0x11, 0x00, 0x00, 0x00, 0x00,
    0x00, 0x00, 0x00, 0x00, 0x00, 0x11, 0x11, 0x22, 0x22, 0x11, 0x11, 0x00, 0x00, 0x00, 0x00, 0x00, 0x00, 0x00, 0x00, 0x00, 0x00, 0x00, 0x11, 0x22,
    0x22, 0x11, 0x00, 0x00, 0x00, 0x00, 0x00, 0x00, 0x00, 0x00, 0x00, 0x00, 0x11, 0x11, 0x88, 0x12, 0x21, 0x88, 0x11, 0x11, 0x00, 0x00, 0x00, 0x00,
    0x00, 0x00, 0x00, 0x01, 0x88, 0x88, 0x88, 0x81, 0x18, 0x88, 0x88, 0x88, 0x10, 0x00, 0x00, 0x00, 0x00, 0x00, 0x00, 0x12, 0x18, 0x11, 0x11, 0x11,
    0x11, 0x11, 0x11, 0x81, 0x21, 0x00, 0x00, 0x00, 0x00, 0x00, 0x00, 0x12, 0x18, 0x19, 0x99, 0x99, 0x99, 0x99, 0x91, 0x81, 0x21, 0x00, 0x00, 0x00,
    0x00, 0x00, 0x01, 0x21, 0x11, 0x19, 0xA9, 0x99, 0x99, 0xA9, 0x91, 0x11, 0x12, 0x10, 0x00, 0x00, 0x00, 0x00, 0x01, 0x21, 0x22, 0x19, 0x9A, 0x99,
    0x9A, 0x9A, 0x91, 0x22, 0x12, 0x10, 0x00, 0x00, 0x00, 0x00, 0x01, 0x21, 0x22, 0x19, 0x99, 0xA9, 0xA9, 0x99, 0x91, 0x22, 0x12, 0x10, 0x00, 0x00,
    0x00, 0x00, 0x00, 0x11, 0x11, 0x19, 0x99, 0x99, 0x99, 0x99, 0x91, 0x11, 0x11, 0x00, 0x00, 0x00, 0x00, 0x00, 0x00, 0x01, 0xBB, 0x11, 0x11, 0x11,
    0x11, 0x11, 0x11, 0xBB, 0x10, 0x00, 0x00, 0x00, 0x00, 0x00, 0x00, 0x00, 0x18, 0x88, 0x11, 0x11, 0x11, 0x11, 0x88, 0x81, 0x00, 0x00, 0x00, 0x00,
    0x00, 0x00, 0x00, 0x00, 0x13, 0x33, 0x10, 0x00, 0x00, 0x01, 0x33, 0x31, 0x00, 0x00, 0x00, 0x00, 0x00, 0x00, 0x00, 0x01, 0x11, 0x11, 0x10, 0x00,
    0x00, 0x01, 0x11, 0x11, 0x10, 0x00, 0x00, 0x00, 0x00, 0x00, 0x00, 0x00, 0x00, 0x00, 0x00, 0x00, 0x00, 0x00, 0x00, 0x00, 0x00, 0x00, 0x00, 0x00,
    0x00, 0x00, 0x00, 0x00, 0x00, 0x00, 0x00, 0x00, 0x00, 0x00, 0x00, 0x00, 0x00, 0x00, 0x00, 0x00, 0x00, 0x00, 0x00, 0x00, 0x00, 0x11, 0x11, 0x11,
    0x11, 0x11, 0x11, 0x00, 0x00, 0x00, 0x00, 0x00, 0x00, 0x00, 0x00, 0x00, 0x11, 0x22, 0x22, 0x22, 0x22, 0x22, 0x22, 0x11, 0x00, 0x00, 0x00, 0x00,
    0x10, 0x00, 0x00, 0x01, 0x22, 0x24, 0x42, 0x22, 0x22, 0x24, 0x42, 0x22, 0x10, 0x00, 0x00, 0x01, 0x11, 0x00, 0x00, 0x12, 0x24, 0x42, 0x22, 0x22,
    0x22, 0x22, 0x24, 0x42, 0x21, 0x00, 0x00, 0x11, 0x13, 0x10, 0x01, 0x22, 0x42, 0x22, 0x22, 0x22, 0x22, 0x22, 0x22, 0x24, 0x22, 0x10, 0x01, 0x31,
    0x13, 0x31, 0x01, 0x22, 0x22, 0x22, 0x22, 0x22, 0x22, 0x22, 0x22, 0x22, 0x22, 0x10, 0x13, 0x31, 0x01, 0x33, 0x12, 0x22, 0x22, 0x22, 0x22, 0x22,
    0x22, 0x22, 0x22, 0x22, 0x22, 0x21, 0x33, 0x10, 0x01, 0x23, 0x32, 0x21, 0x12, 0x22, 0x22, 0x22, 0x22, 0x22, 0x22, 0x21, 0x12, 0x23, 0x32, 0x10,
    0x00, 0x12, 0x32, 0x16, 0x66, 0x12, 0x22, 0x22, 0x22, 0x22, 0x21, 0x66, 0x61, 0x23, 0x21, 0x00, 0x00, 0x01, 0x12, 0x16, 0x56, 0x12, 0x22, 0x22,
    0x22, 0x22, 0x21, 0x65, 0x61, 0x21, 0x10, 0x00, 0x00, 0x00, 0x01, 0x16, 0x66, 0x12, 0x22, 0x22, 0x22, 0x22, 0x21, 0x66, 0x61, 0x10, 0x00, 0x00,
    0x00, 0x00, 0x01, 0x21, 0x11, 0x22, 0x22, 0x22, 0x22, 0x22, 0x22, 0x11, 0x12, 0x10, 0x00, 0x00, 0x00, 0x00, 0x01, 0x32, 0x22, 0x22, 0x22, 0x23,
    0x32, 0x22, 0x22, 0x22, 0x23, 0x10, 0x00, 0x00, 0x00, 0x00, 0x00, 0x13, 0x22, 0x22, 0x11, 0x11, 0x11, 0x11, 0x22, 0x22, 0x31, 0x00, 0x00, 0x00,
    0x00, 0x00, 0x00, 0x01, 0x32, 0x21, 0x77, 0x77, 0x77, 0x77, 0x12, 0x23, 0x10, 0x00, 0x00, 0x00, 0x00, 0x00, 0x00, 0x00, 0x11, 0x32, 0x11, 0x11,
    0x11, 0x11, 0x23, 0x11, 0x00, 0x00, 0x00, 0x00, 0x00, 0x00, 0x00, 0x00, 0x00, 0x11, 0x11, 0x22, 0x22, 0x11, 0x11, 0x00, 0x00, 0x00, 0x00, 0x00,
    0x00, 0x00, 0x00, 0x00, 0x00, 0x00, 0x11, 0x22, 0x22, 0x11, 0x00, 0x00, 0x00, 0x00, 0x00, 0x00, 0x00, 0x00, 0x00, 0x00, 0x11, 0x11, 0x88, 0x12,
    0x21, 0x88, 0x11, 0x11, 0x00, 0x00, 0x00, 0x00, 0x00, 0x00, 0x00, 0x01, 0x88, 0x88, 0x88, 0x81, 0x18, 0x88, 0x88, 0x88, 0x10, 0x00, 0x00, 0x00,
    0x00, 0x00, 0x00, 0x12, 0x18, 0x11, 0x11, 0x11, 0x11, 0x11, 0x11, 0x81, 0x21, 0x00, 0x00, 0x00, 0x00, 0x00, 0x00, 0x12, 0x18, 0x19, 0x99, 0x99,
    0x99, 0x99, 0x91, 0x81, 0x21, 0x00, 0x00, 0x00, 0x00, 0x00, 0x01, 0x21, 0x11, 0x19, 0xA9, 0x99, 0x99, 0xA9, 0x91, 0x11, 0x12, 0x10, 0x00, 0x00,
    0x00, 0x00, 0x01, 0x21, 0x22, 0x19, 0x9A, 0x99, 0x9A, 0x9A, 0x91, 0x22, 0x12, 0x10, 0x00, 0x00, 0x00, 0x00, 0x01, 0x21, 0x22, 0x19, 0x99, 0xA9,
    0xA9, 0x99, 0x91, 0x22, 0x12, 0x10, 0x00, 0x00, 0x00, 0x00, 0x00, 0x11, 0x11, 0x19, 0x99, 0x99, 0x99, 0x99, 0x91, 0x11, 0x11, 0x00, 0x00, 0x00,
    0x00, 0x00, 0x00, 0x01, 0xBB, 0x11, 0x11, 0x11, 0x11, 0x11, 0x11, 0xBB, 0x10, 0x00, 0x00, 0x00, 0x00, 0x00, 0x00, 0x00, 0x18, 0x88, 0x11, 0x11,
    0x11, 0x11, 0x88, 0x81, 0x00, 0x00, 0x00, 0x00, 0x00, 0x00, 0x00, 0x00, 0x13, 0x33, 0x10, 0x00, 0x00, 0x01, 0x33, 0x31, 0x00, 0x00, 0x00, 0x00,
    0x00, 0x00, 0x00, 0x01, 0x11, 0x11, 0x10, 0x00, 0x00, 0x01, 0x11, 0x11, 0x10, 0x00, 0x00, 0x00, 0x00, 0x00, 0x00, 0x00, 0x00, 0x00, 0x00, 0x00,
    0x00, 0x00, 0x00, 0x00, 0x00, 0x00, 0x00, 0x00, 0x00, 0x00, 0x00, 0x00, 0x00, 0x00, 0x00, 0x00, 0x00, 0x00, 0x00, 0x00, 0x00, 0x00, 0x00, 0x00,
    0x00, 0x00, 0x00, 0x00, 0x00, 0x11, 0x11, 0x11, 0x11, 0x11, 0x11, 0x00, 0x00, 0x00, 0x00, 0x00, 0x00, 0x00, 0x00, 0x00, 0x11, 0x22, 0x22, 0x22,
    0x22, 0x22, 0x22, 0x11, 0x00, 0x00, 0x00, 0x00, 0x10, 0x00, 0x00, 0x01, 0x22, 0x24, 0x42, 0x22, 0x22, 0x24, 0x42, 0x22, 0x10, 0x00, 0x00, 0x01,
    0x11, 0x00, 0x00, 0x12, 0x24, 0x42, 0x22, 0x22, 0x22, 0x22, 0x24, 0x42, 0x21, 0x00, 0x00, 0x11, 0x13, 0x10, 0x01, 0x22, 0x42, 0x22, 0x22, 0x22,
    0x22, 0x22, 0x22, 0x24, 0x22, 0x10, 0x01, 0x31, 0x13, 0x31, 0x01, 0x22, 0x22, 0x22, 0x22, 0x22, 0x22, 0x22, 0x22, 0x22, 0x22, 0x10, 0x13, 0x31,
    0x01, 0x33, 0x12, 0x22, 0x22, 0x22, 0x22, 0x22, 0x22, 0x22, 0x22, 0x22, 0x22, 0x21, 0x33, 0x10, 0x01, 0x23, 0x32, 0x22, 0x22, 0x22, 0x22, 0x22,
    0x22, 0x22, 0x22, 0x22, 0x22, 0x23, 0x32, 0x10, 0x00, 0x12, 0x32, 0x22, 0x22, 0x22, 0x22, 0x22, 0x22, 0x22, 0x22, 0x22, 0x22, 0x23, 0x21, 0x00,
    0x00, 0x01, 0x12, 0x22, 0x22, 0x22, 0x22, 0x22, 0x22, 0x22, 0x22, 0x22, 0x22, 0x21, 0x10, 0x00, 0x00, 0x00, 0x01, 0x21, 0x11, 0x11, 0x22, 0x22,
    0x22, 0x22, 0x11, 0x11, 0x12, 0x10, 0x00, 0x00, 0x00, 0x00, 0x01, 0x22, 0x11, 0x22, 0x22, 0x22, 0x22, 0x22, 0x22, 0x11, 0x22, 0x10, 0x00, 0x00,
    0x00, 0x00, 0x01, 0x32, 0x22, 0x22, 0x22, 0x23, 0x32, 0x22, 0x22, 0x22, 0x23, 0x10, 0x00, 0x00, 0x00, 0x00, 0x00, 0x13, 0x22, 0x22, 0x22, 0x22,
    0x22, 0x22, 0x22, 0x22, 0x31, 0x00, 0x00, 0x00, 0x00, 0x00, 0x00, 0x01, 0x32, 0x22, 0x21, 0x11, 0x11, 0x12, 0x22, 0x23, 0x10, 0x00, 0x00, 0x00,
    0x00, 0x00, 0x00, 0x00, 0x11, 0x32, 0x22, 0x22, 0x22, 0x22, 0x23, 0x11, 0x00, 0x00, 0x00, 0x00, 0x00, 0x00, 0x00, 0x00, 0x00, 0x11, 0x11, 0x22,
    0x22, 0x11, 0x11, 0x00, 0x00, 0x00, 0x00, 0x00, 0x00, 0x00, 0x00, 0x00, 0x00, 0x00, 0x11, 0x22, 0x22, 0x11, 0x00, 0x00, 0x00, 0x00, 0x00, 0x00,
    0x00, 0x00, 0x00, 0x00, 0x11, 0x11, 0x88, 0x12, 0x21, 0x88, 0x11, 0x11, 0x00, 0x00, 0x00, 0x00, 0x00, 0x00, 0x00, 0x01, 0x88, 0x88, 0x88, 0x81,
    0x18, 0x88, 0x88, 0x88, 0x10, 0x00, 0x00, 0x00, 0x00, 0x00, 0x00, 0x12, 0x18, 0x11, 0x11, 0x11, 0x11, 0x11, 0x11, 0x81, 0x21, 0x00, 0x00, 0x00,
    0x00, 0x00, 0x00, 0x12, 0x18, 0x19, 0x99, 0x99, 0x99, 0x99, 0x91, 0x81, 0x21, 0x00, 0x00, 0x00, 0x00, 0x00, 0x01, 0x21, 0x11, 0x19, 0xA9, 0x99,
    0x99, 0xA9, 0x91, 0x11, 0x12, 0x10, 0x00, 0x00, 0x00, 0x00, 0x01, 0x21, 0x22, 0x19, 0x9A, 0x99, 0x9A, 0x9A, 0x91, 0x22, 0x12, 0x10, 0x00, 0x00,
    0x00, 0x00, 0x01, 0x21, 0x22, 0x19, 0x99, 0xA9, 0xA9, 0x99, 0x91, 0x22, 0x12, 0x10, 0x00, 0x00, 0x00, 0x00, 0x00, 0x11, 0x11, 0x19, 0x99, 0x99,
    0x99, 0x99, 0x91, 0x11, 0x11, 0x00, 0x00, 0x00, 0x00, 0x00, 0x00, 0x01, 0xBB, 0x11, 0x11, 0x11, 0x11, 0x11, 0x11, 0xBB, 0x10, 0x00, 0x00, 0x00,
    0x00, 0x00, 0x00, 0x00, 0x18, 0x88, 0x11, 0x11, 0x11, 0x11, 0x88, 0x81, 0x00, 0x00, 0x00, 0x00, 0x00, 0x00, 0x00, 0x00, 0x13, 0x33, 0x10, 0x00,
    0x00, 0x01, 0x33, 0x31, 0x00, 0x00, 0x00, 0x00, 0x00, 0x00, 0x00, 0x01, 0x11, 0x11, 0x10, 0x00, 0x00, 0x01, 0x11, 0x11, 0x10, 0x00, 0x00, 0x00,
    0x00, 0x00, 0x00, 0x00, 0x00, 0x00, 0x00, 0x00, 0x00, 0x00, 0x00, 0x00, 0x00, 0x00, 0x00, 0x00, 0x00, 0x00, 0x00, 0x00, 0x00, 0x00, 0x00, 0x00,
    0x00, 0x00, 0x00, 0x00, 0x00, 0x00, 0x00, 0x00, 0x00, 0x00, 0x00, 0x00, 0x00, 0x11, 0x11, 0x11, 0x11, 0x11, 0x11, 0x00, 0x00, 0x00, 0x00, 0x00,
    0x00, 0x00, 0x00, 0x00, 0x11, 0x22, 0x22, 0x22, 0x22, 0x22, 0x22, 0x11, 0x00, 0x00, 0x00, 0x00, 0x10, 0x00, 0x00, 0x01, 0x22, 0x24, 0x42, 0x22,
    0x22, 0x24, 0x42, 0x22, 0x10, 0x00, 0x00, 0x01, 0x11, 0x00, 0x00, 0x12, 0x24, 0x42, 0x22, 0x22, 0x22, 0x22, 0x24, 0x42, 0x21, 0x00, 0x00, 0x11,
    0x13, 0x10, 0x01, 0x22, 0x42, 0x22, 0x22, 0x22, 0x22, 0x22, 0x22, 0x24, 0x22, 0x10, 0x01, 0x31, 0x13, 0x31, 0x01, 0x22, 0x22, 0x22, 0x22, 0x22,
    0x22, 0x22, 0x22, 0x22, 0x22, 0x10, 0x13, 0x31, 0x01, 0x33, 0x12, 0x22, 0x22, 0x22, 0x22, 0x22, 0x22, 0x22, 0x22, 0x22, 0x22, 0x21, 0x33, 0x10,
    0x01, 0x23, 0x32, 0x22, 0x22, 0x22, 0x22, 0x22, 0x22, 0x22, 0x22, 0x22, 0x22, 0x23, 0x32, 0x10, 0x00, 0x12, 0x32, 0x21, 0x66, 0x12, 0x22, 0x22,
    0x22, 0x22, 0x21, 0x66, 0x12, 0x23, 0x21, 0x00, 0x00, 0x01, 0x12, 0x16, 0x66, 0x61, 0x22, 0x22, 0x22, 0x22, 0x16, 0x66, 0x61, 0x21, 0x10, 0x00,
    0x00, 0x00, 0x01, 0x16, 0x55, 0x61, 0x22, 0x22, 0x22, 0x22, 0x16, 0x55, 0x61, 0x10, 0x00, 0x00, 0x00, 0x00, 0x01, 0x21, 0x66, 0x12, 0x22, 0x22,
    0x22, 0x22, 0x21, 0x66, 0x12, 0x10, 0x00, 0x00, 0x00, 0x00, 0x01, 0x32, 0x22, 0x22, 0x22, 0x23, 0x32, 0x22, 0x22, 0x22, 0x23, 0x10, 0x00, 0x00,
    0x00, 0x00, 0x00, 0x13, 0x22, 0x22, 0x22, 0x11, 0x11, 0x22, 0x22, 0x22, 0x31, 0x00, 0x00, 0x00, 0x00, 0x00, 0x00, 0x01, 0x32, 0x22, 0x21, 0x77,
    0x77, 0x12, 0x22, 0x23, 0x10, 0x00, 0x00, 0x00, 0x00, 0x00, 0x00, 0x00, 0x11, 0x32, 0x22, 0x11, 0x11, 0x22, 0x23, 0x11, 0x00, 0x00, 0x00, 0x00,
    0x00, 0x00, 0x00, 0x00, 0x00, 0x11, 0x11, 0x22, 0x22, 0x11, 0x11, 0x00, 0x00, 0x00, 0x00, 0x00, 0x00, 0x00, 0x00, 0x00, 0x00, 0x00, 0x11, 0x22,
    0x22, 0x11, 0x00, 0x00, 0x00, 0x00, 0x00, 0x00, 0x00, 0x00, 0x00, 0x00, 0x11, 0x11, 0x88, 0x12, 0x21, 0x88, 0x11, 0x11, 0x00, 0x00, 0x00, 0x00,
    0x00, 0x00, 0x00, 0x01, 0x88, 0x88, 0x88, 0x81, 0x18, 0x88, 0x88, 0x88, 0x10, 0x00, 0x00, 0x00, 0x00, 0x00, 0x00, 0x12, 0x18, 0x11, 0x11, 0x11,
    0x11, 0x11, 0x11, 0x81, 0x21, 0x00, 0x00, 0x00, 0x00, 0x00, 0x00, 0x12, 0x18, 0x19, 0x99, 0x99, 0x99, 0x99, 0x91, 0x81, 0x21, 0x00, 0x00, 0x00,
    0x00, 0x00, 0x01, 0x21, 0x11, 0x19, 0xA9, 0x99, 0x99, 0xA9, 0x91, 0x11, 0x12, 0x10, 0x00, 0x00, 0x00, 0x00, 0x01, 0x21, 0x22, 0x19, 0x9A, 0x99,
    0x9A, 0x9A, 0x91, 0x22, 0x12, 0x10, 0x00, 0x00, 0x00, 0x00, 0x01, 0x21, 0x22, 0x19, 0x99, 0xA9, 0xA9, 0x99, 0x91, 0x22, 0x12, 0x10, 0x00, 0x00,
    0x00, 0x00, 0x00, 0x11, 0x11, 0x19, 0x99, 0x99, 0x99, 0x99, 0x91, 0x11, 0x11, 0x00, 0x00, 0x00, 0x00, 0x00, 0x00, 0x01, 0xBB, 0x11, 0x11, 0x11,
    0x11, 0x11, 0x11, 0xBB, 0x10, 0x00, 0x00, 0x00, 0x00, 0x00, 0x00, 0x00, 0x18, 0x88, 0x11, 0x11, 0x11, 0x11, 0x88, 0x81, 0x00, 0x00, 0x00, 0x00,
    0x00, 0x00, 0x00, 0x00, 0x13, 0x33, 0x10, 0x00, 0x00, 0x01, 0x33, 0x31, 0x00, 0x00, 0x00, 0x00, 0x00, 0x00, 0x00, 0x01, 0x11, 0x11, 0x10, 0x00,
    0x00, 0x01, 0x11, 0x11, 0x10, 0x00, 0x00, 0x00, 0x00, 0x00, 0x00, 0x00, 0x00, 0x00, 0x00, 0x00, 0x00, 0x00, 0x00, 0x00, 0x00, 0x00, 0x00, 0x00,
    0x00, 0x00, 0x00, 0x00, 0x00, 0x00, 0x00, 0x00, 0x00, 0x00, 0x00, 0x00, 0x00, 0x00, 0x00, 0x00, 0x00, 0x00, 0x00, 0x00, 0x00, 0x11, 0x11, 0x11,
    0x11, 0x11, 0x11, 0x00, 0x00, 0x00, 0x00, 0x00, 0x00, 0x00, 0x00, 0x00, 0x11, 0x22, 0x22, 0x22, 0x22, 0x22, 0x22, 0x11, 0x00, 0x00, 0x00, 0x00,
    0x10, 0x00, 0x00, 0x01, 0x22, 0x24, 0x42, 0x22, 0x22, 0x24, 0x42, 0x22, 0x10, 0x00, 0x00, 0x01, 0x11, 0x00, 0x00, 0x12, 0x24, 0x42, 0x22, 0x22,
    0x22, 0x22, 0x24, 0x42, 0x21, 0x00, 0x00, 0x11, 0x13, 0x10, 0x01, 0x22, 0x42, 0x22, 0x22, 0x22, 0x22, 0x22, 0x22, 0x24, 0x22, 0x10, 0x01, 0x31,
    0x13, 0x31, 0x01, 0x22, 0x22, 0x22, 0x22, 0x22, 0x22, 0x22, 0x22, 0x22, 0x22, 0x10, 0x13, 0x31, 0x01, 0x33, 0x12, 0x22, 0x22, 0x22, 0x22, 0x22,
    0x22, 0x22, 0x22, 0x22, 0x22, 0x21, 0x33, 0x10, 0x01, 0x23, 0x32, 0x22, 0x22, 0x22, 0x22, 0x22, 0x22, 0x22, 0x22, 0x22, 0x22, 0x23, 0x32, 0x10,
    0x00, 0x12, 0x32, 0x22, 0x12, 0x22, 0x22, 0x22, 0x22, 0x22, 0x22, 0x21, 0x22, 0x23, 0x21, 0x00, 0x00, 0x01, 0x12, 0x21, 0x55, 0x51, 0x22, 0x22,
    0x22, 0x22, 0x15, 0x55, 0x12, 0x21, 0x10, 0x00, 0x00, 0x00, 0x01, 0x21, 0x56, 0x51, 0x22, 0x22, 0x22, 0x22, 0x15, 0x65, 0x12, 0x10, 0x00, 0x00,
    0x00, 0x00, 0x01, 0x22, 0x11, 0x12, 0x22, 0x22, 0x22, 0x22, 0x21, 0x11, 0x22, 0x10, 0x00, 0x00, 0x00, 0x00, 0x01, 0x32, 0x22, 0x22, 0x22, 0x23,
    0x32, 0x22, 0x22, 0x22, 0x23, 0x10, 0x00, 0x00, 0x00, 0x00, 0x00, 0x13, 0x22, 0x21, 0x11, 0x11, 0x11, 0x11, 0x12, 0x22, 0x31, 0x00, 0x00, 0x00,
    0x00, 0x00, 0x00, 0x01, 0x32, 0x21, 0x77, 0x77, 0x77, 0x77, 0x12, 0x23, 0x10, 0x00, 0x00, 0x00, 0x00, 0x00, 0x00, 0x00, 0x11, 0x32, 0x1C, 0xCC,
    0xCC, 0xC1, 0x23, 0x11, 0x00, 0x00, 0x00, 0x00, 0x00, 0x00, 0x00, 0x00, 0x00, 0x11, 0x11, 0x22, 0x22, 0x11, 0x11, 0x00, 0x00, 0x00, 0x00, 0x00,
    0x00, 0x00, 0x00, 0x00, 0x00, 0x00, 0x11, 0x22, 0x22, 0x11, 0x00, 0x00, 0x00, 0x00, 0x00, 0x00, 0x00, 0x00, 0x00, 0x00, 0x11, 0x11, 0x88, 0x12,
    0x21, 0x88, 0x11, 0x11, 0x00, 0x00, 0x00, 0x00, 0x00, 0x00, 0x00, 0x01, 0x88, 0x88, 0x88, 0x81, 0x18, 0x88, 0x88, 0x88, 0x10, 0x00, 0x00, 0x00,
    0x00, 0x00, 0x00, 0x12, 0x18, 0x11, 0x11, 0x11, 0x11, 0x11, 0x11, 0x81, 0x21, 0x00, 0x00, 0x00, 0x00, 0x00, 0x00, 0x12, 0x18, 0x19, 0x99, 0x99,
    0x99, 0x99, 0x91, 0x81, 0x21, 0x00, 0x00, 0x00, 0x00, 0x00, 0x01, 0x21, 0x11, 0x19, 0xA9, 0x99, 0x99, 0xA9, 0x91, 0x11, 0x12, 0x10, 0x00, 0x00,
    0x00, 0x00, 0x01, 0x21, 0x22, 0x19, 0x9A, 0x99, 0x9A, 0x9A, 0x91, 0x22, 0x12, 0x10, 0x00, 0x00, 0x00, 0x00, 0x01, 0x21, 0x22, 0x19, 0x99, 0xA9,
    0xA9, 0x99, 0x91, 0x22, 0x12, 0x10, 0x00, 0x00, 0x00, 0x00, 0x00, 0x11, 0x11, 0x19, 0x99, 0x99, 0x99, 0x99, 0x91, 0x11, 0x11, 0x00, 0x00, 0x00,
    0x00, 0x00, 0x00, 0x01, 0xBB, 0x11, 0x11, 0x11, 0x11, 0x11, 0x11, 0xBB, 0x10, 0x00, 0x00, 0x00, 0x00, 0x00, 0x00, 0x00, 0x18, 0x88, 0x11, 0x11,
    0x11, 0x11, 0x88, 0x81, 0x00, 0x00, 0x00, 0x00, 0x00, 0x00, 0x00, 0x00, 0x13, 0x33, 0x10, 0x00, 0x00, 0x01, 0x33, 0x31, 0x00, 0x00, 0x00, 0x00,
    0x00, 0x00, 0x00, 0x01, 0x11, 0x11, 0x10, 0x00, 0x00, 0x01, 0x11, 0x11, 0x10, 0x00, 0x00, 0x00, 0x00, 0x00, 0x00, 0x00, 0x00, 0x00, 0x00, 0x00,
    0x00, 0x00, 0x00, 0x00, 0x00, 0x00, 0x00, 0x00, 0x00, 0x00, 0x00, 0x00, 0x00, 0x00, 0x00, 0x00, 0x00, 0x00, 0x00, 0x00, 0x00, 0x00, 0x00, 0x00,
    0x00, 0x00, 0x00, 0x00, 0x00, 0x11, 0x11, 0x11, 0x11, 0x11, 0x11, 0x00, 0x00, 0x00, 0x00, 0x00, 0x00, 0x00, 0x00, 0x00, 0x11, 0x22, 0x22, 0x22,
    0x22, 0x22, 0x22, 0x11, 0x00, 0x00, 0x00, 0x00, 0x10, 0x00, 0x00, 0x01, 0x22, 0x24, 0x42, 0x22, 0x22, 0x24, 0x42, 0x22, 0x10, 0x00, 0x00, 0x01,
    0x11, 0x00, 0x00, 0x12, 0x24, 0x42, 0x22, 0x22, 0x22, 0x22, 0x24, 0x42, 0x21, 0x00, 0x00, 0x11, 0x13, 0x10, 0x01, 0x22, 0x42, 0x22, 0x22, 0x22,
    0x22, 0x22, 0x22, 0x24, 0x22, 0x10, 0x01, 0x31, 0x13, 0x31, 0x01, 0x22, 0x22, 0x22, 0x22, 0x22, 0x22, 0x22, 0x22, 0x22, 0x22, 0x10, 0x13, 0x31,
    0x01, 0x33, 0x12, 0x22, 0x22, 0x22, 0x22, 0x22, 0x22, 0x22, 0x22, 0x22, 0x22, 0x21, 0x33, 0x10, 0x01, 0x23, 0x32, 0x22, 0x22, 0x22, 0x22, 0x22,
    0x22, 0x22, 0x22, 0x22, 0x22, 0x23, 0x32, 0x10, 0x00, 0x12, 0x32, 0x22, 0x22, 0x22, 0x22, 0x22, 0x22, 0x22, 0x22, 0x22, 0x22, 0x23, 0x21, 0x00,
    0x00, 0x01, 0x12, 0x22, 0x11, 0x12, 0x22, 0x22, 0x22, 0x22, 0x21, 0x11, 0x22, 0x21, 0x10, 0x00, 0x00, 0x00, 0x01, 0x21, 0x22, 0x21, 0x22, 0x22,
    0x22, 0x22, 0x12, 0x22, 0x12, 0x10, 0x00, 0x00, 0x00, 0x00, 0x01, 0x22, 0x22, 0x22, 0x22, 0x22, 0x22, 0x22, 0x22, 0x22, 0x22, 0x10, 0x00, 0x00,
    0x00, 0x00, 0x01, 0x32, 0x22, 0x22, 0x22, 0x23, 0x32, 0x22, 0x22, 0x22, 0x23, 0x10, 0x00, 0x00, 0x00, 0x00, 0x00, 0x13, 0x21, 0x11, 0x11, 0x11,
    0x11, 0x11, 0x11, 0x12, 0x31, 0x00, 0x00, 0x00, 0x00, 0x00, 0x00, 0x01, 0x31, 0x67, 0x77, 0x77, 0x77, 0x77, 0x76, 0x13, 0x10, 0x00, 0x00, 0x00,
    0x00, 0x00, 0x00, 0x00, 0x11, 0x17, 0x77, 0x77, 0x77, 0x77, 0x71, 0x11, 0x00, 0x00, 0x00, 0x00, 0x00, 0x00, 0x00, 0x00, 0x00, 0x11, 0x11, 0x22,
    0x22, 0x11, 0x11, 0x00, 0x00, 0x00, 0x00, 0x00, 0x00, 0x00, 0x00, 0x00, 0x00, 0x00, 0x11, 0x22, 0x22, 0x11, 0x00, 0x00, 0x00, 0x00, 0x00, 0x00,
    0x00, 0x00, 0x00, 0x00, 0x11, 0x11, 0x88, 0x12, 0x21, 0x88, 0x11, 0x11, 0x00, 0x00, 0x00, 0x00, 0x00, 0x00, 0x00, 0x01, 0x88, 0x88, 0x88, 0x81,
    0x18, 0x88, 0x88, 0x88, 0x10, 0x00, 0x00, 0x00, 0x00, 0x00, 0x00, 0x12, 0x18, 0x11, 0x11, 0x11, 0x11, 0x11, 0x11, 0x81, 0x21, 0x00, 0x00, 0x00,
    0x00, 0x00, 0x00, 0x12, 0x18, 0x19, 0x99, 0x99, 0x99, 0x99, 0x91, 0x81, 0x21, 0x00, 0x00, 0x00, 0x00, 0x00, 0x01, 0x21, 0x11, 0x19, 0xA9, 0x99,
    0x99, 0xA9, 0x91, 0x11, 0x12, 0x10, 0x00, 0x00, 0x00, 0x00, 0x01, 0x21, 0x22, 0x19, 0x9A, 0x99, 0x9A, 0x9A, 0x91, 0x22, 0x12, 0x10, 0x00, 0x00,
    0x00, 0x00, 0x01, 0x21, 0x22, 0x19, 0x99, 0xA9, 0xA9, 0x99, 0x91, 0x22, 0x12, 0x10, 0x00, 0x00, 0x00, 0x00, 0x00, 0x11, 0x11, 0x19, 0x99, 0x99,
    0x99, 0x99, 0x91, 0x11, 0x11, 0x00, 0x00, 0x00, 0x00, 0x00, 0x00, 0x01, 0xBB, 0x11, 0x11, 0x11, 0x11, 0x11, 0x11, 0xBB, 0x10, 0x00, 0x00, 0x00,
    0x00, 0x00, 0x00, 0x00, 0x18, 0x88, 0x11, 0x11, 0x11, 0x11, 0x88, 0x81, 0x00, 0x00, 0x00, 0x00, 0x00, 0x00, 0x00, 0x00, 0x13, 0x33, 0x10, 0x00,
    0x00, 0x01, 0x33, 0x31, 0x00, 0x00, 0x00, 0x00, 0x00, 0x00, 0x00, 0x01, 0x11, 0x11, 0x10, 0x00, 0x00, 0x01, 0x11, 0x11, 0x10, 0x00, 0x00, 0x00,
    0x00, 0x00, 0x00, 0x00, 0x00, 0x00, 0x00, 0x00, 0x00, 0x00, 0x00, 0x00, 0x00, 0x00, 0x00, 0x00, 0x00, 0x00, 0x00, 0x00, 0x00, 0x00, 0x00, 0x00,
    0x00, 0x00, 0x00, 0x00, 0x00, 0x00, 0x00, 0x00, 0x00, 0x00, 0x00, 0x00, 0x00, 0x11, 0x11, 0x11, 0x11, 0x11, 0x11, 0x00, 0x00, 0x00, 0x00, 0x00,
    0x00, 0x00, 0x00, 0x00, 0x11, 0x22, 0x22, 0x22, 0x22, 0x22, 0x22, 0x11, 0x00, 0x00, 0x00, 0x00, 0x10, 0x00, 0x00, 0x01, 0x22, 0x24, 0x42, 0x22,
    0x22, 0x24, 0x42, 0x22, 0x10, 0x00, 0x00, 0x01, 0x11, 0x00, 0x00, 0x12, 0x24, 0x42, 0x22, 0x22, 0x22, 0x22, 0x24, 0x42, 0x21, 0x00, 0x00, 0x11,
    0x13, 0x10, 0x01, 0x22, 0x42, 0x22, 0x22, 0x22, 0x22, 0x22, 0x22, 0x24, 0x22, 0x10, 0x01, 0x31, 0x13, 0x31, 0x01, 0x22, 0x22, 0x22, 0x22, 0x22,
    0x22, 0x22, 0x22, 0x22, 0x22, 0x10, 0x13, 0x31, 0x01, 0x33, 0x12, 0x22, 0x22, 0x22, 0x22, 0x22, 0x22, 0x22, 0x22, 0x22, 0x22, 0x21, 0x33, 0x10,
    0x01, 0x23, 0x32, 0x22, 0x22, 0x22, 0x22, 0x22, 0x22, 0x22, 0x22, 0x22, 0x22, 0x23, 0x32, 0x10, 0x00, 0x12, 0x32, 0x21, 0x11, 0x12, 0x22, 0x22,
    0x22, 0x22, 0x21, 0x11, 0x12, 0x23, 0x21, 0x00, 0x00, 0x01, 0x12, 0x21, 0x11, 0x11, 0x22, 0x22, 0x22, 0x22, 0x11, 0x11, 0x12, 0x21, 0x10, 0x00,
    0x00, 0x00, 0x01, 0x21, 0x56, 0x51, 0x22, 0x22, 0x22, 0x22, 0x15, 0x65, 0x12, 0x10, 0x00, 0x00, 0x00, 0x00, 0x01, 0x22, 0x11, 0x12, 0x22, 0x22,
    0x22, 0x22, 0x21, 0x11, 0x22, 0x10, 0x00, 0x00, 0x00, 0x00, 0x01, 0x32, 0x22, 0x22, 0x22, 0x23, 0x32, 0x22, 0x22, 0x22, 0x23, 0x10, 0x00, 0x00,
    0x00, 0x00, 0x00, 0x13, 0x22, 0x22, 0x22, 0x22, 0x22, 0x22, 0x22, 0x22, 0x31, 0x00, 0x00, 0x00, 0x00, 0x00, 0x00, 0x01, 0x32, 0x11, 0x11, 0x11,
    0x11, 0x11, 0x11, 0x23, 0x10, 0x00, 0x00, 0x00, 0x00, 0x00, 0x00, 0x00, 0x11, 0x32, 0x22, 0x22, 0x22, 0x22, 0x23, 0x11, 0x00, 0x00, 0x00, 0x00,
    0x00, 0x00, 0x00, 0x00, 0x00, 0x11, 0x11, 0x22, 0x22, 0x11, 0x11, 0x00, 0x00, 0x00, 0x00, 0x00, 0x00, 0x00, 0x00, 0x00, 0x00, 0x00, 0x11, 0x22,
    0x22, 0x11, 0x00, 0x00, 0x00, 0x00, 0x00, 0x00, 0x00, 0x00, 0x00, 0x00, 0x11, 0x11, 0x88, 0x12, 0x21, 0x88, 0x11, 0x11, 0x00, 0x00, 0x00, 0x00,
    0x00, 0x00, 0x00, 0x01, 0x88, 0x88, 0x88, 0x81, 0x18, 0x88, 0x88, 0x88, 0x10, 0x00, 0x00, 0x00, 0x00, 0x00, 0x00, 0x12, 0x18, 0x11, 0x11, 0x11,
    0x11, 0x11, 0x11, 0x81, 0x21, 0x00, 0x00, 0x00, 0x00, 0x00, 0x00, 0x12, 0x18, 0x19, 0x99, 0x99, 0x99, 0x99, 0x91, 0x81, 0x21, 0x00, 0x00, 0x00,
    0x00, 0x00, 0x01, 0x21, 0x11, 0x19, 0xA9, 0x99, 0x99, 0xA9, 0x91, 0x11, 0x12, 0x10, 0x00, 0x00, 0x00, 0x00, 0x01, 0x21, 0x22, 0x19, 0x9A, 0x99,
    0x9A, 0x9A, 0x91, 0x22, 0x12, 0x10, 0x00, 0x00, 0x00, 0x00, 0x01, 0x21, 0x22, 0x19, 0x99, 0xA9, 0xA9, 0x99, 0x91, 0x22, 0x12, 0x10, 0x00, 0x00,
    0x00, 0x00, 0x00, 0x11, 0x11, 0x19, 0x99, 0x99, 0x99, 0x99, 0x91, 0x11, 0x11, 0x00, 0x00, 0x00, 0x00, 0x00, 0x00, 0x01, 0xBB, 0x11, 0x11, 0x11,
    0x11, 0x11, 0x11, 0xBB, 0x10, 0x00, 0x00, 0x00, 0x00, 0x00, 0x00, 0x00, 0x18, 0x88, 0x11, 0x11, 0x11, 0x11, 0x88, 0x81, 0x00, 0x00, 0x00, 0x00,
    0x00, 0x00, 0x00, 0x00, 0x13, 0x33, 0x10, 0x00, 0x00, 0x01, 0x33, 0x31, 0x00, 0x00, 0x00, 0x00, 0x00, 0x00, 0x00, 0x01, 0x11, 0x11, 0x10, 0x00,
    0x00, 0x01, 0x11, 0x11, 0x10, 0x00, 0x00, 0x00, 0x00, 0x00, 0x00, 0x00, 0x00, 0x00, 0x00, 0x00, 0x00, 0x00, 0x00, 0x00, 0x00, 0x00, 0x00, 0x00,
    0x00, 0x00, 0x00, 0x00, 0x00, 0x00, 0x00, 0x00, 0x00, 0x00, 0x00, 0x00, 0x00, 0x00, 0x00, 0x00, 0x00, 0x00, 0x00, 0x00, 0x00, 0x11, 0x11, 0x11,
    0x11, 0x11, 0x11, 0x00, 0x00, 0x00, 0x00, 0x00, 0x00, 0x00, 0x00, 0x00, 0x11, 0x22, 0x22, 0x22, 0x22, 0x22, 0x22, 0x11, 0x00, 0x00, 0x00, 0x00,
    0x10, 0x00, 0x00, 0x01, 0x22, 0x24, 0x42, 0x22, 0x22, 0x24, 0x42, 0x22, 0x10, 0x00, 0x00, 0x01, 0x11, 0x00, 0x00, 0x12, 0x24, 0x42, 0x22, 0x22,
    0x22, 0x22, 0x24, 0x42, 0x21, 0x00, 0x00, 0x11, 0x13, 0x10, 0x01, 0x22, 0x42, 0x22, 0x22, 0x22, 0x22, 0x22, 0x22, 0x24, 0x22, 0x10, 0x01, 0x31,
    0x13, 0x31, 0x01, 0x22, 0x22, 0x22, 0x22, 0x22, 0x22, 0x22, 0x22, 0x22, 0x22, 0x10, 0x13, 0x31, 0x01, 0x33, 0x12, 0x22, 0x22, 0x22, 0x22, 0x22,
    0x22, 0x22, 0x22, 0x22, 0x22, 0x21, 0x33, 0x10, 0x01, 0x23, 0x32, 0x11, 0x22, 0x22, 0x22, 0x22, 0x22, 0x22, 0x22, 0x22, 0x11, 0x23, 0x32, 0x10,
    0x00, 0x12, 0x32, 0x21, 0x11, 0x22, 0x22, 0x22, 0x22, 0x22, 0x22, 0x11, 0x12, 0x23, 0x21, 0x00, 0x00, 0x01, 0x12, 0x22, 0x11, 0x11, 0x22, 0x22,
    0x22, 0x22, 0x11, 0x11, 0x22, 0x21, 0x10, 0x00, 0x00, 0x00, 0x01, 0x21, 0x55, 0x51, 0x22, 0x22, 0x22, 0x22, 0x15, 0x55, 0x12, 0x10, 0x00, 0x00,
    0x00, 0x00, 0x01, 0x22, 0x11, 0x12, 0x22, 0x22, 0x22, 0x22, 0x21, 0x11, 0x22, 0x10, 0x00, 0x00, 0x00, 0x00, 0x01, 0x32, 0x22, 0x22, 0x22, 0x23,
    0x32, 0x22, 0x22, 0x22, 0x23, 0x10, 0x00, 0x00, 0x00, 0x00, 0x00, 0x13, 0x22, 0x11, 0x11, 0x11, 0x11, 0x11, 0x11, 0x22, 0x31, 0x00, 0x00, 0x00,
    0x00, 0x00, 0x00, 0x01, 0x32, 0x16, 0x16, 0x16, 0x61, 0x61, 0x61, 0x23, 0x10, 0x00, 0x00, 0x00, 0x00, 0x00, 0x00, 0x00, 0x11, 0x11, 0x11, 0x11,
    0x11, 0x11, 0x11, 0x11, 0x00, 0x00, 0x00, 0x00, 0x00, 0x00, 0x00, 0x00, 0x00, 0x11, 0x11, 0x22, 0x22, 0x11, 0x11, 0x00, 0x00, 0x00, 0x00, 0x00,
    0x00, 0x00, 0x00, 0x00, 0x00, 0x00, 0x11, 0x22, 0x22, 0x11, 0x00, 0x00, 0x00, 0x00, 0x00, 0x00, 0x00, 0x00, 0x00, 0x00, 0x11, 0x11, 0x88, 0x12,
    0x21, 0x88, 0x11, 0x11, 0x00, 0x00, 0x00, 0x00, 0x00, 0x00, 0x00, 0x01, 0x88, 0x88, 0x88, 0x81, 0x18, 0x88, 0x88, 0x88, 0x10, 0x00, 0x00, 0x00,
    0x00, 0x00, 0x00, 0x12, 0x18, 0x11, 0x11, 0x11, 0x11, 0x11, 0x11, 0x81, 0x21, 0x00, 0x00, 0x00, 0x00, 0x00, 0x00, 0x12, 0x18, 0x19, 0x99, 0x99,
    0x99, 0x99, 0x91, 0x81, 0x21, 0x00, 0x00, 0x00, 0x00, 0x00, 0x01, 0x21, 0x11, 0x19, 0xA9, 0x99, 0x99, 0xA9, 0x91, 0x11, 0x12, 0x10, 0x00, 0x00,
    0x00, 0x00, 0x01, 0x21, 0x22, 0x19, 0x9A, 0x99, 0x9A, 0x9A, 0x91, 0x22, 0x12, 0x10, 0x00, 0x00, 0x00, 0x00, 0x01, 0x21, 0x22, 0x19, 0x99, 0xA9,
    0xA9, 0x99, 0x91, 0x22, 0x12, 0x10, 0x00, 0x00, 0x00, 0x00, 0x00, 0x11, 0x11, 0x19, 0x99, 0x99, 0x99, 0x99, 0x91, 0x11, 0x11, 0x00, 0x00, 0x00,
    0x00, 0x00, 0x00, 0x01, 0xBB, 0x11, 0x11, 0x11, 0x11, 0x11, 0x11, 0xBB, 0x10, 0x00, 0x00, 0x00, 0x00, 0x00, 0x00, 0x00, 0x18, 0x88, 0x11, 0x11,
    0x11, 0x11, 0x88, 0x81, 0x00, 0x00, 0x00, 0x00, 0x00, 0x00, 0x00, 0x00, 0x13, 0x33, 0x10, 0x00, 0x00, 0x01, 0x33, 0x31, 0x00, 0x00, 0x00, 0x00,
    0x00, 0x00, 0x00, 0x01, 0x11, 0x11, 0x10, 0x00, 0x00, 0x01, 0x11, 0x11, 0x10, 0x00, 0x00, 0x00,
};

#define GOBLIN_FRAME(i) (&goblin_frames[(i) * (SPR_W * SPR_H / 2)])

typedef struct { const uint8_t *px; uint8_t w, h; } prop_t;

static const uint8_t prop_sweat_px[15] = {
    0x00, 0xE0, 0x00, 0x0E, 0xEE, 0x00, 0xEE, 0x6E, 0xE0, 0xEE, 0xEE, 0xE0, 0x0E, 0xEE, 0x00,
};

static const prop_t PROP_SWEAT = { prop_sweat_px, 5, 5 };

static const uint8_t prop_heart_px[24] = {
    0x05, 0x50, 0x55, 0x00, 0x55, 0x55, 0x55, 0x50, 0x56, 0x55, 0x55, 0x50, 0x05, 0x55, 0x55, 0x00, 0x00, 0x55, 0x50, 0x00, 0x00, 0x05, 0x00, 0x00,
};

static const prop_t PROP_HEART = { prop_heart_px, 7, 6 };

static const uint8_t prop_cookie_px[32] = {
    0x00, 0x11, 0x11, 0x00, 0x01, 0xFF, 0xFF, 0x10, 0x1F, 0xBF, 0xFB, 0xF1, 0x1F, 0xFF, 0xFF, 0xF1, 0x1F, 0xFB, 0xFF, 0xB1, 0x1F, 0xFF, 0xFF, 0xF1,
    0x01, 0xFB, 0xFF, 0x10, 0x00, 0x11, 0x11, 0x00,
};

static const prop_t PROP_COOKIE = { prop_cookie_px, 8, 8 };

static const uint8_t prop_vein_px[15] = {
    0x55, 0x05, 0x50, 0x50, 0x00, 0x50, 0x00, 0x00, 0x00, 0x50, 0x00, 0x50, 0x55, 0x05, 0x50,
};

static const prop_t PROP_VEIN = { prop_vein_px, 5, 5 };

static const uint8_t prop_bang_px[6] = {
    0xDD, 0xDD, 0xDD, 0xDD, 0x00, 0xDD,
};

static const prop_t PROP_BANG = { prop_bang_px, 2, 6 };

typedef struct { uint16_t off; uint8_t w, h; int8_t xo, yo; uint8_t adv; } glyph_t;

typedef struct { const glyph_t *g; const uint8_t *data; uint8_t first, count, line_h, ascent; } font_t;

static const uint8_t font_small_data[3658] = {
    0x02, 0xFF, 0x10, 0x02, 0xFF, 0x10, 0x02, 0xFF, 0x10, 0x02, 0xFF, 0x10, 0x00, 0xFF, 0x00, 0x00, 0xED, 0x00, 0x00, 0x00, 0x00, 0x02, 0xFF, 0x10,
    0x02, 0xFF, 0x10, 0x0C, 0xC0, 0xF8, 0x00, 0xCC, 0x0F, 0x80, 0x0C, 0xC0, 0xF8, 0x00, 0xCC, 0x0F, 0x80, 0x00, 0x00, 0x00, 0x00, 0x00, 0x00, 0x00,
    0x00, 0x00, 0x00, 0x00, 0x00, 0x00, 0x00, 0x00, 0x00, 0x00, 0x00, 0x00, 0x00, 0xCA, 0x0B, 0xB0, 0x00, 0x00, 0x1F, 0x50, 0xF6, 0x00, 0x06, 0xFF,
    0xFF, 0xFF, 0xFF, 0x00, 0x00, 0xBB, 0x09, 0xC0, 0x00, 0x00, 0x0E, 0x70, 0xD9, 0x00, 0x02, 0xFF, 0xFF, 0xFF, 0xFF, 0x40, 0x00, 0x7F, 0x05, 0xF0,
    0x00, 0x00, 0x0A, 0xC0, 0x8D, 0x00, 0x00, 0x00, 0xD8, 0x0C, 0xA0, 0x00, 0x00, 0x00, 0x00, 0xF0, 0x00, 0x00, 0x19, 0xDF, 0xD8, 0x10, 0x0B, 0xF4,
    0xF2, 0x67, 0x00, 0xFF, 0x4F, 0x00, 0x00, 0x0A, 0xFF, 0xFB, 0x70, 0x00, 0x07, 0xCF, 0xFF, 0xD0, 0x00, 0x00, 0xF3, 0xFF, 0x10, 0xB5, 0x1F, 0x2E,
    0xE0, 0x03, 0xAE, 0xFE, 0xB3, 0x00, 0x00, 0x0F, 0x00, 0x00, 0x00, 0x00, 0xF0, 0x00, 0x00, 0x09, 0xEE, 0x80, 0x00, 0x8D, 0x00, 0x05, 0xF4, 0x6F,
    0x40, 0x3F, 0x30, 0x00, 0x8F, 0x02, 0xF7, 0x0D, 0x80, 0x00, 0x05, 0xF4, 0x6F, 0x48, 0xD0, 0x00, 0x00, 0x09, 0xEE, 0x83, 0xF3, 0x7E, 0xE9, 0x00,
    0x00, 0x00, 0xD8, 0x4F, 0x64, 0xF6, 0x00, 0x00, 0x8D, 0x06, 0xF2, 0x0F, 0x90, 0x00, 0x3F, 0x30, 0x4F, 0x64, 0xF6, 0x00, 0x0C, 0x90, 0x00, 0x7E,
    0xE9, 0x00, 0x00, 0x2B, 0xEE, 0xA1, 0x00, 0x00, 0x0B, 0xF9, 0x04, 0x70, 0x00, 0x00, 0x8F, 0xD1, 0x00, 0x00, 0x00, 0x3E, 0xFF, 0xC0, 0x0A, 0xF4,
    0x0D, 0xF9, 0xDF, 0xA0, 0xDF, 0x22, 0xFF, 0x12, 0xFF, 0xBF, 0xD0, 0x2F, 0xF1, 0x06, 0xFF, 0xF6, 0x00, 0xBF, 0xA1, 0x2E, 0xFF, 0x30, 0x00, 0x8D,
    0xFE, 0xCA, 0xFF, 0x40, 0x0C, 0xC0, 0x0C, 0xC0, 0x0C, 0xC0, 0x0C, 0xC0, 0x00, 0x00, 0x00, 0x00, 0x00, 0x00, 0x00, 0x00, 0x00, 0x00, 0x00, 0x4F,
    0xA0, 0x00, 0xCF, 0x30, 0x03, 0xFD, 0x00, 0x08, 0xF9, 0x00, 0x0B, 0xF6, 0x00, 0x0D, 0xF5, 0x00, 0x0D, 0xF5, 0x00, 0x0B, 0xF6, 0x00, 0x08, 0xF9,
    0x00, 0x03, 0xFD, 0x00, 0x00, 0xCF, 0x30, 0x00, 0x4F, 0xA0, 0x0B, 0xF3, 0x00, 0x04, 0xFB, 0x00, 0x00, 0xEF, 0x20, 0x00, 0xAF, 0x70, 0x00, 0x7F,
    0xA0, 0x00, 0x5F, 0xC0, 0x00, 0x5F, 0xC0, 0x00, 0x7F, 0xA0, 0x00, 0xAF, 0x70, 0x00, 0xEF, 0x20, 0x04, 0xFB, 0x00, 0x0B, 0xF3, 0x00, 0x00, 0x2F,
    0x00, 0x07, 0x93, 0xF2, 0xB4, 0x18, 0xFF, 0xE7, 0x01, 0x8E, 0xFE, 0x60, 0x79, 0x3F, 0x2B, 0x40, 0x02, 0xF0, 0x00, 0x00, 0x00, 0x00, 0x00, 0x00,
    0x00, 0x00, 0x00, 0x00, 0x00, 0x00, 0x00, 0x00, 0x5F, 0x30, 0x00, 0x00, 0x00, 0x05, 0xF3, 0x00, 0x00, 0x00, 0x00, 0x5F, 0x30, 0x00, 0x00, 0xAF,
    0xFF, 0xFF, 0xFF, 0x80, 0x0A, 0xFF, 0xFF, 0xFF, 0xF8, 0x00, 0x00, 0x05, 0xF3, 0x00, 0x00, 0x00, 0x00, 0x5F, 0x30, 0x00, 0x00, 0x00, 0x05, 0xF3,
    0x00, 0x00, 0x0A, 0xF9, 0x00, 0xAF, 0x90, 0x0E, 0xF2, 0x02, 0xF6, 0x00, 0x4F, 0xFF, 0xB4, 0xFF, 0xFB, 0x00, 0x00, 0x00, 0x00, 0x00, 0x00, 0x00,
    0x00, 0x0A, 0xF9, 0x00, 0xAF, 0x90, 0x00, 0x0C, 0x90, 0x01, 0xF4, 0x00, 0x6F, 0x00, 0x0B, 0xA0, 0x00, 0xF6, 0x00, 0x5F, 0x10, 0x0A, 0xC0, 0x00,
    0xE7, 0x00, 0x3F, 0x20, 0x08, 0xD0, 0x00, 0xD8, 0x00, 0x00, 0x00, 0x7D, 0xFE, 0x80, 0x00, 0x9F, 0xA1, 0x9F, 0x90, 0x1F, 0xF3, 0x02, 0xFF, 0x14,
    0xFF, 0x10, 0x0F, 0xF5, 0x5F, 0xF1, 0x00, 0xFF, 0x64, 0xFF, 0x10, 0x0F, 0xF5, 0x1F, 0xF3, 0x02, 0xFF, 0x10, 0x9F, 0xA1, 0x9F, 0x90, 0x00, 0x7E,
    0xFE, 0x80, 0x00, 0x08, 0xFF, 0xFF, 0x00, 0x00, 0x00, 0x5F, 0xF0, 0x00, 0x00, 0x05, 0xFF, 0x00, 0x00, 0x00, 0x5F, 0xF0, 0x00, 0x00, 0x05, 0xFF,
    0x00, 0x00, 0x00, 0x5F, 0xF0, 0x00, 0x00, 0x05, 0xFF, 0x00, 0x00, 0x00, 0x5F, 0xF0, 0x00, 0x07, 0xFF, 0xFF, 0xFF, 0x20, 0x03, 0xAE, 0xFD, 0x70,
    0x00, 0xB4, 0x03, 0xEF, 0x70, 0x00, 0x00, 0x0A, 0xFC, 0x00, 0x00, 0x00, 0xDF, 0xB0, 0x00, 0x00, 0x8F, 0xF3, 0x00, 0x00, 0x8F, 0xF4, 0x00, 0x00,
    0x7F, 0xF4, 0x00, 0x00, 0x7F, 0xF4, 0x00, 0x00, 0x0F, 0xFF, 0xFF, 0xFE, 0x00, 0x02, 0xAE, 0xFD, 0x80, 0x00, 0x84, 0x03, 0xEF, 0x80, 0x00, 0x00,
    0x0B, 0xFB, 0x00, 0x00, 0x03, 0xEF, 0x60, 0x00, 0x8F, 0xFF, 0xA0, 0x00, 0x00, 0x02, 0xDF, 0xB0, 0x00, 0x00, 0x07, 0xFF, 0x01, 0xA3, 0x02, 0xDF,
    0xB0, 0x05, 0xCF, 0xFD, 0x81, 0x00, 0x00, 0x02, 0xEF, 0xF1, 0x00, 0x01, 0xDF, 0xFF, 0x10, 0x00, 0xCF, 0x6F, 0xF1, 0x00, 0xAF, 0x53, 0xFF, 0x10,
    0x5F, 0x80, 0x3F, 0xF1, 0x06, 0xFF, 0xFF, 0xFF, 0xF7, 0x00, 0x00, 0x3F, 0xF1, 0x00, 0x00, 0x03, 0xFF, 0x10, 0x00, 0x00, 0x3F, 0xF1, 0x00, 0x0A,
    0xFF, 0xFF, 0xF7, 0x00, 0xAF, 0x50, 0x00, 0x00, 0x0A, 0xF5, 0x00, 0x00, 0x00, 0xAF, 0xFF, 0xD8, 0x00, 0x07, 0x51, 0x2D, 0xFB, 0x00, 0x00, 0x00,
    0x6F, 0xF0, 0x00, 0x00, 0x06, 0xFF, 0x10, 0xB4, 0x02, 0xDF, 0xB0, 0x03, 0xBE, 0xFD, 0x70, 0x00, 0x00, 0x3B, 0xEF, 0xB2, 0x00, 0x3F, 0xE3, 0x04,
    0x80, 0x0C, 0xF5, 0x00, 0x00, 0x01, 0xFF, 0xCE, 0xFB, 0x20, 0x2F, 0xFC, 0x16, 0xFE, 0x01, 0xFF, 0x70, 0x0F, 0xF4, 0x0E, 0xF7, 0x00, 0xFF, 0x30,
    0x6F, 0xC1, 0x6F, 0xC0, 0x00, 0x6D, 0xFE, 0x91, 0x00, 0x2F, 0xFF, 0xFF, 0xFF, 0x00, 0x00, 0x00, 0xCF, 0xE0, 0x00, 0x00, 0x3F, 0xF7, 0x00, 0x00,
    0x0A, 0xFE, 0x00, 0x00, 0x01, 0xFF, 0x70, 0x00, 0x00, 0x8F, 0xF0, 0x00, 0x00, 0x0E, 0xF8, 0x00, 0x00, 0x06, 0xFF, 0x10, 0x00, 0x00, 0xDF, 0x80,
    0x00, 0x00, 0x01, 0xAE, 0xFE, 0xA1, 0x00, 0xCF, 0xA0, 0x9F, 0xC0, 0x0F, 0xF5, 0x05, 0xFF, 0x00, 0xAF, 0xA0, 0x9F, 0xA0, 0x01, 0xCF, 0xFF, 0xC1,
    0x00, 0xDF, 0x70, 0x7F, 0xD0, 0x2F, 0xF2, 0x01, 0xFF, 0x20, 0xEF, 0x70, 0x7F, 0xE0, 0x02, 0xAE, 0xFE, 0xB3, 0x00, 0x01, 0x9E, 0xFD, 0x60, 0x00,
    0xCF, 0x71, 0xCF, 0x60, 0x3F, 0xF1, 0x07, 0xFE, 0x04, 0xFF, 0x10, 0x7F, 0xF2, 0x0E, 0xF7, 0x1C, 0xFF, 0x30, 0x2B, 0xFF, 0xCF, 0xF1, 0x00, 0x00,
    0x05, 0xFD, 0x00, 0x84, 0x03, 0xDF, 0x40, 0x02, 0xBF, 0xFB, 0x30, 0x00, 0x08, 0xFC, 0x00, 0x8F, 0xC0, 0x00, 0x00, 0x00, 0x00, 0x00, 0x00, 0x00,
    0x00, 0x8F, 0xC0, 0x08, 0xFC, 0x00, 0x08, 0xFC, 0x00, 0x8F, 0xC0, 0x00, 0x00, 0x00, 0x00, 0x00, 0x00, 0x00, 0x00, 0x8F, 0xC0, 0x08, 0xFB, 0x00,
    0xCF, 0x40, 0x0F, 0x80, 0x00, 0x00, 0x00, 0x00, 0x04, 0xA7, 0x00, 0x00, 0x04, 0x9E, 0xFD, 0x40, 0x03, 0x9E, 0xFD, 0x72, 0x00, 0x00, 0xAF, 0xE4,
    0x00, 0x00, 0x00, 0x03, 0x9E, 0xFC, 0x72, 0x00, 0x00, 0x00, 0x04, 0x9F, 0xFD, 0x40, 0x00, 0x00, 0x00, 0x04, 0xA7, 0x00, 0x00, 0x00, 0x00, 0x00,
    0x00, 0x0A, 0xFF, 0xFF, 0xFF, 0xF8, 0x00, 0xAF, 0xFF, 0xFF, 0xFF, 0x80, 0x00, 0x00, 0x00, 0x00, 0x00, 0x00, 0x00, 0x00, 0x00, 0x00, 0x00, 0x0A,
    0xFF, 0xFF, 0xFF, 0xF8, 0x00, 0xAF, 0xFF, 0xFF, 0xFF, 0x80, 0x00, 0x00, 0x00, 0x00, 0x00, 0x00, 0x08, 0x94, 0x00, 0x00, 0x00, 0x00, 0x6D, 0xFE,
    0x93, 0x00, 0x00, 0x00, 0x03, 0x8D, 0xFE, 0x82, 0x00, 0x00, 0x00, 0x05, 0xEF, 0x80, 0x00, 0x03, 0x8D, 0xFE, 0x82, 0x00, 0x6D, 0xFE, 0x93, 0x00,
    0x00, 0x08, 0x94, 0x00, 0x00, 0x00, 0x00, 0x00, 0x00, 0x00, 0x00, 0x00, 0x05, 0xCF, 0xE9, 0x00, 0x1A, 0x21, 0xCF, 0x80, 0x00, 0x00, 0xCF, 0x90,
    0x00, 0x07, 0xFF, 0x30, 0x00, 0x6F, 0xF4, 0x00, 0x00, 0xBF, 0x90, 0x00, 0x00, 0x00, 0x00, 0x00, 0x00, 0xCF, 0x80, 0x00, 0x00, 0xCF, 0x80, 0x00,
    0x00, 0x02, 0x9D, 0xFE, 0xB4, 0x00, 0x00, 0x05, 0xF8, 0x20, 0x16, 0xE9, 0x00, 0x03, 0xF3, 0x00, 0x00, 0x01, 0xE6, 0x00, 0xB8, 0x04, 0xDE, 0xAF,
    0x35, 0xD0, 0x0F, 0x20, 0xE9, 0x09, 0xF3, 0x2F, 0x01, 0xF1, 0x2F, 0x50, 0x4F, 0x33, 0xF0, 0x0F, 0x20, 0xE9, 0x09, 0xF4, 0xC9, 0x00, 0xC8, 0x04,
    0xDF, 0xAF, 0xD7, 0x00, 0x03, 0xF3, 0x00, 0x00, 0x00, 0x00, 0x00, 0x06, 0xF7, 0x20, 0x17, 0xC0, 0x00, 0x00, 0x02, 0xAE, 0xFE, 0xB4, 0x00, 0x00,
    0x00, 0x09, 0xFF, 0xA0, 0x00, 0x00, 0x0F, 0xFF, 0xF1, 0x00, 0x00, 0x6F, 0xED, 0xF7, 0x00, 0x00, 0xCF, 0x98, 0xFD, 0x00, 0x02, 0xFF, 0x33, 0xFF,
    0x30, 0x09, 0xFE, 0x00, 0xDF, 0xA0, 0x0E, 0xFF, 0xFF, 0xFF, 0xF0, 0x5F, 0xF0, 0x00, 0x0E, 0xF6, 0xBF, 0xA0, 0x00, 0x09, 0xFC, 0x0D, 0xFF, 0xFF,
    0xD7, 0x00, 0x0D, 0xFA, 0x03, 0xFF, 0x50, 0x0D, 0xFA, 0x00, 0xDF, 0x90, 0x0D, 0xFA, 0x02, 0xFF, 0x50, 0x0D, 0xFF, 0xFF, 0xFC, 0x00, 0x0D, 0xFA,
    0x01, 0xCF, 0xB0, 0x0D, 0xFA, 0x00, 0x7F, 0xF0, 0x0D, 0xFA, 0x01, 0xCF, 0xB0, 0x0D, 0xFF, 0xFF, 0xEA, 0x10, 0x00, 0x29, 0xEF, 0xFD, 0x70, 0x04,
    0xFF, 0x71, 0x15, 0x80, 0x0E, 0xFA, 0x00, 0x00, 0x00, 0x3F, 0xF4, 0x00, 0x00, 0x00, 0x5F, 0xF3, 0x00, 0x00, 0x00, 0x3F, 0xF4, 0x00, 0x00, 0x00,
    0x0E, 0xFA, 0x00, 0x00, 0x00, 0x04, 0xFF, 0x71, 0x15, 0x80, 0x00, 0x29, 0xEF, 0xFD, 0x70, 0x0D, 0xFF, 0xFE, 0xC7, 0x00, 0x00, 0xDF, 0xA0, 0x2B,
    0xFD, 0x10, 0x0D, 0xFA, 0x00, 0x0D, 0xFA, 0x00, 0xDF, 0xA0, 0x00, 0x8F, 0xF0, 0x0D, 0xFA, 0x00, 0x07, 0xFF, 0x10, 0xDF, 0xA0, 0x00, 0x8F, 0xF0,
    0x0D, 0xFA, 0x00, 0x0D, 0xFA, 0x00, 0xDF, 0xA0, 0x2B, 0xFD, 0x10, 0x0D, 0xFF, 0xFE, 0xC8, 0x00, 0x00, 0x0D, 0xFF, 0xFF, 0xFC, 0x00, 0xDF, 0xA0,
    0x00, 0x00, 0x0D, 0xFA, 0x00, 0x00, 0x00, 0xDF, 0xA0, 0x00, 0x00, 0x0D, 0xFF, 0xFF, 0xF8, 0x00, 0xDF, 0xA0, 0x00, 0x00, 0x0D, 0xFA, 0x00, 0x00,
    0x00, 0xDF, 0xA0, 0x00, 0x00, 0x0D, 0xFF, 0xFF, 0xFE, 0x00, 0x0D, 0xFF, 0xFF, 0xFC, 0x00, 0xDF, 0xA0, 0x00, 0x00, 0x0D, 0xFA, 0x00, 0x00, 0x00,
    0xDF, 0xA0, 0x00, 0x00, 0x0D, 0xFF, 0xFF, 0xF8, 0x00, 0xDF, 0xA0, 0x00, 0x00, 0x0D, 0xFA, 0x00, 0x00, 0x00, 0xDF, 0xA0, 0x00, 0x00, 0x0D, 0xFA,
    0x00, 0x00, 0x00, 0x00, 0x29, 0xDF, 0xFE, 0xC3, 0x00, 0x4F, 0xF8, 0x20, 0x39, 0x50, 0x0E, 0xFA, 0x00, 0x00, 0x00, 0x03, 0xFF, 0x40, 0x00, 0x00,
    0x00, 0x5F, 0xF3, 0x01, 0xFF, 0xFB, 0x03, 0xFF, 0x40, 0x00, 0x9F, 0xB0, 0x0E, 0xF9, 0x00, 0x09, 0xFB, 0x00, 0x4F, 0xF7, 0x10, 0xBF, 0xB0, 0x00,
    0x29, 0xEF, 0xFE, 0xB6, 0x00, 0x0D, 0xFA, 0x00, 0x0C, 0xFB, 0x00, 0xDF, 0xA0, 0x00, 0xCF, 0xB0, 0x0D, 0xFA, 0x00, 0x0C, 0xFB, 0x00, 0xDF, 0xA0,
    0x00, 0xCF, 0xB0, 0x0D, 0xFF, 0xFF, 0xFF, 0xFB, 0x00, 0xDF, 0xA0, 0x00, 0xCF, 0xB0, 0x0D, 0xFA, 0x00, 0x0C, 0xFB, 0x00, 0xDF, 0xA0, 0x00, 0xCF,
    0xB0, 0x0D, 0xFA, 0x00, 0x0C, 0xFB, 0x00, 0x0D, 0xFA, 0x00, 0xDF, 0xA0, 0x0D, 0xFA, 0x00, 0xDF, 0xA0, 0x0D, 0xFA, 0x00, 0xDF, 0xA0, 0x0D, 0xFA,
    0x00, 0xDF, 0xA0, 0x0D, 0xFA, 0x00, 0x00, 0xDF, 0xA0, 0x00, 0xDF, 0xA0, 0x00, 0xDF, 0xA0, 0x00, 0xDF, 0xA0, 0x00, 0xDF, 0xA0, 0x00, 0xDF, 0xA0,
    0x00, 0xDF, 0xA0, 0x00, 0xDF, 0xA0, 0x00, 0xDF, 0xA0, 0x00, 0xDF, 0x90, 0x04, 0xFF, 0x40, 0xBE, 0xC5, 0x00, 0x0D, 0xFA, 0x00, 0x6F, 0xF7, 0x00,
    0xDF, 0xA0, 0x7F, 0xF6, 0x00, 0x0D, 0xFA, 0x8F, 0xF5, 0x00, 0x00, 0xDF, 0xFF, 0xF4, 0x00, 0x00, 0x0D, 0xFF, 0xFB, 0x00, 0x00, 0x00, 0xDF, 0xDF,
    0xFB, 0x00, 0x00, 0x0D, 0xFA, 0x4F, 0xFC, 0x00, 0x00, 0xDF, 0xA0, 0x3F, 0xFC, 0x10, 0x0D, 0xFA, 0x00, 0x3E, 0xFD, 0x10, 0x0D, 0xFA, 0x00, 0x00,
    0x0D, 0xFA, 0x00, 0x00, 0x0D, 0xFA, 0x00, 0x00, 0x0D, 0xFA, 0x00, 0x00, 0x0D, 0xFA, 0x00, 0x00, 0x0D, 0xFA, 0x00, 0x00, 0x0D, 0xFA, 0x00, 0x00,
    0x0D, 0xFA, 0x00, 0x00, 0x0D, 0xFF, 0xFF, 0xFE, 0x0D, 0xFF, 0x80, 0x00, 0x9F, 0xFB, 0x00, 0xDF, 0xFF, 0x00, 0x1F, 0xFF, 0xB0, 0x0D, 0xFE, 0xF7,
    0x08, 0xFE, 0xFB, 0x00, 0xDF, 0x8E, 0xE1, 0xFD, 0x9F, 0xB0, 0x0D, 0xF8, 0x7F, 0xCF, 0x69, 0xFB, 0x00, 0xDF, 0x81, 0xFF, 0xE0, 0x9F, 0xB0, 0x0D,
    0xF8, 0x08, 0xF7, 0x09, 0xFB, 0x00, 0xDF, 0x80, 0x00, 0x00, 0x9F, 0xB0, 0x0D, 0xF8, 0x00, 0x00, 0x09, 0xFB, 0x00, 0x0D, 0xFF, 0x30, 0x0A, 0xFB,
    0x00, 0xDF, 0xFC, 0x00, 0xAF, 0xB0, 0x0D, 0xFF, 0xF5, 0x0A, 0xFB, 0x00, 0xDF, 0xAF, 0xD0, 0xAF, 0xB0, 0x0D, 0xF8, 0x8F, 0x7A, 0xFB, 0x00, 0xDF,
    0x81, 0xEE, 0xBF, 0xB0, 0x0D, 0xF8, 0x07, 0xFF, 0xFB, 0x00, 0xDF, 0x80, 0x0D, 0xFF, 0xB0, 0x0D, 0xF8, 0x00, 0x5F, 0xFB, 0x00, 0x00, 0x3A, 0xEF,
    0xEA, 0x30, 0x00, 0x5F, 0xF5, 0x05, 0xFF, 0x50, 0x0E, 0xF8, 0x00, 0x08, 0xFE, 0x04, 0xFF, 0x40, 0x00, 0x3F, 0xF4, 0x5F, 0xF3, 0x00, 0x02, 0xFF,
    0x54, 0xFF, 0x40, 0x00, 0x3F, 0xF4, 0x0E, 0xF8, 0x00, 0x08, 0xFE, 0x00, 0x5F, 0xF5, 0x04, 0xFF, 0x50, 0x00, 0x3A, 0xEF, 0xEB, 0x30, 0x00, 0x0D,
    0xFF, 0xFF, 0xD7, 0x00, 0x0D, 0xFA, 0x02, 0xEF, 0x80, 0x0D, 0xFA, 0x00, 0x9F, 0xE0, 0x0D, 0xFA, 0x00, 0x9F, 0xE0, 0x0D, 0xFA, 0x02, 0xEF, 0x80,
    0x0D, 0xFF, 0xFF, 0xD7, 0x00, 0x0D, 0xFA, 0x00, 0x00, 0x00, 0x0D, 0xFA, 0x00, 0x00, 0x00, 0x0D, 0xFA, 0x00, 0x00, 0x00, 0x00, 0x3A, 0xEF, 0xEB,
    0x30, 0x00, 0x5F, 0xF5, 0x05, 0xFF, 0x50, 0x0E, 0xF8, 0x00, 0x08, 0xFE, 0x04, 0xFF, 0x40, 0x00, 0x3F, 0xF4, 0x5F, 0xF3, 0x00, 0x02, 0xFF, 0x54,
    0xFF, 0x40, 0x00, 0x3F, 0xF4, 0x0E, 0xF8, 0x00, 0x08, 0xFF, 0x00, 0x5F, 0xF4, 0x04, 0xFF, 0x60, 0x00, 0x3A, 0xEF, 0xFF, 0x50, 0x00, 0x00, 0x00,
    0x0C, 0xF6, 0x00, 0x00, 0x00, 0x00, 0x2E, 0xF4, 0x00, 0x0D, 0xFF, 0xFE, 0xC5, 0x00, 0x0D, 0xFA, 0x05, 0xFF, 0x30, 0x0D, 0xFA, 0x00, 0xFF, 0x70,
    0x0D, 0xFA, 0x00, 0xFF, 0x70, 0x0D, 0xFA, 0x05, 0xFE, 0x10, 0x0D, 0xFF, 0xFF, 0xF4, 0x00, 0x0D, 0xFA, 0x07, 0xFF, 0x30, 0x0D, 0xFA, 0x00, 0xBF,
    0xD0, 0x0D, 0xFA, 0x00, 0x2F, 0xF7, 0x01, 0x9E, 0xFF, 0xE9, 0x00, 0xBF, 0x70, 0x16, 0xA0, 0x0F, 0xF4, 0x00, 0x00, 0x00, 0xFF, 0xFA, 0x62, 0x00,
    0x06, 0xFF, 0xFF, 0xFA, 0x00, 0x02, 0x7B, 0xFF, 0xF4, 0x00, 0x00, 0x01, 0xFF, 0x50, 0xC5, 0x20, 0x4F, 0xF1, 0x0A, 0xDF, 0xFE, 0xB3, 0x00, 0xFF,
    0xFF, 0xFF, 0xFF, 0xC0, 0x00, 0xCF, 0xA0, 0x00, 0x00, 0x0C, 0xFA, 0x00, 0x00, 0x00, 0xCF, 0xA0, 0x00, 0x00, 0x0C, 0xFA, 0x00, 0x00, 0x00, 0xCF,
    0xA0, 0x00, 0x00, 0x0C, 0xFA, 0x00, 0x00, 0x00, 0xCF, 0xA0, 0x00, 0x00, 0x0C, 0xFA, 0x00, 0x00, 0x0D, 0xFA, 0x00, 0x1F, 0xF5, 0x00, 0xDF, 0xA0,
    0x01, 0xFF, 0x50, 0x0D, 0xFA, 0x00, 0x1F, 0xF5, 0x00, 0xDF, 0xA0, 0x01, 0xFF, 0x50, 0x0D, 0xFA, 0x00, 0x1F, 0xF5, 0x00, 0xCF, 0xA0, 0x01, 0xFF,
    0x50, 0x0B, 0xFB, 0x00, 0x2F, 0xF4, 0x00, 0x5F, 0xF3, 0x09, 0xFE, 0x00, 0x00, 0x6C, 0xFF, 0xEA, 0x20, 0x00, 0xBF, 0xB0, 0x00, 0x0A, 0xFC, 0x5F,
    0xF1, 0x00, 0x0F, 0xF6, 0x0E, 0xF7, 0x00, 0x6F, 0xF0, 0x09, 0xFD, 0x00, 0xCF, 0xA0, 0x02, 0xFF, 0x32, 0xFF, 0x30, 0x00, 0xCF, 0x98, 0xFD, 0x00,
    0x00, 0x6F, 0xFE, 0xF7, 0x00, 0x00, 0x0F, 0xFF, 0xF1, 0x00, 0x00, 0x09, 0xFF, 0xA0, 0x00, 0x7F, 0xD0, 0x01, 0xFF, 0x70, 0x08, 0xFC, 0x3F, 0xF1,
    0x06, 0xFF, 0xB0, 0x0C, 0xF9, 0x0F, 0xF5, 0x09, 0xFD, 0xF0, 0x0F, 0xF5, 0x0B, 0xF9, 0x0D, 0xD8, 0xF3, 0x4F, 0xF1, 0x07, 0xFD, 0x1F, 0x94, 0xF7,
    0x8F, 0xD0, 0x03, 0xFF, 0x7F, 0x50, 0xFB, 0xCF, 0x90, 0x00, 0xFF, 0xEF, 0x10, 0xCF, 0xFF, 0x50, 0x00, 0xBF, 0xFD, 0x00, 0x8F, 0xFF, 0x10, 0x00,
    0x7F, 0xF9, 0x00, 0x4F, 0xFD, 0x00, 0x4F, 0xF4, 0x00, 0x4F, 0xF4, 0x08, 0xFE, 0x11, 0xEF, 0x80, 0x00, 0xCF, 0xBB, 0xFD, 0x00, 0x00, 0x2F, 0xFF,
    0xF2, 0x00, 0x00, 0x0A, 0xFF, 0xA0, 0x00, 0x00, 0x4F, 0xFF, 0xF4, 0x00, 0x01, 0xEF, 0x99, 0xFE, 0x10, 0x0A, 0xFD, 0x00, 0xDF, 0xA0, 0x6F, 0xF3,
    0x00, 0x2F, 0xF6, 0x0C, 0xFD, 0x00, 0x07, 0xFF, 0x30, 0x2F, 0xF8, 0x02, 0xFF, 0x80, 0x00, 0x6F, 0xF4, 0xCF, 0xC0, 0x00, 0x00, 0xBF, 0xFF, 0xF2,
    0x00, 0x00, 0x01, 0xEF, 0xF6, 0x00, 0x00, 0x00, 0x08, 0xFE, 0x00, 0x00, 0x00, 0x00, 0x8F, 0xE0, 0x00, 0x00, 0x00, 0x08, 0xFE, 0x00, 0x00, 0x00,
    0x00, 0x8F, 0xE0, 0x00, 0x00, 0x4F, 0xFF, 0xFF, 0xFF, 0xB0, 0x00, 0x00, 0xBF, 0xF9, 0x00, 0x00, 0x8F, 0xFE, 0x10, 0x00, 0x4F, 0xFF, 0x30, 0x00,
    0x2F, 0xFF, 0x50, 0x00, 0x0D, 0xFF, 0x90, 0x00, 0x0A, 0xFF, 0xC0, 0x00, 0x05, 0xFF, 0xE1, 0x00, 0x00, 0x6F, 0xFF, 0xFF, 0xFF, 0xD0, 0x0E, 0xFF,
    0xF1, 0x0E, 0xF4, 0x00, 0x0E, 0xF4, 0x00, 0x0E, 0xF4, 0x00, 0x0E, 0xF4, 0x00, 0x0E, 0xF4, 0x00, 0x0E, 0xF4, 0x00, 0x0E, 0xF4, 0x00, 0x0E, 0xF4,
    0x00, 0x0E, 0xF4, 0x00, 0x0E, 0xF4, 0x00, 0x0E, 0xFF, 0xF1, 0xD8, 0x00, 0x08, 0xD0, 0x00, 0x3F, 0x20, 0x00, 0xE7, 0x00, 0x0A, 0xC0, 0x00, 0x5F,
    0x10, 0x00, 0xF6, 0x00, 0x0B, 0xA0, 0x00, 0x6F, 0x00, 0x01, 0xF4, 0x00, 0x0C, 0x90, 0x2F, 0xFF, 0xD0, 0x00, 0x5F, 0xD0, 0x00, 0x5F, 0xD0, 0x00,
    0x5F, 0xD0, 0x00, 0x5F, 0xD0, 0x00, 0x5F, 0xD0, 0x00, 0x5F, 0xD0, 0x00, 0x5F, 0xD0, 0x00, 0x5F, 0xD0, 0x00, 0x5F, 0xD0, 0x00, 0x5F, 0xD0, 0x2F,
    0xFF, 0xD0, 0x00, 0x00, 0xBF, 0xA0, 0x00, 0x00, 0x00, 0x9F, 0xFF, 0x70, 0x00, 0x00, 0x6F, 0xA1, 0xBF, 0x50, 0x00, 0x4F, 0x70, 0x00, 0x8F, 0x30,
    0x00, 0x00, 0x00, 0x00, 0x00, 0x00, 0x00, 0x00, 0x00, 0x00, 0x00, 0x00, 0x00, 0x00, 0x00, 0x00, 0x00, 0x00, 0x00, 0x00, 0x00, 0x00, 0x00, 0x00,
    0x00, 0x00, 0x00, 0x00, 0x00, 0x00, 0x00, 0x00, 0x00, 0x00, 0x00, 0xFF, 0xFF, 0xFF, 0x80, 0x1C, 0xC0, 0x00, 0x00, 0x0A, 0xB0, 0x00, 0x00, 0x00,
    0x00, 0x00, 0x00, 0x00, 0x00, 0x00, 0x00, 0x00, 0x00, 0x00, 0x00, 0x00, 0x00, 0x00, 0x00, 0x00, 0x00, 0x00, 0x00, 0x00, 0x00, 0x00, 0x00, 0x00,
    0x00, 0x00, 0x0D, 0xFF, 0xFD, 0x70, 0x00, 0x00, 0x02, 0xDF, 0x50, 0x00, 0x00, 0x09, 0xFA, 0x00, 0x7D, 0xFF, 0xFF, 0xB0, 0x4F, 0xF2, 0x09, 0xFC,
    0x05, 0xFF, 0x22, 0xEF, 0xC0, 0x08, 0xEE, 0xAA, 0xFC, 0x00, 0x0E, 0xF5, 0x00, 0x00, 0x00, 0xEF, 0x50, 0x00, 0x00, 0x0E, 0xF5, 0x00, 0x00, 0x00,
    0xEF, 0x8B, 0xFD, 0x40, 0x0E, 0xFD, 0x13, 0xFF, 0x20, 0xEF, 0x70, 0x0B, 0xF9, 0x0E, 0xF6, 0x00, 0xAF, 0xA0, 0xEF, 0x70, 0x0B, 0xF9, 0x0E, 0xFD,
    0x13, 0xFF, 0x20, 0xEF, 0x8C, 0xFD, 0x50, 0x01, 0x8D, 0xFC, 0x30, 0x0D, 0xFA, 0x12, 0x80, 0x4F, 0xF1, 0x00, 0x00, 0x6F, 0xF0, 0x00, 0x00, 0x4F,
    0xF1, 0x00, 0x00, 0x0D, 0xFA, 0x12, 0x80, 0x01, 0x8D, 0xFC, 0x30, 0x00, 0x00, 0x01, 0xFF, 0x30, 0x00, 0x00, 0x1F, 0xF3, 0x00, 0x00, 0x01, 0xFF,
    0x30, 0x2B, 0xFD, 0x6F, 0xF3, 0x0D, 0xF8, 0x1A, 0xFF, 0x34, 0xFF, 0x00, 0x3F, 0xF3, 0x6F, 0xF0, 0x01, 0xFF, 0x34, 0xFF, 0x00, 0x3F, 0xF3, 0x0D,
    0xF8, 0x1A, 0xFF, 0x30, 0x2B, 0xFD, 0x6F, 0xF3, 0x01, 0x8D, 0xFD, 0x70, 0x00, 0xDF, 0x80, 0xAF, 0x90, 0x4F, 0xF0, 0x03, 0xFF, 0x06, 0xFF, 0xFF,
    0xFF, 0xF2, 0x4F, 0xF0, 0x00, 0x00, 0x00, 0xDF, 0x80, 0x15, 0xA0, 0x01, 0x8D, 0xFD, 0x92, 0x00, 0x01, 0xAF, 0xFC, 0x07, 0xFC, 0x00, 0x09, 0xFA,
    0x00, 0xCF, 0xFF, 0xF9, 0x0A, 0xFA, 0x00, 0x0A, 0xFA, 0x00, 0x0A, 0xFA, 0x00, 0x0A, 0xFA, 0x00, 0x0A, 0xFA, 0x00, 0x0A, 0xFA, 0x00, 0x02, 0xBF,
    0xD6, 0xFF, 0x30, 0xDF, 0x81, 0xAF, 0xF3, 0x4F, 0xF0, 0x03, 0xFF, 0x36, 0xFF, 0x00, 0x1F, 0xF3, 0x4F, 0xF0, 0x03, 0xFF, 0x30, 0xDF, 0x71, 0xAF,
    0xF3, 0x02, 0xBF, 0xD7, 0xFF, 0x30, 0x00, 0x00, 0x3F, 0xF1, 0x07, 0x51, 0x2C, 0xF9, 0x00, 0x19, 0xEF, 0xC6, 0x00, 0x0E, 0xF5, 0x00, 0x00, 0x00,
    0xEF, 0x50, 0x00, 0x00, 0x0E, 0xF5, 0x00, 0x00, 0x00, 0xEF, 0x8B, 0xFE, 0x60, 0x0E, 0xFD, 0x15, 0xFF, 0x10, 0xEF, 0x70, 0x1F, 0xF3, 0x0E, 0xF5,
    0x00, 0xFF, 0x30, 0xEF, 0x50, 0x0F, 0xF3, 0x0E, 0xF5, 0x00, 0xFF, 0x30, 0xEF, 0x50, 0x0F, 0xF3, 0x0E, 0xF5, 0x0E, 0xF5, 0x00, 0x00, 0x0E, 0xF5,
    0x0E, 0xF5, 0x0E, 0xF5, 0x0E, 0xF5, 0x0E, 0xF5, 0x0E, 0xF5, 0x0E, 0xF5, 0x00, 0xEF, 0x50, 0x0E, 0xF5, 0x00, 0x00, 0x00, 0x0E, 0xF5, 0x00, 0xEF,
    0x50, 0x0E, 0xF5, 0x00, 0xEF, 0x50, 0x0E, 0xF5, 0x00, 0xEF, 0x50, 0x0E, 0xF5, 0x00, 0xEF, 0x50, 0x2F, 0xF2, 0x7F, 0xE6, 0x00, 0x0E, 0xF5, 0x00,
    0x00, 0x00, 0xEF, 0x50, 0x00, 0x00, 0x0E, 0xF5, 0x00, 0x00, 0x00, 0xEF, 0x50, 0x8F, 0xE2, 0x0E, 0xF5, 0x8F, 0xD2, 0x00, 0xEF, 0xDF, 0xD1, 0x00,
    0x0E, 0xFF, 0xF7, 0x00, 0x00, 0xEF, 0xAF, 0xF6, 0x00, 0x0E, 0xF5, 0x4F, 0xF6, 0x00, 0xEF, 0x50, 0x5F, 0xF6, 0x0E, 0xF5, 0x0E, 0xF5, 0x0E, 0xF5,
    0x0E, 0xF5, 0x0E, 0xF5, 0x0E, 0xF5, 0x0E, 0xF5, 0x0E, 0xF5, 0x0E, 0xF5, 0x0E, 0xF5, 0x0E, 0xF8, 0xCF, 0xD4, 0x9E, 0xE9, 0x00, 0x0E, 0xFC, 0x19,
    0xFF, 0x71, 0xEF, 0x50, 0x0E, 0xF7, 0x05, 0xFF, 0x00, 0xCF, 0x80, 0x0E, 0xF5, 0x05, 0xFF, 0x00, 0xCF, 0x80, 0x0E, 0xF5, 0x05, 0xFF, 0x00, 0xCF,
    0x80, 0x0E, 0xF5, 0x05, 0xFF, 0x00, 0xCF, 0x80, 0x0E, 0xF5, 0x05, 0xFF, 0x00, 0xCF, 0x80, 0x0E, 0xF8, 0xBF, 0xE6, 0x00, 0xEF, 0xD1, 0x5F, 0xF1,
    0x0E, 0xF7, 0x01, 0xFF, 0x30, 0xEF, 0x50, 0x0F, 0xF3, 0x0E, 0xF5, 0x00, 0xFF, 0x30, 0xEF, 0x50, 0x0F, 0xF3, 0x0E, 0xF5, 0x00, 0xFF, 0x30, 0x01,
    0x9D, 0xFD, 0x80, 0x00, 0xDF, 0x80, 0x9F, 0xC0, 0x4F, 0xF0, 0x01, 0xFF, 0x36, 0xFF, 0x00, 0x0F, 0xF5, 0x4F, 0xF0, 0x01, 0xFF, 0x30, 0xDF, 0x80,
    0x9F, 0xC0, 0x01, 0x9D, 0xFD, 0x81, 0x00, 0x0E, 0xF8, 0xBF, 0xD4, 0x00, 0xEF, 0xD1, 0x3F, 0xF2, 0x0E, 0xF7, 0x00, 0xBF, 0x90, 0xEF, 0x60, 0x0A,
    0xFA, 0x0E, 0xF7, 0x00, 0xBF, 0x90, 0xEF, 0xD1, 0x3F, 0xF2, 0x0E, 0xF8, 0xCF, 0xD5, 0x00, 0xEF, 0x50, 0x00, 0x00, 0x0E, 0xF5, 0x00, 0x00, 0x00,
    0xEF, 0x50, 0x00, 0x00, 0x02, 0xBF, 0xD6, 0xFF, 0x30, 0xDF, 0x81, 0xAF, 0xF3, 0x4F, 0xF0, 0x03, 0xFF, 0x36, 0xFF, 0x00, 0x1F, 0xF3, 0x4F, 0xF0,
    0x03, 0xFF, 0x30, 0xDF, 0x81, 0xAF, 0xF3, 0x02, 0xBF, 0xD6, 0xFF, 0x30, 0x00, 0x00, 0x1F, 0xF3, 0x00, 0x00, 0x01, 0xFF, 0x30, 0x00, 0x00, 0x1F,
    0xF3, 0x0E, 0xF8, 0xBF, 0x60, 0xEF, 0xD2, 0x00, 0x0E, 0xF7, 0x00, 0x00, 0xEF, 0x50, 0x00, 0x0E, 0xF5, 0x00, 0x00, 0xEF, 0x50, 0x00, 0x0E, 0xF5,
    0x00, 0x00, 0x07, 0xDF, 0xD9, 0x10, 0x3F, 0xC1, 0x16, 0x80, 0x4F, 0xE6, 0x30, 0x00, 0x0A, 0xFF, 0xFF, 0x80, 0x00, 0x13, 0x8F, 0xF0, 0x39, 0x30,
    0x4F, 0xF0, 0x05, 0xCF, 0xEC, 0x40, 0x0B, 0xF9, 0x00, 0x0B, 0xF9, 0x00, 0xDF, 0xFF, 0xFE, 0x0B, 0xF9, 0x00, 0x0B, 0xF9, 0x00, 0x0B, 0xF9, 0x00,
    0x0B, 0xF9, 0x00, 0x09, 0xFB, 0x00, 0x02, 0xCF, 0xFB, 0x0F, 0xF4, 0x01, 0xFF, 0x20, 0xFF, 0x40, 0x1F, 0xF2, 0x0F, 0xF4, 0x01, 0xFF, 0x20, 0xFF,
    0x40, 0x1F, 0xF2, 0x0F, 0xF4, 0x03, 0xFF, 0x20, 0xDF, 0x90, 0xAF, 0xF2, 0x03, 0xDF, 0xD6, 0xFF, 0x20, 0x9F, 0xA0, 0x02, 0xFF, 0x13, 0xFF, 0x00,
    0x8F, 0xA0, 0x0C, 0xF6, 0x0E, 0xF4, 0x00, 0x6F, 0xB4, 0xFD, 0x00, 0x00, 0xFF, 0xBF, 0x70, 0x00, 0x09, 0xFF, 0xF1, 0x00, 0x00, 0x3F, 0xFA, 0x00,
    0x00, 0x6F, 0xC0, 0x1F, 0xF1, 0x0C, 0xF6, 0x2F, 0xF0, 0x5F, 0xF5, 0x0F, 0xF2, 0x0E, 0xF4, 0x9E, 0xE9, 0x4F, 0xE0, 0x09, 0xF8, 0xDA, 0xAD, 0x8F,
    0x90, 0x05, 0xFD, 0xF6, 0x6F, 0xDF, 0x50, 0x01, 0xFF, 0xF2, 0x2F, 0xFF, 0x10, 0x00, 0xCF, 0xE0, 0x0E, 0xFD, 0x00, 0x4F, 0xF2, 0x0B, 0xFA, 0x00,
    0x8F, 0xC6, 0xFD, 0x10, 0x00, 0xCF, 0xFF, 0x30, 0x00, 0x04, 0xFF, 0xB0, 0x00, 0x00, 0xDF, 0xFF, 0x50, 0x00, 0xAF, 0xA4, 0xFE, 0x20, 0x6F, 0xE1,
    0x09, 0xFC, 0x00, 0xAF, 0xA0, 0x03, 0xFF, 0x13, 0xFF, 0x10, 0x8F, 0xB0, 0x0C, 0xF7, 0x0E, 0xF5, 0x00, 0x5F, 0xD3, 0xFF, 0x00, 0x00, 0xEF, 0xCF,
    0x90, 0x00, 0x08, 0xFF, 0xF4, 0x00, 0x00, 0x1F, 0xFE, 0x00, 0x00, 0x00, 0xCF, 0x80, 0x00, 0x00, 0x2F, 0xF2, 0x00, 0x00, 0xBF, 0xD5, 0x00, 0x00,
    0x4F, 0xFF, 0xFF, 0xF0, 0x00, 0x02, 0xFF, 0xE0, 0x00, 0x1E, 0xFF, 0x40, 0x00, 0xDF, 0xF6, 0x00, 0x0B, 0xFF, 0x80, 0x00, 0x6F, 0xFA, 0x00, 0x00,
    0x6F, 0xFF, 0xFF, 0xF0, 0x00, 0x00, 0xAE, 0xFA, 0x00, 0x00, 0x5F, 0xE1, 0x00, 0x00, 0x06, 0xFC, 0x00, 0x00, 0x00, 0x6F, 0xB0, 0x00, 0x00, 0x1B,
    0xF9, 0x00, 0x00, 0x6F, 0xFE, 0x10, 0x00, 0x00, 0x1C, 0xF9, 0x00, 0x00, 0x00, 0x7F, 0xB0, 0x00, 0x00, 0x06, 0xFC, 0x00, 0x00, 0x00, 0x6F, 0xC0,
    0x00, 0x00, 0x04, 0xFF, 0x20, 0x00, 0x00, 0x09, 0xEF, 0xA0, 0x05, 0xF1, 0x00, 0x5F, 0x10, 0x05, 0xF1, 0x00, 0x5F, 0x10, 0x05, 0xF1, 0x00, 0x5F,
    0x10, 0x05, 0xF1, 0x00, 0x5F, 0x10, 0x05, 0xF1, 0x00, 0x5F, 0x10, 0x05, 0xF1, 0x00, 0x5F, 0x10, 0x05, 0xF1, 0x00, 0x06, 0xFF, 0xB1, 0x00, 0x00,
    0x00, 0xBF, 0x90, 0x00, 0x00, 0x08, 0xFA, 0x00, 0x00, 0x00, 0x7F, 0xA0, 0x00, 0x00, 0x05, 0xFE, 0x20, 0x00, 0x00, 0x0B, 0xFF, 0xA0, 0x00, 0x05,
    0xFF, 0x20, 0x00, 0x00, 0x7F, 0xB0, 0x00, 0x00, 0x08, 0xFA, 0x00, 0x00, 0x00, 0x8F, 0xA0, 0x00, 0x00, 0x1C, 0xF8, 0x00, 0x00, 0x6F, 0xFB, 0x10,
    0x00, 0x00, 0x00, 0x00, 0x00, 0x00, 0x00, 0x1A, 0xFD, 0x82, 0x06, 0x70, 0x09, 0xFF, 0xFF, 0xFF, 0xF8, 0x00, 0x74, 0x02, 0x8E, 0xE9, 0x00, 0x00,
    0x00, 0x00, 0x00, 0x00, 0x00, 0x00, 0x00, 0x00, 0x00, 0x00,
};

static const glyph_t font_small_glyphs[] = {
    {0,0,0,0,0,5},
    {0,6,9,0,4,6},
    {27,7,9,0,4,7},
    {59,11,9,0,4,11},
    {109,9,11,0,4,9},
    {159,13,9,0,4,13},
    {218,11,9,0,4,11},
    {268,4,9,0,4,4},
    {286,6,12,0,3,6},
    {322,6,12,0,3,6},
    {358,7,9,0,4,7},
    {390,11,8,0,5,11},
    {434,5,4,0,11,5},
    {444,5,5,0,8,5},
    {457,5,2,0,11,5},
    {462,5,11,0,4,5},
    {490,9,9,0,4,9},
    {531,9,9,0,4,9},
    {572,9,9,0,4,9},
    {613,9,9,0,4,9},
    {654,9,9,0,4,9},
    {695,9,9,0,4,9},
    {736,9,9,0,4,9},
    {777,9,9,0,4,9},
    {818,9,9,0,4,9},
    {859,9,9,0,4,9},
    {900,5,7,0,6,5},
    {918,5,9,0,6,5},
    {941,11,8,0,5,11},
    {985,11,7,0,6,11},
    {1024,11,8,0,5,11},
    {1068,8,9,0,4,8},
    {1104,13,11,0,4,13},
    {1176,10,9,0,4,10},
    {1221,10,9,0,4,10},
    {1266,10,9,0,4,10},
    {1311,11,9,0,4,11},
    {1361,9,9,0,4,9},
    {1402,9,9,0,4,9},
    {1443,11,9,0,4,11},
    {1493,11,9,0,4,11},
    {1543,5,9,0,4,5},
    {1566,6,12,-1,4,5},
    {1602,11,9,0,4,10},
    {1652,8,9,0,4,8},
    {1688,13,9,0,4,13},
    {1747,11,9,0,4,11},
    {1797,11,9,0,4,11},
    {1847,10,9,0,4,10},
    {1892,11,11,0,4,11},
    {1953,10,9,0,4,10},
    {1998,9,9,0,4,9},
    {2039,9,9,0,4,9},
    {2080,11,9,0,4,11},
    {2130,10,9,0,4,10},
    {2175,14,9,0,4,14},
    {2238,10,9,0,4,10},
    {2283,11,9,-1,4,9},
    {2333,9,9,0,4,9},
    {2374,6,12,0,3,6},
    {2410,5,11,0,4,5},
    {2438,6,12,0,3,6},
    {2474,11,9,0,4,11},
    {2524,7,3,0,13,6},
    {2535,7,10,0,3,6},
    {2570,9,7,0,6,9},
    {2602,9,10,0,3,9},
    {2647,8,7,0,6,8},
    {2675,9,10,0,3,9},
    {2720,9,7,0,6,9},
    {2752,6,10,0,3,6},
    {2782,9,10,0,6,9},
    {2827,9,10,0,3,9},
    {2872,4,10,0,3,4},
    {2892,5,13,-1,3,4},
    {2925,9,10,0,3,9},
    {2970,4,10,0,3,4},
    {2990,14,7,0,6,14},
    {3039,9,7,0,6,9},
    {3071,9,7,0,6,9},
    {3103,9,10,0,6,9},
    {3148,9,10,0,6,9},
    {3193,7,7,0,6,6},
    {3218,8,7,0,6,8},
    {3246,6,9,0,4,6},
    {3273,9,7,0,6,9},
    {3305,9,7,0,6,8},
    {3337,12,7,0,6,12},
    {3379,9,7,0,6,8},
    {3411,9,10,0,6,8},
    {3456,8,7,0,6,8},
    {3484,9,12,0,3,9},
    {3538,5,13,0,3,5},
    {3571,9,12,0,3,9},
    {3625,11,6,0,7,11}
};

static const font_t FONT_SMALL = { font_small_glyphs, font_small_data, 32, 95, 17, 13 };

static const uint8_t font_med_data[6254] = {
    0x00, 0xAF, 0xF6, 0x00, 0x00, 0xAF, 0xF6, 0x00, 0x00, 0xAF, 0xF6, 0x00, 0x00, 0xAF, 0xF6, 0x00, 0x00, 0x9F, 0xF5, 0x00, 0x00, 0x8F, 0xF4, 0x00,
    0x00, 0x6F, 0xF2, 0x00, 0x00, 0x4F, 0xF0, 0x00, 0x00, 0x00, 0x00, 0x00, 0x00, 0xAF, 0xF6, 0x00, 0x00, 0xAF, 0xF6, 0x00, 0x00, 0xAF, 0xF6, 0x00,
    0x06, 0xF9, 0x0B, 0xF3, 0x00, 0x6F, 0x90, 0xBF, 0x30, 0x06, 0xF9, 0x0B, 0xF3, 0x00, 0x6F, 0x90, 0xBF, 0x30, 0x06, 0xF9, 0x0B, 0xF3, 0x00, 0x00,
    0x00, 0x00, 0x00, 0x00, 0x00, 0x00, 0x00, 0x00, 0x00, 0x00, 0x00, 0x00, 0x00, 0x00, 0x00, 0x00, 0x00, 0x00, 0x00, 0x00, 0x00, 0x00, 0x00, 0x00,
    0x00, 0x00, 0x00, 0x00, 0x00, 0x00, 0x00, 0x00, 0x06, 0xF6, 0x05, 0xF7, 0x00, 0x00, 0x00, 0x0A, 0xF2, 0x0A, 0xF3, 0x00, 0x00, 0x00, 0x0E, 0xE0,
    0x0E, 0xE0, 0x00, 0x00, 0xEF, 0xFF, 0xFF, 0xFF, 0xFF, 0xF1, 0x00, 0xEF, 0xFF, 0xFF, 0xFF, 0xFF, 0xF1, 0x00, 0x00, 0xBF, 0x20, 0xAF, 0x30, 0x00,
    0x00, 0x00, 0xFE, 0x00, 0xEE, 0x00, 0x00, 0x0D, 0xFF, 0xFF, 0xFF, 0xFF, 0xFF, 0x20, 0x0D, 0xFF, 0xFF, 0xFF, 0xFF, 0xFF, 0x20, 0x00, 0x0A, 0xF3,
    0x09, 0xF3, 0x00, 0x00, 0x00, 0x0E, 0xE0, 0x0E, 0xE0, 0x00, 0x00, 0x00, 0x3F, 0xA0, 0x2F, 0xA0, 0x00, 0x00, 0x00, 0x00, 0x0C, 0x90, 0x00, 0x00,
    0x00, 0x00, 0x0C, 0x90, 0x00, 0x00, 0x00, 0x29, 0xDF, 0xFC, 0x82, 0x00, 0x02, 0xFF, 0xFF, 0xFF, 0xFE, 0x00, 0x09, 0xFF, 0x4C, 0x92, 0x6B, 0x00,
    0x0A, 0xFF, 0x1C, 0x90, 0x00, 0x00, 0x06, 0xFF, 0xEE, 0xC5, 0x10, 0x00, 0x00, 0xAF, 0xFF, 0xFF, 0xF9, 0x00, 0x00, 0x02, 0x6E, 0xEF, 0xFF, 0x60,
    0x00, 0x00, 0x0C, 0x91, 0xFF, 0x90, 0x09, 0x83, 0x1C, 0x93, 0xFF, 0x90, 0x0A, 0xFF, 0xFF, 0xFF, 0xFF, 0x30, 0x01, 0x6B, 0xEF, 0xFE, 0xA3, 0x00,
    0x00, 0x00, 0x0C, 0x90, 0x00, 0x00, 0x00, 0x00, 0x0C, 0x90, 0x00, 0x00, 0x00, 0x00, 0x0C, 0x90, 0x00, 0x00, 0x02, 0xBE, 0xE9, 0x00, 0x00, 0x0D,
    0xE1, 0x00, 0x00, 0xEF, 0x26, 0xF9, 0x00, 0x08, 0xF5, 0x00, 0x00, 0x4F, 0xB0, 0x0F, 0xF0, 0x02, 0xFB, 0x00, 0x00, 0x06, 0xFA, 0x00, 0xEF, 0x20,
    0xCF, 0x10, 0x00, 0x00, 0x4F, 0xB0, 0x0F, 0xF0, 0x6F, 0x60, 0x00, 0x00, 0x00, 0xEF, 0x26, 0xF9, 0x1F, 0xC0, 0x8E, 0xFB, 0x20, 0x02, 0xBE, 0xE9,
    0x0B, 0xF2, 0x9F, 0x62, 0xFE, 0x00, 0x00, 0x00, 0x05, 0xF7, 0x0F, 0xF0, 0x0B, 0xF5, 0x00, 0x00, 0x01, 0xEC, 0x01, 0xFF, 0x00, 0x9F, 0x70, 0x00,
    0x00, 0xAF, 0x30, 0x0F, 0xF0, 0x0B, 0xF5, 0x00, 0x00, 0x4F, 0x80, 0x00, 0x9F, 0x62, 0xFE, 0x00, 0x00, 0x0E, 0xD0, 0x00, 0x00, 0x9E, 0xFB, 0x20,
    0x00, 0x00, 0x7D, 0xFE, 0xA3, 0x00, 0x00, 0x00, 0x00, 0xBF, 0xFF, 0xFF, 0xF0, 0x00, 0x00, 0x00, 0x1F, 0xFE, 0x21, 0x4B, 0x00, 0x00, 0x00, 0x00,
    0xFF, 0xF1, 0x00, 0x00, 0x00, 0x00, 0x00, 0x0A, 0xFF, 0xC0, 0x00, 0x00, 0x00, 0x00, 0x09, 0xFF, 0xFF, 0xC0, 0x02, 0xFF, 0x70, 0x07, 0xFF, 0x9A,
    0xFF, 0xC0, 0x5F, 0xF4, 0x00, 0xDF, 0xF0, 0x0A, 0xFF, 0xCD, 0xFE, 0x00, 0x0F, 0xFF, 0x00, 0x0A, 0xFF, 0xFF, 0x50, 0x00, 0xBF, 0xFB, 0x20, 0x4F,
    0xFF, 0xE0, 0x00, 0x02, 0xEF, 0xFF, 0xFF, 0xFF, 0xFF, 0xB0, 0x00, 0x01, 0x9D, 0xFE, 0xD8, 0x3C, 0xFF, 0xA0, 0x06, 0xF9, 0x00, 0x6F, 0x90, 0x06,
    0xF9, 0x00, 0x6F, 0x90, 0x06, 0xF9, 0x00, 0x00, 0x00, 0x00, 0x00, 0x00, 0x00, 0x00, 0x00, 0x00, 0x00, 0x00, 0x00, 0x00, 0x00, 0x00, 0x00, 0x00,
    0x00, 0x05, 0xFF, 0x20, 0x00, 0x0D, 0xFA, 0x00, 0x00, 0x5F, 0xF4, 0x00, 0x00, 0xCF, 0xE0, 0x00, 0x01, 0xFF, 0xA0, 0x00, 0x05, 0xFF, 0x70, 0x00,
    0x07, 0xFF, 0x50, 0x00, 0x08, 0xFF, 0x40, 0x00, 0x07, 0xFF, 0x50, 0x00, 0x05, 0xFF, 0x70, 0x00, 0x01, 0xFF, 0xA0, 0x00, 0x00, 0xCF, 0xE0, 0x00,
    0x00, 0x6F, 0xF4, 0x00, 0x00, 0x0D, 0xFA, 0x00, 0x00, 0x05, 0xFF, 0x20, 0x06, 0xFF, 0x20, 0x00, 0x00, 0xEF, 0xA0, 0x00, 0x00, 0x8F, 0xF2, 0x00,
    0x00, 0x2F, 0xF8, 0x00, 0x00, 0x0E, 0xFD, 0x00, 0x00, 0x0B, 0xFF, 0x10, 0x00, 0x09, 0xFF, 0x30, 0x00, 0x08, 0xFF, 0x40, 0x00, 0x09, 0xFF, 0x30,
    0x00, 0x0B, 0xFF, 0x10, 0x00, 0x0E, 0xFD, 0x00, 0x00, 0x2F, 0xF8, 0x00, 0x00, 0x8F, 0xF2, 0x00, 0x00, 0xEF, 0xA0, 0x00, 0x06, 0xFF, 0x20, 0x00,
    0x00, 0x04, 0xF2, 0x00, 0x04, 0xA1, 0x4F, 0x22, 0xB2, 0x5F, 0xF9, 0xF9, 0xFE, 0x40, 0x1A, 0xFF, 0xF9, 0x10, 0x01, 0xAF, 0xFF, 0x91, 0x05, 0xFF,
    0x9F, 0x9F, 0xE4, 0x4A, 0x14, 0xF2, 0x2B, 0x20, 0x00, 0x4F, 0x20, 0x00, 0x00, 0x00, 0x00, 0x00, 0x00, 0x00, 0x00, 0x00, 0x00, 0x00, 0x00, 0x00,
    0x00, 0x00, 0x00, 0x00, 0x00, 0x00, 0x00, 0x00, 0x00, 0xDF, 0x10, 0x00, 0x00, 0x00, 0x00, 0x00, 0xDF, 0x10, 0x00, 0x00, 0x00, 0x00, 0x00, 0xDF,
    0x10, 0x00, 0x00, 0x00, 0x00, 0x00, 0xDF, 0x10, 0x00, 0x00, 0x03, 0xFF, 0xFF, 0xFF, 0xFF, 0xFF, 0x70, 0x03, 0xFF, 0xFF, 0xFF, 0xFF, 0xFF, 0x70,
    0x00, 0x00, 0x00, 0xDF, 0x10, 0x00, 0x00, 0x00, 0x00, 0x00, 0xDF, 0x10, 0x00, 0x00, 0x00, 0x00, 0x00, 0xDF, 0x10, 0x00, 0x00, 0x00, 0x00, 0x00,
    0xDF, 0x10, 0x00, 0x00, 0x04, 0xFF, 0xB0, 0x04, 0xFF, 0xB0, 0x04, 0xFF, 0xB0, 0x07, 0xFF, 0x30, 0x0B, 0xF9, 0x00, 0x0F, 0xE1, 0x00, 0x1F, 0xFF,
    0xFF, 0x21, 0xFF, 0xFF, 0xF2, 0x00, 0x00, 0x00, 0x00, 0x00, 0x00, 0x00, 0x00, 0x00, 0x00, 0x00, 0x00, 0x00, 0x00, 0x04, 0xFF, 0xB0, 0x04, 0xFF,
    0xB0, 0x04, 0xFF, 0xB0, 0x00, 0x00, 0xCF, 0x10, 0x00, 0x1F, 0xB0, 0x00, 0x06, 0xF6, 0x00, 0x00, 0xBF, 0x10, 0x00, 0x1F, 0xC0, 0x00, 0x05, 0xF7,
    0x00, 0x00, 0xAF, 0x20, 0x00, 0x0F, 0xD0, 0x00, 0x04, 0xF8, 0x00, 0x00, 0x9F, 0x30, 0x00, 0x0E, 0xE0, 0x00, 0x03, 0xF9, 0x00, 0x00, 0x8F, 0x40,
    0x00, 0x0D, 0xF0, 0x00, 0x00, 0x00, 0x07, 0xDF, 0xFC, 0x50, 0x00, 0x00, 0xBF, 0xFF, 0xFF, 0xF9, 0x00, 0x07, 0xFF, 0xC1, 0x2E, 0xFF, 0x40, 0x0D,
    0xFF, 0x40, 0x06, 0xFF, 0xA0, 0x1F, 0xFF, 0x10, 0x04, 0xFF, 0xE0, 0x2F, 0xFF, 0x00, 0x03, 0xFF, 0xF0, 0x2F, 0xFF, 0x00, 0x03, 0xFF, 0xF0, 0x1F,
    0xFF, 0x10, 0x04, 0xFF, 0xE0, 0x0D, 0xFF, 0x40, 0x07, 0xFF, 0xA0, 0x07, 0xFF, 0xC1, 0x2E, 0xFF, 0x40, 0x00, 0xBF, 0xFF, 0xFF, 0xF9, 0x00, 0x00,
    0x07, 0xDF, 0xFC, 0x50, 0x00, 0x00, 0x38, 0xEF, 0xFD, 0x00, 0x00, 0x01, 0xFF, 0xFF, 0xFD, 0x00, 0x00, 0x01, 0xC7, 0x4F, 0xFD, 0x00, 0x00, 0x00,
    0x00, 0x3F, 0xFD, 0x00, 0x00, 0x00, 0x00, 0x3F, 0xFD, 0x00, 0x00, 0x00, 0x00, 0x3F, 0xFD, 0x00, 0x00, 0x00, 0x00, 0x3F, 0xFD, 0x00, 0x00, 0x00,
    0x00, 0x3F, 0xFD, 0x00, 0x00, 0x00, 0x00, 0x3F, 0xFD, 0x00, 0x00, 0x00, 0x00, 0x3F, 0xFD, 0x00, 0x00, 0x00, 0xFF, 0xFF, 0xFF, 0xFF, 0xA0, 0x00,
    0xFF, 0xFF, 0xFF, 0xFF, 0xA0, 0x01, 0x6B, 0xEF, 0xEB, 0x40, 0x00, 0x0A, 0xFF, 0xFF, 0xFF, 0xF7, 0x00, 0x0A, 0xE6, 0x11, 0xAF, 0xFF, 0x10, 0x07,
    0x10, 0x00, 0x1F, 0xFF, 0x30, 0x00, 0x00, 0x00, 0x0F, 0xFF, 0x20, 0x00, 0x00, 0x00, 0x5F, 0xFC, 0x00, 0x00, 0x00, 0x03, 0xFF, 0xE2, 0x00, 0x00,
    0x00, 0x7F, 0xFE, 0x20, 0x00, 0x00, 0x0A, 0xFF, 0xB1, 0x00, 0x00, 0x02, 0xDF, 0xF8, 0x00, 0x00, 0x00, 0x0A, 0xFF, 0xFF, 0xFF, 0xFF, 0x50, 0x0A,
    0xFF, 0xFF, 0xFF, 0xFF, 0x50, 0x00, 0x5B, 0xEF, 0xEC, 0x70, 0x00, 0x05, 0xFF, 0xFF, 0xFF, 0xFB, 0x00, 0x04, 0x93, 0x01, 0x8F, 0xFF, 0x10, 0x00,
    0x00, 0x00, 0x1F, 0xFF, 0x10, 0x00, 0x00, 0x01, 0x8F, 0xFB, 0x00, 0x00, 0x0B, 0xFF, 0xFF, 0x90, 0x00, 0x00, 0x0B, 0xFF, 0xFF, 0xF7, 0x00, 0x00,
    0x00, 0x01, 0x6F, 0xFF, 0x30, 0x00, 0x00, 0x00, 0x0C, 0xFF, 0x60, 0x0B, 0x62, 0x01, 0x6F, 0xFF, 0x40, 0x0D, 0xFF, 0xFF, 0xFF, 0xFB, 0x00, 0x02,
    0x8C, 0xFF, 0xEB, 0x60, 0x00, 0x00, 0x00, 0x0A, 0xFF, 0xF4, 0x00, 0x00, 0x00, 0x6F, 0xFF, 0xF4, 0x00, 0x00, 0x03, 0xFF, 0xEF, 0xF4, 0x00, 0x00,
    0x0D, 0xF6, 0xBF, 0xF4, 0x00, 0x00, 0xAF, 0xA0, 0xBF, 0xF4, 0x00, 0x06, 0xFD, 0x00, 0xBF, 0xF4, 0x00, 0x2F, 0xF2, 0x00, 0xBF, 0xF4, 0x00, 0x3F,
    0xFF, 0xFF, 0xFF, 0xFF, 0xF0, 0x3F, 0xFF, 0xFF, 0xFF, 0xFF, 0xF0, 0x00, 0x00, 0x00, 0xBF, 0xF4, 0x00, 0x00, 0x00, 0x00, 0xBF, 0xF4, 0x00, 0x00,
    0x00, 0x00, 0xBF, 0xF4, 0x00, 0x03, 0xFF, 0xFF, 0xFF, 0xFC, 0x00, 0x03, 0xFF, 0xFF, 0xFF, 0xFC, 0x00, 0x03, 0xFF, 0x50, 0x00, 0x00, 0x00, 0x03,
    0xFF, 0x50, 0x00, 0x00, 0x00, 0x03, 0xFF, 0xEF, 0xFC, 0x70, 0x00, 0x03, 0xFF, 0xFF, 0xFF, 0xFC, 0x00, 0x03, 0xA4, 0x11, 0x6F, 0xFF, 0x50, 0x00,
    0x00, 0x00, 0x0A, 0xFF, 0x90, 0x00, 0x00, 0x00, 0x0A, 0xFF, 0x90, 0x09, 0x83, 0x11, 0x6F, 0xFF, 0x50, 0x0B, 0xFF, 0xFF, 0xFF, 0xFA, 0x00, 0x01,
    0x7C, 0xEF, 0xEB, 0x60, 0x00, 0x00, 0x02, 0x9D, 0xFE, 0xB4, 0x00, 0x00, 0x4F, 0xFF, 0xFF, 0xFF, 0x10, 0x01, 0xEF, 0xF7, 0x10, 0x3A, 0x10, 0x08,
    0xFF, 0x70, 0x00, 0x00, 0x00, 0x0C, 0xFF, 0x8D, 0xFE, 0xA2, 0x00, 0x0E, 0xFF, 0xFF, 0xFF, 0xFF, 0x20, 0x0E, 0xFF, 0xE2, 0x1A, 0xFF, 0xA0, 0x0D,
    0xFF, 0x80, 0x03, 0xFF, 0xE0, 0x0A, 0xFF, 0x80, 0x03, 0xFF, 0xD0, 0x03, 0xFF, 0xE2, 0x1A, 0xFF, 0x90, 0x00, 0x8F, 0xFF, 0xFF, 0xFD, 0x10, 0x00,
    0x05, 0xCF, 0xFD, 0x80, 0x00, 0x0D, 0xFF, 0xFF, 0xFF, 0xFF, 0x70, 0x0D, 0xFF, 0xFF, 0xFF, 0xFF, 0x70, 0x00, 0x00, 0x00, 0x2F, 0xFF, 0x20, 0x00,
    0x00, 0x00, 0x9F, 0xFA, 0x00, 0x00, 0x00, 0x01, 0xFF, 0xF2, 0x00, 0x00, 0x00, 0x07, 0xFF, 0xB0, 0x00, 0x00, 0x00, 0x0E, 0xFF, 0x30, 0x00, 0x00,
    0x00, 0x6F, 0xFC, 0x00, 0x00, 0x00, 0x00, 0xDF, 0xF4, 0x00, 0x00, 0x00, 0x05, 0xFF, 0xD0, 0x00, 0x00, 0x00, 0x0C, 0xFF, 0x50, 0x00, 0x00, 0x00,
    0x3F, 0xFD, 0x00, 0x00, 0x00, 0x00, 0x3A, 0xEF, 0xFD, 0x91, 0x00, 0x03, 0xFF, 0xFF, 0xFF, 0xFE, 0x10, 0x09, 0xFF, 0xB1, 0x1D, 0xFF, 0x60, 0x0A,
    0xFF, 0x50, 0x08, 0xFF, 0x70, 0x05, 0xFF, 0xB1, 0x1D, 0xFF, 0x20, 0x00, 0x6E, 0xFF, 0xFF, 0xD4, 0x00, 0x00, 0x9F, 0xFF, 0xFF, 0xE7, 0x00, 0x0A,
    0xFF, 0x80, 0x1A, 0xFF, 0x70, 0x0E, 0xFF, 0x10, 0x04, 0xFF, 0xB0, 0x0D, 0xFF, 0x80, 0x1A, 0xFF, 0xA0, 0x06, 0xFF, 0xFF, 0xFF, 0xFF, 0x30, 0x00,
    0x4B, 0xEF, 0xFE, 0xA3, 0x00, 0x00, 0x29, 0xEF, 0xEB, 0x30, 0x00, 0x03, 0xFF, 0xFF, 0xFF, 0xF5, 0x00, 0x0C, 0xFF, 0x70, 0x4F, 0xFF, 0x10, 0x0F,
    0xFF, 0x00, 0x0B, 0xFF, 0x60, 0x1F, 0xFF, 0x00, 0x0B, 0xFF, 0x90, 0x0E, 0xFF, 0x70, 0x4F, 0xFF, 0xB0, 0x05, 0xFF, 0xFF, 0xFF, 0xFF, 0xA0, 0x00,
    0x4C, 0xFF, 0xCA, 0xFF, 0x80, 0x00, 0x00, 0x00, 0x0B, 0xFF, 0x40, 0x04, 0x93, 0x02, 0x9F, 0xFC, 0x00, 0x04, 0xFF, 0xFF, 0xFF, 0xD1, 0x00, 0x00,
    0x6C, 0xEF, 0xD7, 0x00, 0x00, 0x01, 0xFF, 0xE0, 0x00, 0x1F, 0xFE, 0x00, 0x01, 0xFF, 0xE0, 0x00, 0x00, 0x00, 0x00, 0x00, 0x00, 0x00, 0x00, 0x00,
    0x00, 0x00, 0x01, 0xFF, 0xE0, 0x00, 0x1F, 0xFE, 0x00, 0x01, 0xFF, 0xE0, 0x00, 0x01, 0xFF, 0xE0, 0x00, 0x1F, 0xFE, 0x00, 0x01, 0xFF, 0xE0, 0x00,
    0x00, 0x00, 0x00, 0x00, 0x00, 0x00, 0x00, 0x00, 0x00, 0x00, 0x01, 0xFF, 0xE0, 0x00, 0x1F, 0xFE, 0x00, 0x01, 0xFF, 0xD0, 0x00, 0x4F, 0xF6, 0x00,
    0x08, 0xFC, 0x00, 0x00, 0xCF, 0x20, 0x00, 0x00, 0x00, 0x00, 0x00, 0x00, 0x4A, 0x60, 0x00, 0x00, 0x00, 0x02, 0x8E, 0xFF, 0x70, 0x00, 0x00, 0x06,
    0xCF, 0xFF, 0xD7, 0x10, 0x00, 0x4A, 0xFF, 0xFE, 0x93, 0x00, 0x00, 0x03, 0xFF, 0xFA, 0x40, 0x00, 0x00, 0x00, 0x03, 0xFF, 0xE9, 0x40, 0x00, 0x00,
    0x00, 0x00, 0x4A, 0xFF, 0xFE, 0x83, 0x00, 0x00, 0x00, 0x00, 0x16, 0xCF, 0xFF, 0xD7, 0x10, 0x00, 0x00, 0x00, 0x02, 0x8E, 0xFF, 0x70, 0x00, 0x00,
    0x00, 0x00, 0x00, 0x4A, 0x60, 0x03, 0xFF, 0xFF, 0xFF, 0xFF, 0xFF, 0x70, 0x03, 0xFF, 0xFF, 0xFF, 0xFF, 0xFF, 0x70, 0x00, 0x00, 0x00, 0x00, 0x00,
    0x00, 0x00, 0x00, 0x00, 0x00, 0x00, 0x00, 0x00, 0x00, 0x03, 0xFF, 0xFF, 0xFF, 0xFF, 0xFF, 0x70, 0x03, 0xFF, 0xFF, 0xFF, 0xFF, 0xFF, 0x70, 0x00,
    0x00, 0x00, 0x00, 0x00, 0x00, 0x00, 0x00, 0x00, 0x00, 0x00, 0x00, 0x00, 0x00, 0x03, 0xB5, 0x00, 0x00, 0x00, 0x00, 0x00, 0x03, 0xFF, 0xF9, 0x30,
    0x00, 0x00, 0x00, 0x00, 0x6C, 0xFF, 0xFD, 0x71, 0x00, 0x00, 0x00, 0x00, 0x27, 0xDF, 0xFF, 0xB5, 0x00, 0x00, 0x00, 0x00, 0x03, 0x8E, 0xFF, 0x70,
    0x00, 0x00, 0x00, 0x02, 0x8D, 0xFF, 0x70, 0x00, 0x00, 0x17, 0xDF, 0xFF, 0xB5, 0x00, 0x00, 0x6C, 0xFF, 0xFD, 0x71, 0x00, 0x00, 0x03, 0xFF, 0xF9,
    0x30, 0x00, 0x00, 0x00, 0x03, 0xB5, 0x00, 0x00, 0x00, 0x00, 0x00, 0x02, 0x9D, 0xFE, 0xB4, 0x00, 0x0D, 0xFF, 0xFF, 0xFF, 0x50, 0x0A, 0x62, 0x08,
    0xFF, 0xA0, 0x00, 0x00, 0x05, 0xFF, 0xB0, 0x00, 0x00, 0x2D, 0xFF, 0x50, 0x00, 0x02, 0xEF, 0xF8, 0x00, 0x00, 0x0D, 0xFF, 0x70, 0x00, 0x00, 0x1F,
    0xFF, 0x00, 0x00, 0x00, 0x00, 0x00, 0x00, 0x00, 0x00, 0x1F, 0xFE, 0x00, 0x00, 0x00, 0x1F, 0xFE, 0x00, 0x00, 0x00, 0x1F, 0xFE, 0x00, 0x00, 0x00,
    0x00, 0x04, 0xAE, 0xFE, 0xC7, 0x10, 0x00, 0x00, 0x00, 0x1C, 0xFF, 0xFF, 0xFF, 0xFE, 0x50, 0x00, 0x00, 0x1E, 0xFD, 0x62, 0x01, 0x39, 0xFF, 0x50,
    0x00, 0x0B, 0xF8, 0x00, 0x00, 0x00, 0x03, 0xEF, 0x10, 0x03, 0xFA, 0x00, 0x7D, 0xF8, 0xBF, 0x04, 0xF7, 0x00, 0x9F, 0x10, 0x6F, 0xFF, 0xFE, 0xF0,
    0x0E, 0xB0, 0x0C, 0xC0, 0x0D, 0xF5, 0x05, 0xFF, 0x00, 0xCC, 0x00, 0xDB, 0x00, 0xFE, 0x00, 0x0E, 0xF0, 0x1F, 0xA0, 0x0C, 0xC0, 0x0D, 0xF5, 0x05,
    0xFF, 0x2B, 0xF5, 0x00, 0x9F, 0x10, 0x6F, 0xFF, 0xFE, 0xFF, 0xFB, 0x00, 0x04, 0xF9, 0x00, 0x7D, 0xF8, 0xBF, 0xC6, 0x00, 0x00, 0x0C, 0xF8, 0x00,
    0x00, 0x00, 0x00, 0x00, 0x00, 0x00, 0x1E, 0xFC, 0x51, 0x01, 0x38, 0xC1, 0x00, 0x00, 0x00, 0x1C, 0xFF, 0xFF, 0xFF, 0xFA, 0x00, 0x00, 0x00, 0x00,
    0x05, 0xAE, 0xFE, 0xA3, 0x00, 0x00, 0x00, 0x00, 0x00, 0x8F, 0xFF, 0xA0, 0x00, 0x00, 0x00, 0x00, 0xEF, 0xFF, 0xF1, 0x00, 0x00, 0x00, 0x04, 0xFF,
    0xEF, 0xF7, 0x00, 0x00, 0x00, 0x0A, 0xFF, 0x5F, 0xFD, 0x00, 0x00, 0x00, 0x1F, 0xFD, 0x0A, 0xFF, 0x30, 0x00, 0x00, 0x7F, 0xF7, 0x04, 0xFF, 0x90,
    0x00, 0x00, 0xDF, 0xF1, 0x00, 0xEF, 0xE0, 0x00, 0x03, 0xFF, 0xFF, 0xFF, 0xFF, 0xF5, 0x00, 0x09, 0xFF, 0xFF, 0xFF, 0xFF, 0xFB, 0x00, 0x0E, 0xFE,
    0x00, 0x00, 0x0C, 0xFF, 0x20, 0x5F, 0xFA, 0x00, 0x00, 0x08, 0xFF, 0x80, 0xBF, 0xF6, 0x00, 0x00, 0x04, 0xFF, 0xE0, 0x07, 0xFF, 0xFF, 0xFF, 0xC7,
    0x00, 0x00, 0x7F, 0xFF, 0xFF, 0xFF, 0xFB, 0x00, 0x07, 0xFF, 0xC0, 0x05, 0xFF, 0xF2, 0x00, 0x7F, 0xFC, 0x00, 0x0F, 0xFF, 0x30, 0x07, 0xFF, 0xC0,
    0x05, 0xFF, 0xF0, 0x00, 0x7F, 0xFF, 0xFF, 0xFF, 0xE4, 0x00, 0x07, 0xFF, 0xFF, 0xFF, 0xFF, 0xA0, 0x00, 0x7F, 0xFC, 0x00, 0x2C, 0xFF, 0x70, 0x07,
    0xFF, 0xC0, 0x00, 0x7F, 0xFB, 0x00, 0x7F, 0xFC, 0x00, 0x2C, 0xFF, 0xA0, 0x07, 0xFF, 0xFF, 0xFF, 0xFF, 0xF3, 0x00, 0x7F, 0xFF, 0xFF, 0xFE, 0xA3,
    0x00, 0x00, 0x01, 0x7C, 0xEF, 0xEC, 0x71, 0x00, 0x3E, 0xFF, 0xFF, 0xFF, 0xF6, 0x02, 0xFF, 0xFB, 0x30, 0x13, 0x95, 0x0A, 0xFF, 0xD0, 0x00, 0x00,
    0x00, 0x0F, 0xFF, 0x60, 0x00, 0x00, 0x00, 0x1F, 0xFF, 0x30, 0x00, 0x00, 0x00, 0x1F, 0xFF, 0x30, 0x00, 0x00, 0x00, 0x0F, 0xFF, 0x60, 0x00, 0x00,
    0x00, 0x0A, 0xFF, 0xD0, 0x00, 0x00, 0x00, 0x02, 0xFF, 0xFB, 0x30, 0x13, 0x95, 0x00, 0x3E, 0xFF, 0xFF, 0xFF, 0xF6, 0x00, 0x01, 0x7C, 0xEF, 0xEC,
    0x71, 0x07, 0xFF, 0xFF, 0xFE, 0xB7, 0x10, 0x00, 0x07, 0xFF, 0xFF, 0xFF, 0xFF, 0xE4, 0x00, 0x07, 0xFF, 0xC0, 0x03, 0xBF, 0xFF, 0x30, 0x07, 0xFF,
    0xC0, 0x00, 0x0B, 0xFF, 0xB0, 0x07, 0xFF, 0xC0, 0x00, 0x04, 0xFF, 0xF0, 0x07, 0xFF, 0xC0, 0x00, 0x01, 0xFF, 0xF2, 0x07, 0xFF, 0xC0, 0x00, 0x01,
    0xFF, 0xF2, 0x07, 0xFF, 0xC0, 0x00, 0x04, 0xFF, 0xF0, 0x07, 0xFF, 0xC0, 0x00, 0x0C, 0xFF, 0xB0, 0x07, 0xFF, 0xC0, 0x03, 0xBF, 0xFF, 0x30, 0x07,
    0xFF, 0xFF, 0xFF, 0xFF, 0xE4, 0x00, 0x07, 0xFF, 0xFF, 0xFE, 0xB7, 0x10, 0x00, 0x07, 0xFF, 0xFF, 0xFF, 0xFF, 0x30, 0x07, 0xFF, 0xFF, 0xFF, 0xFF,
    0x30, 0x07, 0xFF, 0xC0, 0x00, 0x00, 0x00, 0x07, 0xFF, 0xC0, 0x00, 0x00, 0x00, 0x07, 0xFF, 0xC0, 0x00, 0x00, 0x00, 0x07, 0xFF, 0xFF, 0xFF, 0xFD,
    0x00, 0x07, 0xFF, 0xFF, 0xFF, 0xFD, 0x00, 0x07, 0xFF, 0xC0, 0x00, 0x00, 0x00, 0x07, 0xFF, 0xC0, 0x00, 0x00, 0x00, 0x07, 0xFF, 0xC0, 0x00, 0x00,
    0x00, 0x07, 0xFF, 0xFF, 0xFF, 0xFF, 0x60, 0x07, 0xFF, 0xFF, 0xFF, 0xFF, 0x60, 0x07, 0xFF, 0xFF, 0xFF, 0xFF, 0x30, 0x07, 0xFF, 0xFF, 0xFF, 0xFF,
    0x30, 0x07, 0xFF, 0xC0, 0x00, 0x00, 0x00, 0x07, 0xFF, 0xC0, 0x00, 0x00, 0x00, 0x07, 0xFF, 0xC0, 0x00, 0x00, 0x00, 0x07, 0xFF, 0xFF, 0xFF, 0xFD,
    0x00, 0x07, 0xFF, 0xFF, 0xFF, 0xFD, 0x00, 0x07, 0xFF, 0xC0, 0x00, 0x00, 0x00, 0x07, 0xFF, 0xC0, 0x00, 0x00, 0x00, 0x07, 0xFF, 0xC0, 0x00, 0x00,
    0x00, 0x07, 0xFF, 0xC0, 0x00, 0x00, 0x00, 0x07, 0xFF, 0xC0, 0x00, 0x00, 0x00, 0x00, 0x00, 0x6B, 0xEF, 0xED, 0xA6, 0x00, 0x00, 0x3E, 0xFF, 0xFF,
    0xFF, 0xFF, 0x40, 0x02, 0xFF, 0xFC, 0x40, 0x02, 0x5B, 0x30, 0x0A, 0xFF, 0xD0, 0x00, 0x00, 0x00, 0x00, 0x0F, 0xFF, 0x60, 0x00, 0x00, 0x00, 0x00,
    0x1F, 0xFF, 0x30, 0x04, 0xFF, 0xFF, 0xB0, 0x1F, 0xFF, 0x30, 0x04, 0xFF, 0xFF, 0xB0, 0x0F, 0xFF, 0x60, 0x00, 0x05, 0xFF, 0xB0, 0x0A, 0xFF, 0xD0,
    0x00, 0x05, 0xFF, 0xB0, 0x02, 0xFF, 0xFB, 0x30, 0x07, 0xFF, 0xB0, 0x00, 0x3E, 0xFF, 0xFF, 0xFF, 0xFF, 0xB0, 0x00, 0x01, 0x7C, 0xEF, 0xED, 0xA5,
    0x10, 0x07, 0xFF, 0xC0, 0x00, 0x08, 0xFF, 0xA0, 0x07, 0xFF, 0xC0, 0x00, 0x08, 0xFF, 0xA0, 0x07, 0xFF, 0xC0, 0x00, 0x08, 0xFF, 0xA0, 0x07, 0xFF,
    0xC0, 0x00, 0x08, 0xFF, 0xA0, 0x07, 0xFF, 0xC0, 0x00, 0x08, 0xFF, 0xA0, 0x07, 0xFF, 0xFF, 0xFF, 0xFF, 0xFF, 0xA0, 0x07, 0xFF, 0xFF, 0xFF, 0xFF,
    0xFF, 0xA0, 0x07, 0xFF, 0xC0, 0x00, 0x08, 0xFF, 0xA0, 0x07, 0xFF, 0xC0, 0x00, 0x08, 0xFF, 0xA0, 0x07, 0xFF, 0xC0, 0x00, 0x08, 0xFF, 0xA0, 0x07,
    0xFF, 0xC0, 0x00, 0x08, 0xFF, 0xA0, 0x07, 0xFF, 0xC0, 0x00, 0x08, 0xFF, 0xA0, 0x07, 0xFF, 0xC0, 0x07, 0xFF, 0xC0, 0x07, 0xFF, 0xC0, 0x07, 0xFF,
    0xC0, 0x07, 0xFF, 0xC0, 0x07, 0xFF, 0xC0, 0x07, 0xFF, 0xC0, 0x07, 0xFF, 0xC0, 0x07, 0xFF, 0xC0, 0x07, 0xFF, 0xC0, 0x07, 0xFF, 0xC0, 0x07, 0xFF,
    0xC0, 0x00, 0x7F, 0xFC, 0x00, 0x07, 0xFF, 0xC0, 0x00, 0x7F, 0xFC, 0x00, 0x07, 0xFF, 0xC0, 0x00, 0x7F, 0xFC, 0x00, 0x07, 0xFF, 0xC0, 0x00, 0x7F,
    0xFC, 0x00, 0x07, 0xFF, 0xC0, 0x00, 0x7F, 0xFC, 0x00, 0x07, 0xFF, 0xC0, 0x00, 0x7F, 0xFB, 0x00, 0x08, 0xFF, 0xB0, 0x03, 0xEF, 0xF7, 0x0F, 0xFF,
    0xFD, 0x00, 0xFF, 0xD8, 0x10, 0x00, 0x07, 0xFF, 0xC0, 0x00, 0x3F, 0xFF, 0x80, 0x07, 0xFF, 0xC0, 0x04, 0xFF, 0xF8, 0x00, 0x07, 0xFF, 0xC0, 0x4F,
    0xFF, 0x70, 0x00, 0x07, 0xFF, 0xC5, 0xFF, 0xF6, 0x00, 0x00, 0x07, 0xFF, 0xEF, 0xFF, 0x50, 0x00, 0x00, 0x07, 0xFF, 0xFF, 0xF6, 0x00, 0x00, 0x00,
    0x07, 0xFF, 0xFF, 0xFD, 0x10, 0x00, 0x00, 0x07, 0xFF, 0xDE, 0xFF, 0xD2, 0x00, 0x00, 0x07, 0xFF, 0xC1, 0xDF, 0xFE, 0x20, 0x00, 0x07, 0xFF, 0xC0,
    0x1D, 0xFF, 0xE2, 0x00, 0x07, 0xFF, 0xC0, 0x01, 0xCF, 0xFE, 0x30, 0x07, 0xFF, 0xC0, 0x00, 0x0C, 0xFF, 0xF3, 0x07, 0xFF, 0xC0, 0x00, 0x00, 0x00,
    0x7F, 0xFC, 0x00, 0x00, 0x00, 0x07, 0xFF, 0xC0, 0x00, 0x00, 0x00, 0x7F, 0xFC, 0x00, 0x00, 0x00, 0x07, 0xFF, 0xC0, 0x00, 0x00, 0x00, 0x7F, 0xFC,
    0x00, 0x00, 0x00, 0x07, 0xFF, 0xC0, 0x00, 0x00, 0x00, 0x7F, 0xFC, 0x00, 0x00, 0x00, 0x07, 0xFF, 0xC0, 0x00, 0x00, 0x00, 0x7F, 0xFC, 0x00, 0x00,
    0x00, 0x07, 0xFF, 0xFF, 0xFF, 0xFF, 0x60, 0x7F, 0xFF, 0xFF, 0xFF, 0xF6, 0x07, 0xFF, 0xFD, 0x00, 0x00, 0x0E, 0xFF, 0xF5, 0x00, 0x7F, 0xFF, 0xF4,
    0x00, 0x05, 0xFF, 0xFF, 0x50, 0x07, 0xFF, 0xFF, 0xB0, 0x00, 0xCF, 0xFF, 0xF5, 0x00, 0x7F, 0xFE, 0xFF, 0x20, 0x3F, 0xFE, 0xFF, 0x50, 0x07, 0xFF,
    0x9E, 0xF8, 0x0A, 0xFD, 0xAF, 0xF5, 0x00, 0x7F, 0xF9, 0x7F, 0xE2, 0xFF, 0x6A, 0xFF, 0x50, 0x07, 0xFF, 0x91, 0xFF, 0xDF, 0xE0, 0xAF, 0xF5, 0x00,
    0x7F, 0xF9, 0x09, 0xFF, 0xF8, 0x0A, 0xFF, 0x50, 0x07, 0xFF, 0x90, 0x3F, 0xFF, 0x10, 0xAF, 0xF5, 0x00, 0x7F, 0xF9, 0x00, 0xCF, 0xA0, 0x0A, 0xFF,
    0x50, 0x07, 0xFF, 0x90, 0x00, 0x00, 0x00, 0xAF, 0xF5, 0x00, 0x7F, 0xF9, 0x00, 0x00, 0x00, 0x0A, 0xFF, 0x50, 0x07, 0xFF, 0xF6, 0x00, 0x05, 0xFF,
    0xA0, 0x07, 0xFF, 0xFE, 0x00, 0x05, 0xFF, 0xA0, 0x07, 0xFF, 0xFF, 0x70, 0x05, 0xFF, 0xA0, 0x07, 0xFF, 0xFF, 0xF1, 0x05, 0xFF, 0xA0, 0x07, 0xFF,
    0xAE, 0xF9, 0x05, 0xFF, 0xA0, 0x07, 0xFF, 0x97, 0xFF, 0x25, 0xFF, 0xA0, 0x07, 0xFF, 0x90, 0xEF, 0xB5, 0xFF, 0xA0, 0x07, 0xFF, 0x90, 0x5F, 0xF9,
    0xFF, 0xA0, 0x07, 0xFF, 0x90, 0x0C, 0xFF, 0xFF, 0xA0, 0x07, 0xFF, 0x90, 0x04, 0xFF, 0xFF, 0xA0, 0x07, 0xFF, 0x90, 0x00, 0xBF, 0xFF, 0xA0, 0x07,
    0xFF, 0x90, 0x00, 0x3F, 0xFF, 0xA0, 0x00, 0x02, 0x8D, 0xFF, 0xEB, 0x50, 0x00, 0x00, 0x5F, 0xFF, 0xFF, 0xFF, 0xFB, 0x00, 0x03, 0xFF, 0xF8, 0x10,
    0x4E, 0xFF, 0x90, 0x0B, 0xFF, 0xB0, 0x00, 0x04, 0xFF, 0xF2, 0x0F, 0xFF, 0x50, 0x00, 0x00, 0xEF, 0xF6, 0x1F, 0xFF, 0x30, 0x00, 0x00, 0xCF, 0xF8,
    0x1F, 0xFF, 0x30, 0x00, 0x00, 0xCF, 0xF8, 0x0F, 0xFF, 0x50, 0x00, 0x00, 0xEF, 0xF6, 0x0B, 0xFF, 0xB0, 0x00, 0x04, 0xFF, 0xF2, 0x03, 0xFF, 0xF8,
    0x10, 0x4E, 0xFF, 0x90, 0x00, 0x5F, 0xFF, 0xFF, 0xFF, 0xFB, 0x00, 0x00, 0x02, 0x8D, 0xFF, 0xEB, 0x50, 0x00, 0x07, 0xFF, 0xFF, 0xFF, 0xD8, 0x00,
    0x07, 0xFF, 0xFF, 0xFF, 0xFF, 0xD0, 0x07, 0xFF, 0xC0, 0x04, 0xFF, 0xF7, 0x07, 0xFF, 0xC0, 0x00, 0x9F, 0xFB, 0x07, 0xFF, 0xC0, 0x00, 0x9F, 0xFB,
    0x07, 0xFF, 0xC0, 0x04, 0xFF, 0xF7, 0x07, 0xFF, 0xFF, 0xFF, 0xFF, 0xD1, 0x07, 0xFF, 0xFF, 0xFF, 0xD8, 0x10, 0x07, 0xFF, 0xC0, 0x00, 0x00, 0x00,
    0x07, 0xFF, 0xC0, 0x00, 0x00, 0x00, 0x07, 0xFF, 0xC0, 0x00, 0x00, 0x00, 0x07, 0xFF, 0xC0, 0x00, 0x00, 0x00, 0x00, 0x01, 0x8D, 0xFF, 0xEB, 0x50,
    0x00, 0x00, 0x5F, 0xFF, 0xFF, 0xFF, 0xFB, 0x00, 0x03, 0xFF, 0xF8, 0x10, 0x4E, 0xFF, 0xA0, 0x0B, 0xFF, 0xB0, 0x00, 0x04, 0xFF, 0xF2, 0x0F, 0xFF,
    0x50, 0x00, 0x00, 0xEF, 0xF6, 0x1F, 0xFF, 0x30, 0x00, 0x00, 0xCF, 0xF8, 0x1F, 0xFF, 0x30, 0x00, 0x00, 0xCF, 0xF8, 0x0F, 0xFF, 0x50, 0x00, 0x00,
    0xEF, 0xF6, 0x0B, 0xFF, 0xB0, 0x00, 0x04, 0xFF, 0xF1, 0x03, 0xFF, 0xF8, 0x10, 0x4E, 0xFF, 0x90, 0x00, 0x5F, 0xFF, 0xFF, 0xFF, 0xFA, 0x00, 0x00,
    0x02, 0x8D, 0xFF, 0xFF, 0x70, 0x00, 0x00, 0x00, 0x00, 0x01, 0xDF, 0xE3, 0x00, 0x00, 0x00, 0x00, 0x00, 0x1D, 0xFE, 0x30, 0x07, 0xFF, 0xFF, 0xFF,
    0xC6, 0x00, 0x00, 0x7F, 0xFF, 0xFF, 0xFF, 0xF9, 0x00, 0x07, 0xFF, 0xC0, 0x08, 0xFF, 0xF0, 0x00, 0x7F, 0xFC, 0x00, 0x1F, 0xFF, 0x20, 0x07, 0xFF,
    0xC0, 0x01, 0xFF, 0xF0, 0x00, 0x7F, 0xFC, 0x00, 0x8F, 0xFB, 0x00, 0x07, 0xFF, 0xFF, 0xFF, 0xFA, 0x00, 0x00, 0x7F, 0xFF, 0xFF, 0xFF, 0xB0, 0x00,
    0x07, 0xFF, 0xC0, 0x2C, 0xFF, 0xB0, 0x00, 0x7F, 0xFC, 0x00, 0x2F, 0xFF, 0x40, 0x07, 0xFF, 0xC0, 0x00, 0x8F, 0xFD, 0x00, 0x7F, 0xFC, 0x00, 0x00,
    0xEF, 0xF7, 0x00, 0x29, 0xEF, 0xFE, 0xC9, 0x10, 0x02, 0xEF, 0xFF, 0xFF, 0xFF, 0x30, 0x09, 0xFF, 0x81, 0x02, 0x5B, 0x20, 0x0C, 0xFF, 0x30, 0x00,
    0x00, 0x00, 0x0A, 0xFF, 0xD7, 0x30, 0x00, 0x00, 0x03, 0xFF, 0xFF, 0xFF, 0xC5, 0x00, 0x00, 0x4C, 0xFF, 0xFF, 0xFF, 0x70, 0x00, 0x00, 0x15, 0x9E,
    0xFF, 0xD0, 0x00, 0x00, 0x00, 0x02, 0xFF, 0xF0, 0x09, 0x94, 0x20, 0x18, 0xFF, 0xD0, 0x0A, 0xFF, 0xFF, 0xFF, 0xFF, 0x50, 0x03, 0x8C, 0xEF, 0xFE,
    0xA3, 0x00, 0xEF, 0xFF, 0xFF, 0xFF, 0xFF, 0xF8, 0xEF, 0xFF, 0xFF, 0xFF, 0xFF, 0xF8, 0x00, 0x00, 0xCF, 0xF6, 0x00, 0x00, 0x00, 0x00, 0xCF, 0xF6,
    0x00, 0x00, 0x00, 0x00, 0xCF, 0xF6, 0x00, 0x00, 0x00, 0x00, 0xCF, 0xF6, 0x00, 0x00, 0x00, 0x00, 0xCF, 0xF6, 0x00, 0x00, 0x00, 0x00, 0xCF, 0xF6,
    0x00, 0x00, 0x00, 0x00, 0xCF, 0xF6, 0x00, 0x00, 0x00, 0x00, 0xCF, 0xF6, 0x00, 0x00, 0x00, 0x00, 0xCF, 0xF6, 0x00, 0x00, 0x00, 0x00, 0xCF, 0xF6,
    0x00, 0x00, 0x07, 0xFF, 0xC0, 0x00, 0x0F, 0xFF, 0x40, 0x07, 0xFF, 0xC0, 0x00, 0x0F, 0xFF, 0x40, 0x07, 0xFF, 0xC0, 0x00, 0x0F, 0xFF, 0x40, 0x07,
    0xFF, 0xC0, 0x00, 0x0F, 0xFF, 0x40, 0x07, 0xFF, 0xC0, 0x00, 0x0F, 0xFF, 0x40, 0x07, 0xFF, 0xC0, 0x00, 0x0F, 0xFF, 0x40, 0x07, 0xFF, 0xC0, 0x00,
    0x0F, 0xFF, 0x40, 0x06, 0xFF, 0xC0, 0x00, 0x0F, 0xFF, 0x30, 0x04, 0xFF, 0xE0, 0x00, 0x1F, 0xFF, 0x10, 0x01, 0xFF, 0xF7, 0x11, 0xAF, 0xFD, 0x00,
    0x00, 0x6F, 0xFF, 0xFF, 0xFF, 0xF3, 0x00, 0x00, 0x03, 0xAE, 0xFF, 0xD9, 0x20, 0x00, 0xBF, 0xF7, 0x00, 0x00, 0x05, 0xFF, 0xE0, 0x5F, 0xFD, 0x00,
    0x00, 0x0B, 0xFF, 0x80, 0x0E, 0xFF, 0x30, 0x00, 0x1F, 0xFF, 0x20, 0x09, 0xFF, 0x90, 0x00, 0x7F, 0xFB, 0x00, 0x03, 0xFF, 0xE0, 0x00, 0xCF, 0xF5,
    0x00, 0x00, 0xDF, 0xF5, 0x02, 0xFF, 0xE0, 0x00, 0x00, 0x7F, 0xFB, 0x08, 0xFF, 0x90, 0x00, 0x00, 0x1F, 0xFF, 0x1E, 0xFF, 0x30, 0x00, 0x00, 0x0A,
    0xFF, 0xBF, 0xFD, 0x00, 0x00, 0x00, 0x04, 0xFF, 0xFF, 0xF7, 0x00, 0x00, 0x00, 0x00, 0xEF, 0xFF, 0xF1, 0x00, 0x00, 0x00, 0x00, 0x8F, 0xFF, 0xA0,
    0x00, 0x00, 0x6F, 0xFA, 0x00, 0x04, 0xFF, 0xF0, 0x00, 0x0E, 0xFF, 0x12, 0xFF, 0xE0, 0x00, 0x8F, 0xFF, 0x40, 0x02, 0xFF, 0xD0, 0x0E, 0xFF, 0x20,
    0x0C, 0xFF, 0xF8, 0x00, 0x6F, 0xF9, 0x00, 0xAF, 0xF6, 0x00, 0xFF, 0xBF, 0xC0, 0x0A, 0xFF, 0x50, 0x06, 0xFF, 0xA0, 0x4F, 0xF4, 0xFF, 0x00, 0xEF,
    0xF1, 0x00, 0x2F, 0xFE, 0x07, 0xFB, 0x0F, 0xF4, 0x2F, 0xFE, 0x00, 0x00, 0xEF, 0xF2, 0xBF, 0x70, 0xBF, 0x86, 0xFF, 0xA0, 0x00, 0x0A, 0xFF, 0x7F,
    0xF3, 0x08, 0xFB, 0xAF, 0xF6, 0x00, 0x00, 0x6F, 0xFD, 0xFF, 0x00, 0x4F, 0xFE, 0xFF, 0x20, 0x00, 0x02, 0xFF, 0xFF, 0xB0, 0x00, 0xFF, 0xFF, 0xE0,
    0x00, 0x00, 0x0E, 0xFF, 0xF8, 0x00, 0x0C, 0xFF, 0xFA, 0x00, 0x00, 0x00, 0xAF, 0xFF, 0x40, 0x00, 0x8F, 0xFF, 0x60, 0x00, 0x3F, 0xFF, 0x30, 0x00,
    0x2F, 0xFF, 0x30, 0x7F, 0xFD, 0x00, 0x0C, 0xFF, 0x80, 0x00, 0xBF, 0xF9, 0x08, 0xFF, 0xD0, 0x00, 0x01, 0xEF, 0xF7, 0xFF, 0xF2, 0x00, 0x00, 0x05,
    0xFF, 0xFF, 0xF6, 0x00, 0x00, 0x00, 0x0A, 0xFF, 0xFB, 0x00, 0x00, 0x00, 0x00, 0xCF, 0xFF, 0xD0, 0x00, 0x00, 0x00, 0x8F, 0xFF, 0xFF, 0x90, 0x00,
    0x00, 0x3F, 0xFF, 0x4E, 0xFF, 0x40, 0x00, 0x0D, 0xFF, 0x60, 0x5F, 0xFE, 0x10, 0x09, 0xFF, 0xB0, 0x00, 0x9F, 0xFB, 0x05, 0xFF, 0xE1, 0x00, 0x00,
    0xDF, 0xF6, 0x0C, 0xFF, 0xA0, 0x00, 0x05, 0xFF, 0xF2, 0x02, 0xFF, 0xF5, 0x00, 0x1E, 0xFF, 0x70, 0x00, 0x7F, 0xFE, 0x10, 0xAF, 0xFC, 0x00, 0x00,
    0x0C, 0xFF, 0xA5, 0xFF, 0xF2, 0x00, 0x00, 0x02, 0xFF, 0xFF, 0xFF, 0x60, 0x00, 0x00, 0x00, 0x6F, 0xFF, 0xFB, 0x00, 0x00, 0x00, 0x00, 0x0B, 0xFF,
    0xF1, 0x00, 0x00, 0x00, 0x00, 0x07, 0xFF, 0xC0, 0x00, 0x00, 0x00, 0x00, 0x07, 0xFF, 0xC0, 0x00, 0x00, 0x00, 0x00, 0x07, 0xFF, 0xC0, 0x00, 0x00,
    0x00, 0x00, 0x07, 0xFF, 0xC0, 0x00, 0x00, 0x00, 0x00, 0x07, 0xFF, 0xC0, 0x00, 0x00, 0x0F, 0xFF, 0xFF, 0xFF, 0xFF, 0xF6, 0x0F, 0xFF, 0xFF, 0xFF,
    0xFF, 0xF5, 0x00, 0x00, 0x00, 0x1E, 0xFF, 0xD1, 0x00, 0x00, 0x00, 0xCF, 0xFE, 0x20, 0x00, 0x00, 0x0A, 0xFF, 0xF4, 0x00, 0x00, 0x00, 0x7F, 0xFF,
    0x60, 0x00, 0x00, 0x04, 0xFF, 0xF9, 0x00, 0x00, 0x00, 0x2F, 0xFF, 0xC0, 0x00, 0x00, 0x01, 0xDF, 0xFD, 0x10, 0x00, 0x00, 0x0B, 0xFF, 0xF2, 0x00,
    0x00, 0x00, 0x3F, 0xFF, 0xFF, 0xFF, 0xFF, 0xF9, 0x3F, 0xFF, 0xFF, 0xFF, 0xFF, 0xF9, 0x08, 0xFF, 0xFF, 0x90, 0x08, 0xFF, 0xFF, 0x90, 0x08, 0xFF,
    0x40, 0x00, 0x08, 0xFF, 0x40, 0x00, 0x08, 0xFF, 0x40, 0x00, 0x08, 0xFF, 0x40, 0x00, 0x08, 0xFF, 0x40, 0x00, 0x08, 0xFF, 0x40, 0x00, 0x08, 0xFF,
    0x40, 0x00, 0x08, 0xFF, 0x40, 0x00, 0x08, 0xFF, 0x40, 0x00, 0x08, 0xFF, 0x40, 0x00, 0x08, 0xFF, 0x40, 0x00, 0x08, 0xFF, 0xFF, 0x90, 0x08, 0xFF,
    0xFF, 0x90, 0xDF, 0x00, 0x00, 0x08, 0xF4, 0x00, 0x00, 0x3F, 0x90, 0x00, 0x00, 0xEE, 0x00, 0x00, 0x09, 0xF3, 0x00, 0x00, 0x4F, 0x80, 0x00, 0x00,
    0xFD, 0x00, 0x00, 0x0A, 0xF2, 0x00, 0x00, 0x5F, 0x70, 0x00, 0x01, 0xFC, 0x00, 0x00, 0x0B, 0xF1, 0x00, 0x00, 0x6F, 0x60, 0x00, 0x01, 0xFB, 0x00,
    0x00, 0x0C, 0xF1, 0x0D, 0xFF, 0xFF, 0x50, 0x0D, 0xFF, 0xFF, 0x50, 0x00, 0x08, 0xFF, 0x50, 0x00, 0x08, 0xFF, 0x50, 0x00, 0x08, 0xFF, 0x50, 0x00,
    0x08, 0xFF, 0x50, 0x00, 0x08, 0xFF, 0x50, 0x00, 0x08, 0xFF, 0x50, 0x00, 0x08, 0xFF, 0x50, 0x00, 0x08, 0xFF, 0x50, 0x00, 0x08, 0xFF, 0x50, 0x00,
    0x08, 0xFF, 0x50, 0x00, 0x08, 0xFF, 0x50, 0x0D, 0xFF, 0xFF, 0x50, 0x0D, 0xFF, 0xFF, 0x50, 0x00, 0x00, 0x05, 0xFF, 0x90, 0x00, 0x00, 0x00, 0x00,
    0x3F, 0xFF, 0xF7, 0x00, 0x00, 0x00, 0x02, 0xEF, 0xC9, 0xFF, 0x50, 0x00, 0x00, 0x1D, 0xF9, 0x00, 0x6F, 0xF3, 0x00, 0x00, 0xCF, 0x60, 0x00, 0x03,
    0xEE, 0x20, 0x00, 0x00, 0x00, 0x00, 0x00, 0x00, 0x00, 0x00, 0x00, 0x00, 0x00, 0x00, 0x00, 0x00, 0x00, 0x00, 0x00, 0x00, 0x00, 0x00, 0x00, 0x00,
    0x00, 0x00, 0x00, 0x00, 0x00, 0x00, 0x00, 0x00, 0x00, 0x00, 0x00, 0x00, 0x00, 0x00, 0x00, 0x00, 0x00, 0x00, 0x00, 0x00, 0x00, 0x00, 0x00, 0x00,
    0x00, 0x00, 0x00, 0x00, 0x00, 0x00, 0x00, 0x00, 0x00, 0x00, 0x00, 0x00, 0xFF, 0xFF, 0xFF, 0xFF, 0x8F, 0xFF, 0xFF, 0xFF, 0xF8, 0x0A, 0xF8, 0x00,
    0x00, 0x00, 0x0A, 0xF4, 0x00, 0x00, 0x00, 0x0A, 0xE2, 0x00, 0x00, 0x00, 0x00, 0x00, 0x00, 0x00, 0x00, 0x00, 0x00, 0x00, 0x00, 0x00, 0x00, 0x00,
    0x00, 0x00, 0x00, 0x00, 0x00, 0x00, 0x00, 0x00, 0x00, 0x00, 0x00, 0x00, 0x00, 0x00, 0x00, 0x00, 0x00, 0x00, 0x00, 0x00, 0x00, 0x00, 0x00, 0x00,
    0x00, 0x00, 0x00, 0x00, 0x00, 0x00, 0x00, 0x00, 0x00, 0x00, 0x00, 0x00, 0x07, 0xFF, 0xFF, 0xEC, 0x60, 0x00, 0x7F, 0xFF, 0xFF, 0xFF, 0x80, 0x00,
    0x00, 0x00, 0x3F, 0xFF, 0x00, 0x18, 0xDF, 0xFF, 0xFF, 0xF1, 0x0D, 0xFF, 0xFF, 0xFF, 0xFF, 0x23, 0xFF, 0xE2, 0x00, 0xEF, 0xF2, 0x2F, 0xFE, 0x10,
    0x8F, 0xFF, 0x20, 0xDF, 0xFF, 0xFC, 0xDF, 0xF2, 0x01, 0xAE, 0xFA, 0x1D, 0xFF, 0x20, 0x09, 0xFF, 0x60, 0x00, 0x00, 0x00, 0x09, 0xFF, 0x60, 0x00,
    0x00, 0x00, 0x09, 0xFF, 0x60, 0x00, 0x00, 0x00, 0x09, 0xFF, 0x60, 0x00, 0x00, 0x00, 0x09, 0xFF, 0x64, 0xDF, 0xD6, 0x00, 0x09, 0xFF, 0xAF, 0xFF,
    0xFF, 0x70, 0x09, 0xFF, 0xE3, 0x06, 0xFF, 0xF1, 0x09, 0xFF, 0x80, 0x00, 0xDF, 0xF4, 0x09, 0xFF, 0x60, 0x00, 0xBF, 0xF6, 0x09, 0xFF, 0x80, 0x00,
    0xDF, 0xF4, 0x09, 0xFF, 0xE3, 0x06, 0xFF, 0xF1, 0x09, 0xFF, 0xAF, 0xFF, 0xFF, 0x70, 0x09, 0xFF, 0x64, 0xDF, 0xD6, 0x00, 0x00, 0x18, 0xDF, 0xEB,
    0x30, 0x03, 0xEF, 0xFF, 0xFF, 0xF0, 0x0D, 0xFF, 0xB2, 0x03, 0xA0, 0x2F, 0xFF, 0x10, 0x00, 0x00, 0x3F, 0xFD, 0x00, 0x00, 0x00, 0x2F, 0xFF, 0x10,
    0x00, 0x00, 0x0D, 0xFF, 0xB2, 0x03, 0xA0, 0x03, 0xEF, 0xFF, 0xFF, 0xF0, 0x00, 0x18, 0xDF, 0xEB, 0x30, 0x00, 0x00, 0x00, 0x04, 0xFF, 0xB0, 0x00,
    0x00, 0x00, 0x04, 0xFF, 0xB0, 0x00, 0x00, 0x00, 0x04, 0xFF, 0xB0, 0x00, 0x00, 0x00, 0x04, 0xFF, 0xB0, 0x00, 0x4C, 0xFD, 0x64, 0xFF, 0xB0, 0x04,
    0xFF, 0xFF, 0xFA, 0xFF, 0xB0, 0x0D, 0xFF, 0x91, 0x2D, 0xFF, 0xB0, 0x2F, 0xFF, 0x00, 0x06, 0xFF, 0xB0, 0x3F, 0xFD, 0x00, 0x04, 0xFF, 0xB0, 0x2F,
    0xFF, 0x00, 0x06, 0xFF, 0xB0, 0x0D, 0xFF, 0x91, 0x2D, 0xFF, 0xB0, 0x05, 0xFF, 0xFF, 0xFA, 0xFF, 0xB0, 0x00, 0x4C, 0xFD, 0x64, 0xFF, 0xB0, 0x00,
    0x19, 0xDF, 0xFC, 0x60, 0x00, 0x03, 0xFF, 0xFF, 0xFF, 0xFB, 0x00, 0x0D, 0xFF, 0x40, 0x1A, 0xFF, 0x60, 0x2F, 0xFF, 0xFF, 0xFF, 0xFF, 0xA0, 0x3F,
    0xFF, 0xFF, 0xFF, 0xFF, 0xB0, 0x2F, 0xFE, 0x00, 0x00, 0x00, 0x00, 0x0D, 0xFF, 0x91, 0x02, 0x5B, 0x40, 0x03, 0xFF, 0xFF, 0xFF, 0xFF, 0x40, 0x00,
    0x29, 0xDF, 0xFD, 0xA4, 0x00, 0x00, 0x1A, 0xEF, 0xF8, 0x00, 0xCF, 0xFF, 0xF8, 0x01, 0xFF, 0xE1, 0x00, 0x03, 0xFF, 0xC0, 0x00, 0xAF, 0xFF, 0xFF,
    0xF5, 0xAF, 0xFF, 0xFF, 0xF5, 0x03, 0xFF, 0xC0, 0x00, 0x03, 0xFF, 0xC0, 0x00, 0x03, 0xFF, 0xC0, 0x00, 0x03, 0xFF, 0xC0, 0x00, 0x03, 0xFF, 0xC0,
    0x00, 0x03, 0xFF, 0xC0, 0x00, 0x03, 0xFF, 0xC0, 0x00, 0x00, 0x4C, 0xFD, 0x64, 0xFF, 0xB0, 0x04, 0xFF, 0xFF, 0xFA, 0xFF, 0xB0, 0x0D, 0xFF, 0x91,
    0x2D, 0xFF, 0xB0, 0x2F, 0xFF, 0x00, 0x06, 0xFF, 0xB0, 0x3F, 0xFD, 0x00, 0x04, 0xFF, 0xB0, 0x2F, 0xFF, 0x00, 0x06, 0xFF, 0xB0, 0x0D, 0xFF, 0x80,
    0x2D, 0xFF, 0xB0, 0x04, 0xFF, 0xFF, 0xFA, 0xFF, 0xB0, 0x00, 0x4C, 0xFD, 0x65, 0xFF, 0xA0, 0x00, 0x00, 0x00, 0x09, 0xFF, 0x80, 0x01, 0xB4, 0x11,
    0x6F, 0xFF, 0x20, 0x01, 0xFF, 0xFF, 0xFF, 0xF6, 0x00, 0x00, 0x4B, 0xEF, 0xEA, 0x30, 0x00, 0x09, 0xFF, 0x60, 0x00, 0x00, 0x00, 0x09, 0xFF, 0x60,
    0x00, 0x00, 0x00, 0x09, 0xFF, 0x60, 0x00, 0x00, 0x00, 0x09, 0xFF, 0x60, 0x00, 0x00, 0x00, 0x09, 0xFF, 0x64, 0xCF, 0xD5, 0x00, 0x09, 0xFF, 0xAF,
    0xFF, 0xFF, 0x40, 0x09, 0xFF, 0xF4, 0x09, 0xFF, 0xA0, 0x09, 0xFF, 0x90, 0x04, 0xFF, 0xC0, 0x09, 0xFF, 0x60, 0x03, 0xFF, 0xC0, 0x09, 0xFF, 0x60,
    0x03, 0xFF, 0xC0, 0x09, 0xFF, 0x60, 0x03, 0xFF, 0xC0, 0x09, 0xFF, 0x60, 0x03, 0xFF, 0xC0, 0x09, 0xFF, 0x60, 0x03, 0xFF, 0xC0, 0x09, 0xFF, 0x60,
    0x09, 0xFF, 0x60, 0x09, 0xFF, 0x60, 0x00, 0x00, 0x00, 0x09, 0xFF, 0x60, 0x09, 0xFF, 0x60, 0x09, 0xFF, 0x60, 0x09, 0xFF, 0x60, 0x09, 0xFF, 0x60,
    0x09, 0xFF, 0x60, 0x09, 0xFF, 0x60, 0x09, 0xFF, 0x60, 0x09, 0xFF, 0x60, 0x00, 0x9F, 0xF6, 0x00, 0x09, 0xFF, 0x60, 0x00, 0x9F, 0xF6, 0x00, 0x00,
    0x00, 0x00, 0x00, 0x9F, 0xF6, 0x00, 0x09, 0xFF, 0x60, 0x00, 0x9F, 0xF6, 0x00, 0x09, 0xFF, 0x60, 0x00, 0x9F, 0xF6, 0x00, 0x09, 0xFF, 0x60, 0x00,
    0x9F, 0xF6, 0x00, 0x09, 0xFF, 0x60, 0x00, 0x9F, 0xF6, 0x00, 0x09, 0xFF, 0x50, 0x01, 0xDF, 0xF3, 0x09, 0xFF, 0xFC, 0x00, 0x9F, 0xEA, 0x10, 0x00,
    0x09, 0xFF, 0x60, 0x00, 0x00, 0x00, 0x09, 0xFF, 0x60, 0x00, 0x00, 0x00, 0x09, 0xFF, 0x60, 0x00, 0x00, 0x00, 0x09, 0xFF, 0x60, 0x00, 0x00, 0x00,
    0x09, 0xFF, 0x60, 0x0A, 0xFF, 0xA0, 0x09, 0xFF, 0x60, 0xBF, 0xF9, 0x00, 0x09, 0xFF, 0x7B, 0xFF, 0x80, 0x00, 0x09, 0xFF, 0xFF, 0xF6, 0x00, 0x00,
    0x09, 0xFF, 0xFF, 0xF2, 0x00, 0x00, 0x09, 0xFF, 0xBF, 0xFE, 0x30, 0x00, 0x09, 0xFF, 0x66, 0xFF, 0xE3, 0x00, 0x09, 0xFF, 0x60, 0x6F, 0xFE, 0x30,
    0x09, 0xFF, 0x60, 0x07, 0xFF, 0xE3, 0x09, 0xFF, 0x60, 0x09, 0xFF, 0x60, 0x09, 0xFF, 0x60, 0x09, 0xFF, 0x60, 0x09, 0xFF, 0x60, 0x09, 0xFF, 0x60,
    0x09, 0xFF, 0x60, 0x09, 0xFF, 0x60, 0x09, 0xFF, 0x60, 0x09, 0xFF, 0x60, 0x09, 0xFF, 0x60, 0x09, 0xFF, 0x60, 0x09, 0xFF, 0x60, 0x09, 0xFF, 0x65,
    0xDF, 0xA1, 0x08, 0xEE, 0xB2, 0x00, 0x09, 0xFF, 0xAF, 0xFF, 0xFC, 0x9F, 0xFF, 0xFD, 0x00, 0x09, 0xFF, 0xE3, 0x1D, 0xFF, 0xE3, 0x1E, 0xFF, 0x30,
    0x09, 0xFF, 0x80, 0x0A, 0xFF, 0x80, 0x0A, 0xFF, 0x50, 0x09, 0xFF, 0x60, 0x09, 0xFF, 0x60, 0x09, 0xFF, 0x60, 0x09, 0xFF, 0x60, 0x09, 0xFF, 0x60,
    0x0A, 0xFF, 0x60, 0x09, 0xFF, 0x60, 0x09, 0xFF, 0x60, 0x0A, 0xFF, 0x60, 0x09, 0xFF, 0x60, 0x09, 0xFF, 0x60, 0x0A, 0xFF, 0x60, 0x09, 0xFF, 0x60,
    0x09, 0xFF, 0x60, 0x0A, 0xFF, 0x60, 0x09, 0xFF, 0x64, 0xCF, 0xD5, 0x00, 0x09, 0xFF, 0xAF, 0xFF, 0xFF, 0x40, 0x09, 0xFF, 0xF4, 0x09, 0xFF, 0xA0,
    0x09, 0xFF, 0x90, 0x04, 0xFF, 0xC0, 0x09, 0xFF, 0x60, 0x03, 0xFF, 0xC0, 0x09, 0xFF, 0x60, 0x03, 0xFF, 0xC0, 0x09, 0xFF, 0x60, 0x03, 0xFF, 0xC0,
    0x09, 0xFF, 0x60, 0x03, 0xFF, 0xC0, 0x09, 0xFF, 0x60, 0x03, 0xFF, 0xC0, 0x00, 0x29, 0xDF, 0xFC, 0x70, 0x00, 0x03, 0xFF, 0xFF, 0xFF, 0xFC, 0x00,
    0x0D, 0xFF, 0x91, 0x2C, 0xFF, 0x80, 0x2F, 0xFF, 0x00, 0x04, 0xFF, 0xD0, 0x3F, 0xFD, 0x00, 0x02, 0xFF, 0xE0, 0x2F, 0xFF, 0x00, 0x04, 0xFF, 0xD0,
    0x0D, 0xFF, 0x91, 0x2C, 0xFF, 0x80, 0x03, 0xFF, 0xFF, 0xFF, 0xFC, 0x00, 0x00, 0x29, 0xDF, 0xFD, 0x70, 0x00, 0x09, 0xFF, 0x64, 0xDF, 0xD6, 0x00,
    0x09, 0xFF, 0xAF, 0xFF, 0xFF, 0x70, 0x09, 0xFF, 0xE3, 0x06, 0xFF, 0xF1, 0x09, 0xFF, 0x80, 0x00, 0xDF, 0xF4, 0x09, 0xFF, 0x60, 0x00, 0xBF, 0xF6,
    0x09, 0xFF, 0x80, 0x00, 0xDF, 0xF4, 0x09, 0xFF, 0xE3, 0x06, 0xFF, 0xF1, 0x09, 0xFF, 0xAF, 0xFF, 0xFF, 0x70, 0x09, 0xFF, 0x64, 0xDF, 0xD6, 0x00,
    0x09, 0xFF, 0x60, 0x00, 0x00, 0x00, 0x09, 0xFF, 0x60, 0x00, 0x00, 0x00, 0x09, 0xFF, 0x60, 0x00, 0x00, 0x00, 0x09, 0xFF, 0x60, 0x00, 0x00, 0x00,
    0x00, 0x4C, 0xFD, 0x64, 0xFF, 0xB0, 0x05, 0xFF, 0xFF, 0xFA, 0xFF, 0xB0, 0x0D, 0xFF, 0x91, 0x2D, 0xFF, 0xB0, 0x2F, 0xFF, 0x00, 0x06, 0xFF, 0xB0,
    0x3F, 0xFD, 0x00, 0x04, 0xFF, 0xB0, 0x2F, 0xFF, 0x00, 0x06, 0xFF, 0xB0, 0x0D, 0xFF, 0x91, 0x2D, 0xFF, 0xB0, 0x05, 0xFF, 0xFF, 0xFA, 0xFF, 0xB0,
    0x00, 0x4C, 0xFD, 0x64, 0xFF, 0xB0, 0x00, 0x00, 0x00, 0x04, 0xFF, 0xB0, 0x00, 0x00, 0x00, 0x04, 0xFF, 0xB0, 0x00, 0x00, 0x00, 0x04, 0xFF, 0xB0,
    0x00, 0x00, 0x00, 0x04, 0xFF, 0xB0, 0x09, 0xFF, 0x65, 0xDF, 0x50, 0x9F, 0xFA, 0xFF, 0xF5, 0x09, 0xFF, 0xF5, 0x00, 0x00, 0x9F, 0xF9, 0x00, 0x00,
    0x09, 0xFF, 0x60, 0x00, 0x00, 0x9F, 0xF6, 0x00, 0x00, 0x09, 0xFF, 0x60, 0x00, 0x00, 0x9F, 0xF6, 0x00, 0x00, 0x09, 0xFF, 0x60, 0x00, 0x00, 0x01,
    0x9E, 0xFE, 0xC7, 0x10, 0x0D, 0xFF, 0xFF, 0xFF, 0xB0, 0x1F, 0xFB, 0x10, 0x38, 0x90, 0x0E, 0xFD, 0x64, 0x20, 0x00, 0x03, 0xDF, 0xFF, 0xFE, 0x60,
    0x00, 0x01, 0x35, 0xDF, 0xF2, 0x0C, 0x62, 0x01, 0xBF, 0xF4, 0x0F, 0xFF, 0xFF, 0xFF, 0xE1, 0x02, 0x8C, 0xFF, 0xEA, 0x20, 0x04, 0xFF, 0xA0, 0x00,
    0x04, 0xFF, 0xA0, 0x00, 0x04, 0xFF, 0xA0, 0x00, 0xCF, 0xFF, 0xFF, 0xFB, 0xCF, 0xFF, 0xFF, 0xFB, 0x04, 0xFF, 0xA0, 0x00, 0x04, 0xFF, 0xA0, 0x00,
    0x04, 0xFF, 0xA0, 0x00, 0x04, 0xFF, 0xA0, 0x00, 0x03, 0xFF, 0xC0, 0x00, 0x00, 0xFF, 0xFF, 0xF7, 0x00, 0x4D, 0xFF, 0xF7, 0x0A, 0xFF, 0x40, 0x04,
    0xFF, 0xA0, 0x0A, 0xFF, 0x40, 0x04, 0xFF, 0xA0, 0x0A, 0xFF, 0x40, 0x04, 0xFF, 0xA0, 0x0A, 0xFF, 0x40, 0x04, 0xFF, 0xA0, 0x0A, 0xFF, 0x40, 0x05,
    0xFF, 0xA0, 0x0A, 0xFF, 0x50, 0x07, 0xFF, 0xA0, 0x08, 0xFF, 0xB0, 0x3E, 0xFF, 0xA0, 0x02, 0xFF, 0xFF, 0xF9, 0xFF, 0xA0, 0x00, 0x4C, 0xFD, 0x54,
    0xFF, 0xA0, 0x8F, 0xF6, 0x00, 0x05, 0xFF, 0x92, 0xFF, 0xC0, 0x00, 0xBF, 0xF3, 0x0B, 0xFF, 0x20, 0x1F, 0xFC, 0x00, 0x5F, 0xF8, 0x07, 0xFF, 0x60,
    0x00, 0xEF, 0xE0, 0xDF, 0xF0, 0x00, 0x08, 0xFF, 0x7F, 0xF9, 0x00, 0x00, 0x1F, 0xFF, 0xFF, 0x20, 0x00, 0x00, 0xBF, 0xFF, 0xC0, 0x00, 0x00, 0x04,
    0xFF, 0xF5, 0x00, 0x00, 0x4F, 0xF9, 0x00, 0x8F, 0xF3, 0x00, 0xEF, 0xF0, 0x0F, 0xFD, 0x00, 0xCF, 0xF7, 0x02, 0xFF, 0xB0, 0x0B, 0xFF, 0x10, 0xFF,
    0xFB, 0x06, 0xFF, 0x60, 0x07, 0xFF, 0x54, 0xFB, 0xFF, 0x0A, 0xFF, 0x20, 0x02, 0xFF, 0x98, 0xF6, 0xBF, 0x3E, 0xFE, 0x00, 0x00, 0xEF, 0xDC, 0xF2,
    0x7F, 0xAF, 0xF9, 0x00, 0x00, 0xAF, 0xFF, 0xE0, 0x3F, 0xFF, 0xF5, 0x00, 0x00, 0x5F, 0xFF, 0xA0, 0x0F, 0xFF, 0xF1, 0x00, 0x00, 0x1F, 0xFF, 0x60,
    0x0B, 0xFF, 0xC0, 0x00, 0x3F, 0xFD, 0x00, 0x1E, 0xFF, 0x30, 0x6F, 0xFA, 0x0B, 0xFF, 0x60, 0x00, 0xAF, 0xFA, 0xFF, 0xA0, 0x00, 0x00, 0xDF, 0xFF,
    0xD0, 0x00, 0x00, 0x06, 0xFF, 0xF6, 0x00, 0x00, 0x02, 0xEF, 0xFF, 0xE1, 0x00, 0x00, 0xCF, 0xF8, 0xFF, 0xC0, 0x00, 0x9F, 0xF7, 0x08, 0xFF, 0x80,
    0x5F, 0xFC, 0x00, 0x0C, 0xFF, 0x50, 0x9F, 0xF5, 0x00, 0x06, 0xFF, 0x92, 0xFF, 0xC0, 0x00, 0xBF, 0xF3, 0x0B, 0xFF, 0x30, 0x1F, 0xFD, 0x00, 0x4F,
    0xF9, 0x06, 0xFF, 0x60, 0x00, 0xDF, 0xF0, 0xCF, 0xF1, 0x00, 0x06, 0xFF, 0x8F, 0xFA, 0x00, 0x00, 0x0E, 0xFF, 0xFF, 0x40, 0x00, 0x00, 0x8F, 0xFF,
    0xE0, 0x00, 0x00, 0x01, 0xFF, 0xF7, 0x00, 0x00, 0x00, 0x0C, 0xFF, 0x10, 0x00, 0x00, 0x03, 0xFF, 0xB0, 0x00, 0x00, 0x4F, 0xFF, 0xF3, 0x00, 0x00,
    0x04, 0xFF, 0xD4, 0x00, 0x00, 0x00, 0x0F, 0xFF, 0xFF, 0xFF, 0xF1, 0x0F, 0xFF, 0xFF, 0xFF, 0xF1, 0x00, 0x00, 0x0C, 0xFF, 0x90, 0x00, 0x00, 0xCF,
    0xF9, 0x00, 0x00, 0x0C, 0xFF, 0xA0, 0x00, 0x00, 0xBF, 0xFA, 0x00, 0x00, 0x0B, 0xFF, 0xA0, 0x00, 0x00, 0x3F, 0xFF, 0xFF, 0xFF, 0xF1, 0x3F, 0xFF,
    0xFF, 0xFF, 0xF1, 0x00, 0x00, 0x02, 0xBE, 0xFF, 0x00, 0x00, 0x00, 0x0E, 0xFF, 0xFF, 0x00, 0x00, 0x00, 0x3F, 0xFD, 0x10, 0x00, 0x00, 0x00, 0x4F,
    0xF9, 0x00, 0x00, 0x00, 0x00, 0x4F, 0xF8, 0x00, 0x00, 0x00, 0x00, 0x5F, 0xF8, 0x00, 0x00, 0x00, 0x02, 0xCF, 0xF5, 0x00, 0x00, 0x00, 0xEF, 0xFF,
    0xA0, 0x00, 0x00, 0x00, 0xEF, 0xFF, 0xC0, 0x00, 0x00, 0x00, 0x02, 0xCF, 0xF6, 0x00, 0x00, 0x00, 0x00, 0x5F, 0xF8, 0x00, 0x00, 0x00, 0x00, 0x4F,
    0xF8, 0x00, 0x00, 0x00, 0x00, 0x4F, 0xF9, 0x00, 0x00, 0x00, 0x00, 0x3F, 0xFD, 0x10, 0x00, 0x00, 0x00, 0x0E, 0xFF, 0xFF, 0x00, 0x00, 0x00, 0x03,
    0xBE, 0xFF, 0x00, 0x00, 0xDF, 0x00, 0x00, 0xDF, 0x00, 0x00, 0xDF, 0x00, 0x00, 0xDF, 0x00, 0x00, 0xDF, 0x00, 0x00, 0xDF, 0x00, 0x00, 0xDF, 0x00,
    0x00, 0xDF, 0x00, 0x00, 0xDF, 0x00, 0x00, 0xDF, 0x00, 0x00, 0xDF, 0x00, 0x00, 0xDF, 0x00, 0x00, 0xDF, 0x00, 0x00, 0xDF, 0x00, 0x00, 0xDF, 0x00,
    0x00, 0xDF, 0x00, 0x00, 0xDF, 0x00, 0x00, 0xEF, 0xEC, 0x30, 0x00, 0x00, 0x00, 0xEF, 0xFF, 0xE1, 0x00, 0x00, 0x00, 0x01, 0xBF, 0xF4, 0x00, 0x00,
    0x00, 0x00, 0x7F, 0xF6, 0x00, 0x00, 0x00, 0x00, 0x6F, 0xF6, 0x00, 0x00, 0x00, 0x00, 0x6F, 0xF7, 0x00, 0x00, 0x00, 0x00, 0x4F, 0xFD, 0x20, 0x00,
    0x00, 0x00, 0x09, 0xFF, 0xFF, 0x00, 0x00, 0x00, 0x0A, 0xFF, 0xFF, 0x00, 0x00, 0x00, 0x4F, 0xFD, 0x20, 0x00, 0x00, 0x00, 0x6F, 0xF7, 0x00, 0x00,
    0x00, 0x00, 0x6F, 0xF6, 0x00, 0x00, 0x00, 0x00, 0x7F, 0xF6, 0x00, 0x00, 0x00, 0x01, 0xCF, 0xF4, 0x00, 0x00, 0x00, 0xEF, 0xFF, 0xE1, 0x00, 0x00,
    0x00, 0xEF, 0xEC, 0x30, 0x00, 0x00, 0x00, 0x00, 0x00, 0x00, 0x00, 0x00, 0x00, 0x00, 0x4B, 0xFF, 0xB6, 0x20, 0x29, 0x60, 0x03, 0xFF, 0xFF, 0xFF,
    0xFF, 0xFF, 0x60, 0x03, 0xC4, 0x01, 0x5A, 0xEF, 0xC6, 0x00, 0x00, 0x00, 0x00, 0x00, 0x00, 0x00, 0x00, 0x00, 0x00, 0x00, 0x00, 0x00, 0x00, 0x00,
    0x00, 0x00, 0x00, 0x00, 0x00, 0x00, 0x00, 0x00, 0x00, 0x00, 0x00, 0x00, 0x00, 0x00,
};

static const glyph_t font_med_glyphs[] = {
    {0,0,0,0,0,6},
    {0,8,12,0,4,8},
    {48,9,12,0,4,9},
    {102,14,12,0,4,14},
    {186,12,16,0,3,12},
    {282,17,12,0,4,17},
    {384,15,12,0,4,15},
    {474,5,12,0,4,5},
    {504,8,15,0,3,8},
    {564,8,15,0,3,8},
    {624,9,12,0,4,9},
    {678,14,10,0,6,14},
    {748,6,6,0,13,6},
    {766,7,6,0,10,7},
    {787,6,3,0,13,6},
    {796,7,14,0,4,6},
    {845,12,12,0,4,12},
    {917,12,12,0,4,12},
    {989,12,12,0,4,12},
    {1061,12,12,0,4,12},
    {1133,12,12,0,4,12},
    {1205,12,12,0,4,12},
    {1277,12,12,0,4,12},
    {1349,12,12,0,4,12},
    {1421,12,12,0,4,12},
    {1493,12,12,0,4,12},
    {1565,7,9,0,7,7},
    {1597,7,12,0,7,7},
    {1639,14,10,0,6,14},
    {1709,14,8,0,8,14},
    {1765,14,10,0,6,14},
    {1835,10,12,0,4,10},
    {1895,17,15,0,4,17},
    {2023,14,12,0,4,13},
    {2107,13,12,0,4,13},
    {2185,12,12,0,4,12},
    {2257,14,12,0,4,14},
    {2341,12,12,0,4,12},
    {2413,12,12,0,4,12},
    {2485,14,12,0,4,14},
    {2569,14,12,0,4,14},
    {2653,6,12,0,4,6},
    {2689,7,15,-1,4,6},
    {2742,14,12,0,4,13},
    {2826,11,12,0,4,11},
    {2892,17,12,0,4,17},
    {2994,14,12,0,4,14},
    {3078,14,12,0,4,14},
    {3162,12,12,0,4,12},
    {3234,14,14,0,4,14},
    {3332,13,12,0,4,13},
    {3410,12,12,0,4,12},
    {3482,12,12,0,4,12},
    {3554,14,12,0,4,14},
    {3638,14,12,0,4,13},
    {3722,19,12,0,4,19},
    {3836,13,12,0,4,13},
    {3914,14,12,-1,4,12},
    {3998,12,12,0,4,12},
    {4070,8,15,0,3,8},
    {4130,7,14,0,4,6},
    {4179,8,15,0,3,8},
    {4239,14,12,0,4,14},
    {4323,9,4,0,16,8},
    {4341,9,14,0,2,8},
    {4404,11,9,0,7,11},
    {4454,12,13,0,3,12},
    {4532,10,9,0,7,10},
    {4577,12,13,0,3,12},
    {4655,12,9,0,7,12},
    {4709,8,13,0,3,7},
    {4761,12,13,0,7,12},
    {4839,12,13,0,3,12},
    {4917,6,13,0,3,6},
    {4956,7,17,-1,3,6},
    {5016,12,13,0,3,11},
    {5094,6,13,0,3,6},
    {5133,18,9,0,7,18},
    {5214,12,9,0,7,12},
    {5268,12,9,0,7,12},
    {5322,12,13,0,7,12},
    {5400,12,13,0,7,12},
    {5478,9,9,0,7,8},
    {5519,10,9,0,7,10},
    {5564,8,12,0,4,8},
    {5612,12,9,0,7,12},
    {5666,11,9,0,7,11},
    {5716,16,9,0,7,16},
    {5788,11,9,0,7,11},
    {5838,11,13,0,7,11},
    {5910,10,9,0,7,10},
    {5955,12,16,0,3,12},
    {6051,6,17,0,3,6},
    {6102,12,16,0,3,12},
    {6198,14,8,0,8,14}
};

static const font_t FONT_MED = { font_med_glyphs, font_med_data, 32, 95, 21, 16 };

static const uint8_t font_big_data[19756] = {
    0x00, 0x00, 0xCF, 0xFF, 0xF7, 0x00, 0x00, 0x00, 0x00, 0xCF, 0xFF, 0xF7, 0x00, 0x00, 0x00, 0x00, 0xCF, 0xFF, 0xF7, 0x00, 0x00, 0x00, 0x00, 0xCF,
    0xFF, 0xF7, 0x00, 0x00, 0x00, 0x00, 0xCF, 0xFF, 0xF7, 0x00, 0x00, 0x00, 0x00, 0xCF, 0xFF, 0xF7, 0x00, 0x00, 0x00, 0x00, 0xCF, 0xFF, 0xF7, 0x00,
    0x00, 0x00, 0x00, 0xCF, 0xFF, 0xF7, 0x00, 0x00, 0x00, 0x00, 0xCF, 0xFF, 0xF7, 0x00, 0x00, 0x00, 0x00, 0xBF, 0xFF, 0xF6, 0x00, 0x00, 0x00, 0x00,
    0x9F, 0xFF, 0xF4, 0x00, 0x00, 0x00, 0x00, 0x7F, 0xFF, 0xF2, 0x00, 0x00, 0x00, 0x00, 0x5F, 0xFF, 0xF0, 0x00, 0x00, 0x00, 0x00, 0x3F, 0xFF, 0xE0,
    0x00, 0x00, 0x00, 0x00, 0x1F, 0xFF, 0xC0, 0x00, 0x00, 0x00, 0x00, 0x00, 0x00, 0x00, 0x00, 0x00, 0x00, 0x00, 0x00, 0x00, 0x00, 0x00, 0x00, 0x00,
    0x00, 0xCF, 0xFF, 0xF7, 0x00, 0x00, 0x00, 0x00, 0xCF, 0xFF, 0xF7, 0x00, 0x00, 0x00, 0x00, 0xCF, 0xFF, 0xF7, 0x00, 0x00, 0x00, 0x00, 0xCF, 0xFF,
    0xF7, 0x00, 0x00, 0x00, 0x00, 0xCF, 0xFF, 0xF7, 0x00, 0x00, 0x00, 0x2F, 0xFF, 0x50, 0x0B, 0xFF, 0xC0, 0x00, 0x00, 0x2F, 0xFF, 0x50, 0x0B, 0xFF,
    0xC0, 0x00, 0x00, 0x2F, 0xFF, 0x50, 0x0B, 0xFF, 0xC0, 0x00, 0x00, 0x2F, 0xFF, 0x50, 0x0B, 0xFF, 0xC0, 0x00, 0x00, 0x2F, 0xFF, 0x50, 0x0B, 0xFF,
    0xC0, 0x00, 0x00, 0x2F, 0xFF, 0x50, 0x0B, 0xFF, 0xC0, 0x00, 0x00, 0x2F, 0xFF, 0x50, 0x0B, 0xFF, 0xC0, 0x00, 0x00, 0x2F, 0xFF, 0x50, 0x0B, 0xFF,
    0xC0, 0x00, 0x00, 0x00, 0x00, 0x00, 0x00, 0x00, 0x00, 0x00, 0x00, 0x00, 0x00, 0x00, 0x00, 0x00, 0x00, 0x00, 0x00, 0x00, 0x00, 0x00, 0x00, 0x00,
    0x00, 0x00, 0x00, 0x00, 0x00, 0x00, 0x00, 0x00, 0x00, 0x00, 0x00, 0x00, 0x00, 0x00, 0x00, 0x00, 0x00, 0x00, 0x00, 0x00, 0x00, 0x00, 0x00, 0x00,
    0x00, 0x00, 0x00, 0x00, 0x00, 0x00, 0x00, 0x00, 0x00, 0x00, 0x00, 0x00, 0x00, 0x00, 0x00, 0x00, 0x00, 0x00, 0x00, 0x00, 0x00, 0x00, 0x00, 0x00,
    0x00, 0x00, 0x00, 0x00, 0x00, 0x00, 0x00, 0x00, 0x00, 0x00, 0x00, 0x00, 0x00, 0x00, 0x00, 0x00, 0x00, 0x00, 0x00, 0x00, 0x00, 0x00, 0x00, 0x00,
    0x00, 0x00, 0x00, 0x00, 0x00, 0x00, 0x00, 0x00, 0x00, 0x00, 0x00, 0x00, 0x00, 0x00, 0x00, 0x00, 0x00, 0x00, 0x00, 0x00, 0x00, 0x00, 0x00, 0xFF,
    0xF3, 0x00, 0x0E, 0xFF, 0x50, 0x00, 0x00, 0x00, 0x00, 0x00, 0x00, 0x4F, 0xFF, 0x00, 0x01, 0xFF, 0xF1, 0x00, 0x00, 0x00, 0x00, 0x00, 0x00, 0x08,
    0xFF, 0xC0, 0x00, 0x5F, 0xFD, 0x00, 0x00, 0x00, 0x00, 0x00, 0x00, 0x00, 0xBF, 0xF8, 0x00, 0x09, 0xFF, 0xA0, 0x00, 0x00, 0x00, 0x00, 0x00, 0x00,
    0x0F, 0xFF, 0x40, 0x00, 0xDF, 0xF6, 0x00, 0x00, 0x00, 0x00, 0x00, 0x00, 0x03, 0xFF, 0xF0, 0x00, 0x1F, 0xFF, 0x20, 0x00, 0x00, 0x00, 0x04, 0xFF,
    0xFF, 0xFF, 0xFF, 0xFF, 0xFF, 0xFF, 0xFF, 0xFF, 0xF1, 0x00, 0x00, 0x4F, 0xFF, 0xFF, 0xFF, 0xFF, 0xFF, 0xFF, 0xFF, 0xFF, 0xFF, 0x10, 0x00, 0x04,
    0xFF, 0xFF, 0xFF, 0xFF, 0xFF, 0xFF, 0xFF, 0xFF, 0xFF, 0xF1, 0x00, 0x00, 0x00, 0x00, 0x4F, 0xFF, 0x00, 0x02, 0xFF, 0xF2, 0x00, 0x00, 0x00, 0x00,
    0x00, 0x00, 0x08, 0xFF, 0xC0, 0x00, 0x6F, 0xFE, 0x00, 0x00, 0x00, 0x00, 0x00, 0x00, 0x00, 0xCF, 0xF7, 0x00, 0x0A, 0xFF, 0xA0, 0x00, 0x00, 0x00,
    0x00, 0x00, 0x00, 0x0F, 0xFF, 0x30, 0x00, 0xEF, 0xF6, 0x00, 0x00, 0x00, 0x00, 0x0F, 0xFF, 0xFF, 0xFF, 0xFF, 0xFF, 0xFF, 0xFF, 0xFF, 0xFF, 0x60,
    0x00, 0x00, 0xFF, 0xFF, 0xFF, 0xFF, 0xFF, 0xFF, 0xFF, 0xFF, 0xFF, 0xF6, 0x00, 0x00, 0x0F, 0xFF, 0xFF, 0xFF, 0xFF, 0xFF, 0xFF, 0xFF, 0xFF, 0xFF,
    0x60, 0x00, 0x00, 0x00, 0x00, 0xFF, 0xF4, 0x00, 0x0D, 0xFF, 0x60, 0x00, 0x00, 0x00, 0x00, 0x00, 0x00, 0x3F, 0xFF, 0x00, 0x01, 0xFF, 0xF2, 0x00,
    0x00, 0x00, 0x00, 0x00, 0x00, 0x07, 0xFF, 0xC0, 0x00, 0x5F, 0xFE, 0x00, 0x00, 0x00, 0x00, 0x00, 0x00, 0x00, 0xBF, 0xF9, 0x00, 0x09, 0xFF, 0xA0,
    0x00, 0x00, 0x00, 0x00, 0x00, 0x00, 0x0E, 0xFF, 0x50, 0x00, 0xCF, 0xF7, 0x00, 0x00, 0x00, 0x00, 0x00, 0x00, 0x02, 0xFF, 0xF1, 0x00, 0x0F, 0xFF,
    0x30, 0x00, 0x00, 0x00, 0x00, 0x00, 0x00, 0x00, 0x00, 0x0B, 0xFA, 0x00, 0x00, 0x00, 0x00, 0x00, 0x00, 0x00, 0x00, 0x00, 0xBF, 0xA0, 0x00, 0x00,
    0x00, 0x00, 0x00, 0x00, 0x00, 0x00, 0x0B, 0xFA, 0x00, 0x00, 0x00, 0x00, 0x00, 0x00, 0x00, 0x28, 0xBD, 0xFF, 0xFE, 0xCA, 0x63, 0x00, 0x00, 0x00,
    0x00, 0x9F, 0xFF, 0xFF, 0xFF, 0xFF, 0xFF, 0xF8, 0x00, 0x00, 0x00, 0xAF, 0xFF, 0xFF, 0xFF, 0xFF, 0xFF, 0xFF, 0x80, 0x00, 0x00, 0x3F, 0xFF, 0xFC,
    0x3C, 0xFA, 0x15, 0x9F, 0xF8, 0x00, 0x00, 0x08, 0xFF, 0xFF, 0x20, 0xBF, 0xA0, 0x00, 0x07, 0x70, 0x00, 0x00, 0xAF, 0xFF, 0xF0, 0x0B, 0xFA, 0x00,
    0x00, 0x00, 0x00, 0x00, 0x09, 0xFF, 0xFF, 0x80, 0xBF, 0xA0, 0x00, 0x00, 0x00, 0x00, 0x00, 0x6F, 0xFF, 0xFF, 0xDE, 0xFB, 0x20, 0x00, 0x00, 0x00,
    0x00, 0x00, 0xEF, 0xFF, 0xFF, 0xFF, 0xFF, 0xFB, 0x60, 0x00, 0x00, 0x00, 0x03, 0xEF, 0xFF, 0xFF, 0xFF, 0xFF, 0xFF, 0xE3, 0x00, 0x00, 0x00, 0x00,
    0x7C, 0xFF, 0xFF, 0xFF, 0xFF, 0xFF, 0xF1, 0x00, 0x00, 0x00, 0x00, 0x01, 0x4D, 0xFF, 0xFF, 0xFF, 0xFF, 0x80, 0x00, 0x00, 0x00, 0x00, 0x00, 0xBF,
    0xA0, 0x8F, 0xFF, 0xFC, 0x00, 0x00, 0x00, 0x00, 0x00, 0x0B, 0xFA, 0x00, 0xEF, 0xFF, 0xD0, 0x00, 0x08, 0x60, 0x00, 0x00, 0xBF, 0xA0, 0x0E, 0xFF,
    0xFB, 0x00, 0x00, 0xAF, 0xF9, 0x52, 0x0B, 0xFA, 0x18, 0xFF, 0xFF, 0x70, 0x00, 0x0A, 0xFF, 0xFF, 0xFF, 0xFF, 0xFF, 0xFF, 0xFF, 0xD0, 0x00, 0x00,
    0xAF, 0xFF, 0xFF, 0xFF, 0xFF, 0xFF, 0xFF, 0xC1, 0x00, 0x00, 0x00, 0x37, 0xAC, 0xDF, 0xFF, 0xFE, 0xC8, 0x30, 0x00, 0x00, 0x00, 0x00, 0x00, 0x00,
    0x0B, 0xFA, 0x00, 0x00, 0x00, 0x00, 0x00, 0x00, 0x00, 0x00, 0x00, 0xBF, 0xA0, 0x00, 0x00, 0x00, 0x00, 0x00, 0x00, 0x00, 0x00, 0x0B, 0xFA, 0x00,
    0x00, 0x00, 0x00, 0x00, 0x00, 0x00, 0x00, 0x00, 0xBF, 0xA0, 0x00, 0x00, 0x00, 0x00, 0x00, 0x02, 0x9D, 0xFF, 0xC7, 0x00, 0x00, 0x00, 0x00, 0x01,
    0xFF, 0xF3, 0x00, 0x00, 0x00, 0x00, 0x5F, 0xFF, 0xFF, 0xFF, 0xD1, 0x00, 0x00, 0x00, 0x0A, 0xFF, 0x90, 0x00, 0x00, 0x00, 0x02, 0xFF, 0xF9, 0x02,
    0xEF, 0xFB, 0x00, 0x00, 0x00, 0x4F, 0xFE, 0x00, 0x00, 0x00, 0x00, 0x09, 0xFF, 0xF0, 0x00, 0x6F, 0xFF, 0x30, 0x00, 0x00, 0xEF, 0xF5, 0x00, 0x00,
    0x00, 0x00, 0x0E, 0xFF, 0xB0, 0x00, 0x2F, 0xFF, 0x80, 0x00, 0x08, 0xFF, 0xB0, 0x00, 0x00, 0x00, 0x00, 0x0F, 0xFF, 0xA0, 0x00, 0x0F, 0xFF, 0x90,
    0x00, 0x2F, 0xFF, 0x10, 0x00, 0x00, 0x00, 0x00, 0x0F, 0xFF, 0xA0, 0x00, 0x0F, 0xFF, 0x90, 0x00, 0xCF, 0xF7, 0x00, 0x00, 0x00, 0x00, 0x00, 0x0E,
    0xFF, 0xB0, 0x00, 0x2F, 0xFF, 0x80, 0x06, 0xFF, 0xD0, 0x00, 0x00, 0x00, 0x00, 0x00, 0x09, 0xFF, 0xF0, 0x00, 0x6F, 0xFF, 0x30, 0x1F, 0xFF, 0x30,
    0x00, 0x00, 0x00, 0x00, 0x00, 0x02, 0xFF, 0xF9, 0x02, 0xEF, 0xFB, 0x00, 0xAF, 0xF9, 0x00, 0x00, 0x00, 0x00, 0x00, 0x00, 0x00, 0x5F, 0xFF, 0xFF,
    0xFF, 0xD1, 0x04, 0xFF, 0xE0, 0x00, 0x6C, 0xFF, 0xEA, 0x30, 0x00, 0x00, 0x02, 0x9E, 0xFF, 0xC7, 0x00, 0x0D, 0xFF, 0x50, 0x1C, 0xFF, 0xFF, 0xFF,
    0xF6, 0x00, 0x00, 0x00, 0x00, 0x00, 0x00, 0x00, 0x8F, 0xFB, 0x00, 0xBF, 0xFE, 0x30, 0x9F, 0xFF, 0x30, 0x00, 0x00, 0x00, 0x00, 0x00, 0x02, 0xFF,
    0xF2, 0x03, 0xFF, 0xF7, 0x00, 0x0F, 0xFF, 0xB0, 0x00, 0x00, 0x00, 0x00, 0x00, 0x0C, 0xFF, 0x70, 0x07, 0xFF, 0xF3, 0x00, 0x0B, 0xFF, 0xF0, 0x00,
    0x00, 0x00, 0x00, 0x00, 0x6F, 0xFD, 0x00, 0x09, 0xFF, 0xF1, 0x00, 0x09, 0xFF, 0xF1, 0x00, 0x00, 0x00, 0x00, 0x01, 0xEF, 0xF3, 0x00, 0x09, 0xFF,
    0xF1, 0x00, 0x09, 0xFF, 0xF1, 0x00, 0x00, 0x00, 0x00, 0x0A, 0xFF, 0x90, 0x00, 0x07, 0xFF, 0xF3, 0x00, 0x0B, 0xFF, 0xF0, 0x00, 0x00, 0x00, 0x00,
    0x3F, 0xFE, 0x10, 0x00, 0x03, 0xFF, 0xF7, 0x00, 0x0F, 0xFF, 0xA0, 0x00, 0x00, 0x00, 0x00, 0xDF, 0xF5, 0x00, 0x00, 0x00, 0xBF, 0xFE, 0x30, 0x9F,
    0xFF, 0x30, 0x00, 0x00, 0x00, 0x07, 0xFF, 0xB0, 0x00, 0x00, 0x00, 0x1C, 0xFF, 0xFF, 0xFF, 0xF6, 0x00, 0x00, 0x00, 0x00, 0x2F, 0xFF, 0x20, 0x00,
    0x00, 0x00, 0x00, 0x6C, 0xFF, 0xEA, 0x20, 0x00, 0x00, 0x00, 0x00, 0x00, 0x6B, 0xEF, 0xFD, 0xC8, 0x40, 0x00, 0x00, 0x00, 0x00, 0x00, 0x00, 0x00,
    0x3E, 0xFF, 0xFF, 0xFF, 0xFF, 0xFA, 0x00, 0x00, 0x00, 0x00, 0x00, 0x00, 0x02, 0xFF, 0xFF, 0xFF, 0xFF, 0xFF, 0xFA, 0x00, 0x00, 0x00, 0x00, 0x00,
    0x00, 0x09, 0xFF, 0xFF, 0xD3, 0x01, 0x5B, 0xFA, 0x00, 0x00, 0x00, 0x00, 0x00, 0x00, 0x0D, 0xFF, 0xFF, 0x50, 0x00, 0x00, 0x38, 0x00, 0x00, 0x00,
    0x00, 0x00, 0x00, 0x0E, 0xFF, 0xFF, 0x60, 0x00, 0x00, 0x00, 0x00, 0x00, 0x00, 0x00, 0x00, 0x00, 0x0B, 0xFF, 0xFF, 0xD0, 0x00, 0x00, 0x00, 0x00,
    0x00, 0x00, 0x00, 0x00, 0x00, 0x04, 0xFF, 0xFF, 0xF9, 0x00, 0x00, 0x00, 0x00, 0x00, 0x00, 0x00, 0x00, 0x00, 0x02, 0xEF, 0xFF, 0xFF, 0x70, 0x00,
    0x00, 0x00, 0x00, 0x00, 0x00, 0x00, 0x00, 0x6F, 0xFF, 0xFF, 0xFF, 0xF5, 0x00, 0x00, 0x0B, 0xFF, 0xFD, 0x00, 0x00, 0x06, 0xFF, 0xFF, 0xFF, 0xFF,
    0xFF, 0x40, 0x00, 0x0D, 0xFF, 0xFB, 0x00, 0x00, 0x3F, 0xFF, 0xFF, 0x9E, 0xFF, 0xFF, 0xF3, 0x00, 0x0F, 0xFF, 0xF8, 0x00, 0x00, 0xBF, 0xFF, 0xFA,
    0x02, 0xFF, 0xFF, 0xFE, 0x20, 0x5F, 0xFF, 0xF4, 0x00, 0x00, 0xFF, 0xFF, 0xF2, 0x00, 0x4F, 0xFF, 0xFF, 0xD1, 0xCF, 0xFF, 0xF0, 0x00, 0x02, 0xFF,
    0xFF, 0xE0, 0x00, 0x05, 0xFF, 0xFF, 0xFE, 0xFF, 0xFF, 0x90, 0x00, 0x02, 0xFF, 0xFF, 0xF0, 0x00, 0x00, 0x7F, 0xFF, 0xFF, 0xFF, 0xFF, 0x10, 0x00,
    0x00, 0xFF, 0xFF, 0xF3, 0x00, 0x00, 0x09, 0xFF, 0xFF, 0xFF, 0xF6, 0x00, 0x00, 0x00, 0xBF, 0xFF, 0xFD, 0x00, 0x00, 0x00, 0xCF, 0xFF, 0xFF, 0xD0,
    0x00, 0x00, 0x00, 0x3F, 0xFF, 0xFF, 0xD5, 0x00, 0x39, 0xFF, 0xFF, 0xFF, 0xF7, 0x00, 0x00, 0x00, 0x06, 0xFF, 0xFF, 0xFF, 0xFF, 0xFF, 0xFF, 0xFF,
    0xFF, 0xFF, 0x70, 0x00, 0x00, 0x00, 0x4E, 0xFF, 0xFF, 0xFF, 0xFF, 0xFF, 0xDD, 0xFF, 0xFF, 0xF7, 0x00, 0x00, 0x00, 0x00, 0x5A, 0xDF, 0xFF, 0xEB,
    0x83, 0x00, 0xCF, 0xFF, 0xFF, 0x60, 0x00, 0x2F, 0xFF, 0x50, 0x00, 0x02, 0xFF, 0xF5, 0x00, 0x00, 0x2F, 0xFF, 0x50, 0x00, 0x02, 0xFF, 0xF5, 0x00,
    0x00, 0x2F, 0xFF, 0x50, 0x00, 0x02, 0xFF, 0xF5, 0x00, 0x00, 0x2F, 0xFF, 0x50, 0x00, 0x02, 0xFF, 0xF5, 0x00, 0x00, 0x00, 0x00, 0x00, 0x00, 0x00,
    0x00, 0x00, 0x00, 0x00, 0x00, 0x00, 0x00, 0x00, 0x00, 0x00, 0x00, 0x00, 0x00, 0x00, 0x00, 0x00, 0x00, 0x00, 0x00, 0x00, 0x00, 0x00, 0x00, 0x00,
    0x00, 0x00, 0x00, 0x00, 0x00, 0x00, 0x00, 0x00, 0x00, 0x00, 0x00, 0x00, 0x00, 0x00, 0x00, 0x00, 0x00, 0x00, 0x00, 0x00, 0x00, 0x00, 0x00, 0x00,
    0x00, 0x00, 0x00, 0x00, 0x00, 0x00, 0x00, 0x00, 0x00, 0x00, 0x00, 0x00, 0x5F, 0xFF, 0xF1, 0x00, 0x00, 0x00, 0x00, 0xEF, 0xFF, 0x90, 0x00, 0x00,
    0x00, 0x07, 0xFF, 0xFF, 0x20, 0x00, 0x00, 0x00, 0x0E, 0xFF, 0xFA, 0x00, 0x00, 0x00, 0x00, 0x6F, 0xFF, 0xF5, 0x00, 0x00, 0x00, 0x00, 0xDF, 0xFF,
    0xF0, 0x00, 0x00, 0x00, 0x02, 0xFF, 0xFF, 0xA0, 0x00, 0x00, 0x00, 0x08, 0xFF, 0xFF, 0x50, 0x00, 0x00, 0x00, 0x0C, 0xFF, 0xFF, 0x20, 0x00, 0x00,
    0x00, 0x0F, 0xFF, 0xFF, 0x00, 0x00, 0x00, 0x00, 0x2F, 0xFF, 0xFC, 0x00, 0x00, 0x00, 0x00, 0x4F, 0xFF, 0xFB, 0x00, 0x00, 0x00, 0x00, 0x6F, 0xFF,
    0xFA, 0x00, 0x00, 0x00, 0x00, 0x6F, 0xFF, 0xF9, 0x00, 0x00, 0x00, 0x00, 0x6F, 0xFF, 0xFA, 0x00, 0x00, 0x00, 0x00, 0x4F, 0xFF, 0xFB, 0x00, 0x00,
    0x00, 0x00, 0x2F, 0xFF, 0xFC, 0x00, 0x00, 0x00, 0x00, 0x0F, 0xFF, 0xFE, 0x00, 0x00, 0x00, 0x00, 0x0C, 0xFF, 0xFF, 0x20, 0x00, 0x00, 0x00, 0x08,
    0xFF, 0xFF, 0x50, 0x00, 0x00, 0x00, 0x03, 0xFF, 0xFF, 0x90, 0x00, 0x00, 0x00, 0x00, 0xDF, 0xFF, 0xE0, 0x00, 0x00, 0x00, 0x00, 0x6F, 0xFF, 0xF4,
    0x00, 0x00, 0x00, 0x00, 0x0E, 0xFF, 0xFA, 0x00, 0x00, 0x00, 0x00, 0x07, 0xFF, 0xFF, 0x20, 0x00, 0x00, 0x00, 0x00, 0xEF, 0xFF, 0x90, 0x00, 0x00,
    0x00, 0x00, 0x5F, 0xFF, 0xF1, 0x00, 0x00, 0x5F, 0xFF, 0xF1, 0x00, 0x00, 0x00, 0x00, 0x0D, 0xFF, 0xF9, 0x00, 0x00, 0x00, 0x00, 0x06, 0xFF, 0xFF,
    0x20, 0x00, 0x00, 0x00, 0x00, 0xEF, 0xFF, 0xA0, 0x00, 0x00, 0x00, 0x00, 0x9F, 0xFF, 0xF1, 0x00, 0x00, 0x00, 0x00, 0x4F, 0xFF, 0xF8, 0x00, 0x00,
    0x00, 0x00, 0x0E, 0xFF, 0xFE, 0x00, 0x00, 0x00, 0x00, 0x0A, 0xFF, 0xFF, 0x30, 0x00, 0x00, 0x00, 0x07, 0xFF, 0xFF, 0x70, 0x00, 0x00, 0x00, 0x03,
    0xFF, 0xFF, 0xB0, 0x00, 0x00, 0x00, 0x00, 0xFF, 0xFF, 0xE0, 0x00, 0x00, 0x00, 0x00, 0xFF, 0xFF, 0xF0, 0x00, 0x00, 0x00, 0x00, 0xEF, 0xFF, 0xF1,
    0x00, 0x00, 0x00, 0x00, 0xDF, 0xFF, 0xF2, 0x00, 0x00, 0x00, 0x00, 0xEF, 0xFF, 0xF1, 0x00, 0x00, 0x00, 0x00, 0xFF, 0xFF, 0xF0, 0x00, 0x00, 0x00,
    0x00, 0xFF, 0xFF, 0xE0, 0x00, 0x00, 0x00, 0x03, 0xFF, 0xFF, 0xB0, 0x00, 0x00, 0x00, 0x07, 0xFF, 0xFF, 0x70, 0x00, 0x00, 0x00, 0x0A, 0xFF, 0xFF,
    0x30, 0x00, 0x00, 0x00, 0x0E, 0xFF, 0xFE, 0x00, 0x00, 0x00, 0x00, 0x4F, 0xFF, 0xF8, 0x00, 0x00, 0x00, 0x00, 0x9F, 0xFF, 0xF2, 0x00, 0x00, 0x00,
    0x00, 0xEF, 0xFF, 0xA0, 0x00, 0x00, 0x00, 0x06, 0xFF, 0xFF, 0x20, 0x00, 0x00, 0x00, 0x0D, 0xFF, 0xF9, 0x00, 0x00, 0x00, 0x00, 0x5F, 0xFF, 0xF1,
    0x00, 0x00, 0x00, 0x00, 0x00, 0x00, 0x6F, 0xF1, 0x00, 0x00, 0x00, 0x00, 0x00, 0x00, 0x6F, 0xF1, 0x00, 0x00, 0x00, 0x08, 0x80, 0x00, 0x6F, 0xF1,
    0x00, 0x2B, 0x30, 0x1F, 0xFE, 0x50, 0x6F, 0xF1, 0x08, 0xFF, 0xB0, 0x2B, 0xFF, 0xFC, 0x9F, 0xF6, 0xEF, 0xFF, 0x90, 0x00, 0x4D, 0xFF, 0xFF, 0xFF,
    0xFF, 0xB2, 0x00, 0x00, 0x00, 0x6E, 0xFF, 0xFF, 0xD4, 0x00, 0x00, 0x00, 0x00, 0x7E, 0xFF, 0xFF, 0xD4, 0x00, 0x00, 0x00, 0x5D, 0xFF, 0xFF, 0xFF,
    0xFF, 0xB2, 0x00, 0x2B, 0xFF, 0xFB, 0x8F, 0xF6, 0xEF, 0xFF, 0x90, 0x1F, 0xFE, 0x50, 0x6F, 0xF1, 0x08, 0xFF, 0xB0, 0x08, 0x80, 0x00, 0x6F, 0xF1,
    0x00, 0x2B, 0x30, 0x00, 0x00, 0x00, 0x6F, 0xF1, 0x00, 0x00, 0x00, 0x00, 0x00, 0x00, 0x6F, 0xF1, 0x00, 0x00, 0x00, 0x00, 0x00, 0x00, 0x00, 0x00,
    0x00, 0x00, 0x00, 0x00, 0x00, 0x00, 0x00, 0x00, 0x00, 0x00, 0x00, 0x00, 0x00, 0x00, 0x00, 0x00, 0x00, 0x00, 0x00, 0x00, 0x00, 0x00, 0x00, 0x00,
    0x00, 0x00, 0x00, 0x00, 0x00, 0x00, 0x00, 0x00, 0x00, 0x00, 0x00, 0x00, 0x00, 0x00, 0x00, 0x00, 0x00, 0x00, 0x00, 0x00, 0x00, 0x00, 0x00, 0x00,
    0x00, 0x00, 0x00, 0x00, 0x00, 0x00, 0x00, 0x00, 0x00, 0x00, 0x00, 0x00, 0x00, 0x00, 0x00, 0x00, 0x2F, 0xFF, 0x50, 0x00, 0x00, 0x00, 0x00, 0x00,
    0x00, 0x00, 0x00, 0x00, 0x02, 0xFF, 0xF5, 0x00, 0x00, 0x00, 0x00, 0x00, 0x00, 0x00, 0x00, 0x00, 0x00, 0x2F, 0xFF, 0x50, 0x00, 0x00, 0x00, 0x00,
    0x00, 0x00, 0x00, 0x00, 0x00, 0x02, 0xFF, 0xF5, 0x00, 0x00, 0x00, 0x00, 0x00, 0x00, 0x00, 0x00, 0x00, 0x00, 0x2F, 0xFF, 0x50, 0x00, 0x00, 0x00,
    0x00, 0x00, 0x00, 0x00, 0x00, 0x00, 0x02, 0xFF, 0xF5, 0x00, 0x00, 0x00, 0x00, 0x00, 0x00, 0x00, 0x00, 0x00, 0x00, 0x2F, 0xFF, 0x50, 0x00, 0x00,
    0x00, 0x00, 0x00, 0x00, 0x00, 0x00, 0x00, 0x02, 0xFF, 0xF5, 0x00, 0x00, 0x00, 0x00, 0x00, 0x00, 0x0D, 0xFF, 0xFF, 0xFF, 0xFF, 0xFF, 0xFF, 0xFF,
    0xFF, 0xFF, 0x00, 0x00, 0x00, 0xDF, 0xFF, 0xFF, 0xFF, 0xFF, 0xFF, 0xFF, 0xFF, 0xFF, 0xF0, 0x00, 0x00, 0x0D, 0xFF, 0xFF, 0xFF, 0xFF, 0xFF, 0xFF,
    0xFF, 0xFF, 0xFF, 0x00, 0x00, 0x00, 0x00, 0x00, 0x00, 0x02, 0xFF, 0xF5, 0x00, 0x00, 0x00, 0x00, 0x00, 0x00, 0x00, 0x00, 0x00, 0x00, 0x2F, 0xFF,
    0x50, 0x00, 0x00, 0x00, 0x00, 0x00, 0x00, 0x00, 0x00, 0x00, 0x02, 0xFF, 0xF5, 0x00, 0x00, 0x00, 0x00, 0x00, 0x00, 0x00, 0x00, 0x00, 0x00, 0x2F,
    0xFF, 0x50, 0x00, 0x00, 0x00, 0x00, 0x00, 0x00, 0x00, 0x00, 0x00, 0x02, 0xFF, 0xF5, 0x00, 0x00, 0x00, 0x00, 0x00, 0x00, 0x00, 0x00, 0x00, 0x00,
    0x2F, 0xFF, 0x50, 0x00, 0x00, 0x00, 0x00, 0x00, 0x00, 0x00, 0x00, 0x00, 0x02, 0xFF, 0xF5, 0x00, 0x00, 0x00, 0x00, 0x00, 0x00, 0x00, 0x00, 0x00,
    0x00, 0x2F, 0xFF, 0x50, 0x00, 0x00, 0x00, 0x00, 0x00, 0x00, 0x0F, 0xFF, 0xFF, 0x50, 0x00, 0x00, 0xFF, 0xFF, 0xF5, 0x00, 0x00, 0x0F, 0xFF, 0xFF,
    0x50, 0x00, 0x00, 0xFF, 0xFF, 0xF5, 0x00, 0x00, 0x0F, 0xFF, 0xFF, 0x30, 0x00, 0x03, 0xFF, 0xFF, 0xA0, 0x00, 0x00, 0x7F, 0xFF, 0xE1, 0x00, 0x00,
    0x0B, 0xFF, 0xF5, 0x00, 0x00, 0x00, 0xFF, 0xFB, 0x00, 0x00, 0x00, 0x4F, 0xFF, 0x10, 0x00, 0x00, 0x06, 0xFF, 0xFF, 0xFF, 0xFF, 0xD0, 0x06, 0xFF,
    0xFF, 0xFF, 0xFF, 0xD0, 0x06, 0xFF, 0xFF, 0xFF, 0xFF, 0xD0, 0x06, 0xFF, 0xFF, 0xFF, 0xFF, 0xD0, 0x00, 0x00, 0x00, 0x00, 0x00, 0x00, 0x00, 0x00,
    0x00, 0x00, 0x00, 0x00, 0x00, 0x00, 0x00, 0x00, 0x00, 0x00, 0x00, 0x00, 0x00, 0x00, 0x00, 0x00, 0x00, 0x00, 0x00, 0x00, 0x00, 0x00, 0x00, 0x00,
    0x00, 0x00, 0x00, 0x00, 0x00, 0x00, 0x00, 0x00, 0x00, 0x00, 0x00, 0x0F, 0xFF, 0xFF, 0x50, 0x00, 0x00, 0xFF, 0xFF, 0xF5, 0x00, 0x00, 0x0F, 0xFF,
    0xFF, 0x50, 0x00, 0x00, 0xFF, 0xFF, 0xF5, 0x00, 0x00, 0x0F, 0xFF, 0xFF, 0x50, 0x00, 0x00, 0xFF, 0xFF, 0xF5, 0x00, 0x00, 0x00, 0x00, 0x07, 0xFF,
    0xC0, 0x00, 0x00, 0x00, 0xCF, 0xF7, 0x00, 0x00, 0x00, 0x1F, 0xFF, 0x20, 0x00, 0x00, 0x06, 0xFF, 0xD0, 0x00, 0x00, 0x00, 0xAF, 0xF8, 0x00, 0x00,
    0x00, 0x0F, 0xFF, 0x40, 0x00, 0x00, 0x04, 0xFF, 0xE0, 0x00, 0x00, 0x00, 0x9F, 0xFA, 0x00, 0x00, 0x00, 0x0E, 0xFF, 0x50, 0x00, 0x00, 0x03, 0xFF,
    0xF0, 0x00, 0x00, 0x00, 0x8F, 0xFB, 0x00, 0x00, 0x00, 0x0D, 0xFF, 0x60, 0x00, 0x00, 0x02, 0xFF, 0xF1, 0x00, 0x00, 0x00, 0x7F, 0xFC, 0x00, 0x00,
    0x00, 0x0C, 0xFF, 0x70, 0x00, 0x00, 0x01, 0xFF, 0xF2, 0x00, 0x00, 0x00, 0x6F, 0xFD, 0x00, 0x00, 0x00, 0x0B, 0xFF, 0x80, 0x00, 0x00, 0x00, 0xFF,
    0xF3, 0x00, 0x00, 0x00, 0x4F, 0xFE, 0x00, 0x00, 0x00, 0x09, 0xFF, 0x90, 0x00, 0x00, 0x00, 0xEF, 0xF5, 0x00, 0x00, 0x00, 0x3F, 0xFF, 0x00, 0x00,
    0x00, 0x08, 0xFF, 0xB0, 0x00, 0x00, 0x00, 0xDF, 0xF6, 0x00, 0x00, 0x00, 0x00, 0x00, 0x00, 0x00, 0x38, 0xCE, 0xFE, 0xC8, 0x20, 0x00, 0x00, 0x00,
    0x00, 0x00, 0xAF, 0xFF, 0xFF, 0xFF, 0xFF, 0x80, 0x00, 0x00, 0x00, 0x00, 0xCF, 0xFF, 0xFF, 0xFF, 0xFF, 0xFF, 0xB0, 0x00, 0x00, 0x00, 0xAF, 0xFF,
    0xFF, 0xFF, 0xFF, 0xFF, 0xFF, 0x80, 0x00, 0x00, 0x3F, 0xFF, 0xFF, 0xB2, 0x03, 0xCF, 0xFF, 0xFF, 0x20, 0x00, 0x0A, 0xFF, 0xFF, 0xE0, 0x00, 0x01,
    0xFF, 0xFF, 0xF8, 0x00, 0x00, 0xFF, 0xFF, 0xF8, 0x00, 0x00, 0x0A, 0xFF, 0xFF, 0xE0, 0x00, 0x3F, 0xFF, 0xFF, 0x40, 0x00, 0x00, 0x7F, 0xFF, 0xFF,
    0x10, 0x06, 0xFF, 0xFF, 0xF3, 0x00, 0x00, 0x05, 0xFF, 0xFF, 0xF4, 0x00, 0x7F, 0xFF, 0xFF, 0x10, 0x00, 0x00, 0x3F, 0xFF, 0xFF, 0x50, 0x08, 0xFF,
    0xFF, 0xF1, 0x00, 0x00, 0x03, 0xFF, 0xFF, 0xF6, 0x00, 0x8F, 0xFF, 0xFF, 0x10, 0x00, 0x00, 0x3F, 0xFF, 0xFF, 0x60, 0x07, 0xFF, 0xFF, 0xF1, 0x00,
    0x00, 0x04, 0xFF, 0xFF, 0xF5, 0x00, 0x6F, 0xFF, 0xFF, 0x30, 0x00, 0x00, 0x5F, 0xFF, 0xFF, 0x40, 0x03, 0xFF, 0xFF, 0xF5, 0x00, 0x00, 0x07, 0xFF,
    0xFF, 0xF1, 0x00, 0x0F, 0xFF, 0xFF, 0x80, 0x00, 0x00, 0xAF, 0xFF, 0xFE, 0x00, 0x00, 0xAF, 0xFF, 0xFE, 0x00, 0x00, 0x1F, 0xFF, 0xFF, 0x80, 0x00,
    0x03, 0xFF, 0xFF, 0xFB, 0x20, 0x3C, 0xFF, 0xFF, 0xF2, 0x00, 0x00, 0x0A, 0xFF, 0xFF, 0xFF, 0xFF, 0xFF, 0xFF, 0xF8, 0x00, 0x00, 0x00, 0x0C, 0xFF,
    0xFF, 0xFF, 0xFF, 0xFF, 0xFB, 0x00, 0x00, 0x00, 0x00, 0x0A, 0xFF, 0xFF, 0xFF, 0xFF, 0xF8, 0x00, 0x00, 0x00, 0x00, 0x00, 0x03, 0x8D, 0xEF, 0xEC,
    0x82, 0x00, 0x00, 0x00, 0x00, 0x00, 0x36, 0x9C, 0xFF, 0xFF, 0xFD, 0x00, 0x00, 0x00, 0x00, 0x00, 0x9F, 0xFF, 0xFF, 0xFF, 0xFF, 0xD0, 0x00, 0x00,
    0x00, 0x00, 0x09, 0xFF, 0xFF, 0xFF, 0xFF, 0xFD, 0x00, 0x00, 0x00, 0x00, 0x00, 0x9F, 0xFF, 0xFF, 0xFF, 0xFF, 0xD0, 0x00, 0x00, 0x00, 0x00, 0x09,
    0xC9, 0x63, 0x8F, 0xFF, 0xFD, 0x00, 0x00, 0x00, 0x00, 0x00, 0x00, 0x00, 0x08, 0xFF, 0xFF, 0xD0, 0x00, 0x00, 0x00, 0x00, 0x00, 0x00, 0x00, 0x8F,
    0xFF, 0xFD, 0x00, 0x00, 0x00, 0x00, 0x00, 0x00, 0x00, 0x08, 0xFF, 0xFF, 0xD0, 0x00, 0x00, 0x00, 0x00, 0x00, 0x00, 0x00, 0x8F, 0xFF, 0xFD, 0x00,
    0x00, 0x00, 0x00, 0x00, 0x00, 0x00, 0x08, 0xFF, 0xFF, 0xD0, 0x00, 0x00, 0x00, 0x00, 0x00, 0x00, 0x00, 0x8F, 0xFF, 0xFD, 0x00, 0x00, 0x00, 0x00,
    0x00, 0x00, 0x00, 0x08, 0xFF, 0xFF, 0xD0, 0x00, 0x00, 0x00, 0x00, 0x00, 0x00, 0x00, 0x8F, 0xFF, 0xFD, 0x00, 0x00, 0x00, 0x00, 0x00, 0x00, 0x00,
    0x08, 0xFF, 0xFF, 0xD0, 0x00, 0x00, 0x00, 0x00, 0x00, 0x00, 0x00, 0x8F, 0xFF, 0xFD, 0x00, 0x00, 0x00, 0x00, 0x00, 0x00, 0x00, 0x08, 0xFF, 0xFF,
    0xD0, 0x00, 0x00, 0x00, 0x00, 0x00, 0x00, 0x00, 0x8F, 0xFF, 0xFD, 0x00, 0x00, 0x00, 0x00, 0x00, 0x00, 0x00, 0x08, 0xFF, 0xFF, 0xD0, 0x00, 0x00,
    0x00, 0x00, 0x07, 0xFF, 0xFF, 0xFF, 0xFF, 0xFF, 0xFF, 0xFF, 0xD0, 0x00, 0x00, 0x7F, 0xFF, 0xFF, 0xFF, 0xFF, 0xFF, 0xFF, 0xFD, 0x00, 0x00, 0x07,
    0xFF, 0xFF, 0xFF, 0xFF, 0xFF, 0xFF, 0xFF, 0xD0, 0x00, 0x00, 0x7F, 0xFF, 0xFF, 0xFF, 0xFF, 0xFF, 0xFF, 0xFD, 0x00, 0x00, 0x03, 0x69, 0xCD, 0xFF,
    0xFE, 0xB7, 0x20, 0x00, 0x00, 0x00, 0x09, 0xFF, 0xFF, 0xFF, 0xFF, 0xFF, 0xFF, 0x90, 0x00, 0x00, 0x00, 0x9F, 0xFF, 0xFF, 0xFF, 0xFF, 0xFF, 0xFF,
    0xB0, 0x00, 0x00, 0x09, 0xFF, 0xFF, 0xFF, 0xFF, 0xFF, 0xFF, 0xFF, 0x60, 0x00, 0x00, 0x9F, 0xF9, 0x51, 0x01, 0x6E, 0xFF, 0xFF, 0xFD, 0x00, 0x00,
    0x07, 0x70, 0x00, 0x00, 0x00, 0x2F, 0xFF, 0xFF, 0xF0, 0x00, 0x00, 0x00, 0x00, 0x00, 0x00, 0x00, 0xAF, 0xFF, 0xFF, 0x10, 0x00, 0x00, 0x00, 0x00,
    0x00, 0x00, 0x09, 0xFF, 0xFF, 0xF0, 0x00, 0x00, 0x00, 0x00, 0x00, 0x00, 0x00, 0xCF, 0xFF, 0xFC, 0x00, 0x00, 0x00, 0x00, 0x00, 0x00, 0x00, 0x5F,
    0xFF, 0xFF, 0x50, 0x00, 0x00, 0x00, 0x00, 0x00, 0x00, 0x3F, 0xFF, 0xFF, 0xB0, 0x00, 0x00, 0x00, 0x00, 0x00, 0x00, 0x4F, 0xFF, 0xFF, 0xC0, 0x00,
    0x00, 0x00, 0x00, 0x00, 0x00, 0x6F, 0xFF, 0xFF, 0xC1, 0x00, 0x00, 0x00, 0x00, 0x00, 0x00, 0x8F, 0xFF, 0xFF, 0xB0, 0x00, 0x00, 0x00, 0x00, 0x00,
    0x00, 0xAF, 0xFF, 0xFF, 0x90, 0x00, 0x00, 0x00, 0x00, 0x00, 0x00, 0xBF, 0xFF, 0xFF, 0x70, 0x00, 0x00, 0x00, 0x00, 0x00, 0x01, 0xDF, 0xFF, 0xFF,
    0x50, 0x00, 0x00, 0x00, 0x00, 0x00, 0x02, 0xEF, 0xFF, 0xFF, 0x40, 0x00, 0x00, 0x00, 0x00, 0x00, 0x00, 0xAF, 0xFF, 0xFF, 0xFF, 0xFF, 0xFF, 0xFF,
    0xFF, 0x40, 0x00, 0x0A, 0xFF, 0xFF, 0xFF, 0xFF, 0xFF, 0xFF, 0xFF, 0xF4, 0x00, 0x00, 0xAF, 0xFF, 0xFF, 0xFF, 0xFF, 0xFF, 0xFF, 0xFF, 0x40, 0x00,
    0x0A, 0xFF, 0xFF, 0xFF, 0xFF, 0xFF, 0xFF, 0xFF, 0xF4, 0x00, 0x00, 0x02, 0x59, 0xCD, 0xEF, 0xFE, 0xC8, 0x30, 0x00, 0x00, 0x00, 0x01, 0xFF, 0xFF,
    0xFF, 0xFF, 0xFF, 0xFF, 0xC2, 0x00, 0x00, 0x00, 0x1F, 0xFF, 0xFF, 0xFF, 0xFF, 0xFF, 0xFF, 0xE1, 0x00, 0x00, 0x01, 0xFF, 0xFF, 0xFF, 0xFF, 0xFF,
    0xFF, 0xFF, 0x80, 0x00, 0x00, 0x0D, 0x95, 0x21, 0x01, 0x5C, 0xFF, 0xFF, 0xFD, 0x00, 0x00, 0x00, 0x00, 0x00, 0x00, 0x00, 0x0E, 0xFF, 0xFF, 0xF0,
    0x00, 0x00, 0x00, 0x00, 0x00, 0x00, 0x00, 0xBF, 0xFF, 0xFE, 0x00, 0x00, 0x00, 0x00, 0x00, 0x00, 0x00, 0x0E, 0xFF, 0xFF, 0x90, 0x00, 0x00, 0x00,
    0x00, 0x00, 0x01, 0x4C, 0xFF, 0xFF, 0xE2, 0x00, 0x00, 0x00, 0x00, 0x4F, 0xFF, 0xFF, 0xFF, 0xFF, 0xC2, 0x00, 0x00, 0x00, 0x00, 0x04, 0xFF, 0xFF,
    0xFF, 0xFF, 0xA1, 0x00, 0x00, 0x00, 0x00, 0x00, 0x4F, 0xFF, 0xFF, 0xFF, 0xFF, 0xF6, 0x00, 0x00, 0x00, 0x00, 0x04, 0xFF, 0xFF, 0xFF, 0xFF, 0xFF,
    0xF7, 0x00, 0x00, 0x00, 0x00, 0x00, 0x00, 0x14, 0x9F, 0xFF, 0xFF, 0xF1, 0x00, 0x00, 0x00, 0x00, 0x00, 0x00, 0x00, 0x7F, 0xFF, 0xFF, 0x50, 0x00,
    0x00, 0x00, 0x00, 0x00, 0x00, 0x03, 0xFF, 0xFF, 0xF7, 0x00, 0x00, 0xB3, 0x00, 0x00, 0x00, 0x00, 0x7F, 0xFF, 0xFF, 0x60, 0x00, 0x0F, 0xFC, 0x62,
    0x00, 0x13, 0x9F, 0xFF, 0xFF, 0xF3, 0x00, 0x00, 0xFF, 0xFF, 0xFF, 0xFF, 0xFF, 0xFF, 0xFF, 0xFC, 0x00, 0x00, 0x0F, 0xFF, 0xFF, 0xFF, 0xFF, 0xFF,
    0xFF, 0xFE, 0x20, 0x00, 0x00, 0x4C, 0xFF, 0xFF, 0xFF, 0xFF, 0xFF, 0xFA, 0x10, 0x00, 0x00, 0x00, 0x03, 0x8C, 0xEF, 0xFE, 0xDA, 0x62, 0x00, 0x00,
    0x00, 0x00, 0x00, 0x00, 0x00, 0x03, 0xFF, 0xFF, 0xFF, 0x60, 0x00, 0x00, 0x00, 0x00, 0x00, 0x00, 0xDF, 0xFF, 0xFF, 0xF6, 0x00, 0x00, 0x00, 0x00,
    0x00, 0x00, 0x8F, 0xFF, 0xFF, 0xFF, 0x60, 0x00, 0x00, 0x00, 0x00, 0x00, 0x3F, 0xFF, 0xFF, 0xFF, 0xF6, 0x00, 0x00, 0x00, 0x00, 0x00, 0x0D, 0xFF,
    0xFF, 0xFF, 0xFF, 0x60, 0x00, 0x00, 0x00, 0x00, 0x08, 0xFF, 0xF8, 0xFF, 0xFF, 0xF6, 0x00, 0x00, 0x00, 0x00, 0x03, 0xFF, 0xFD, 0x0F, 0xFF, 0xFF,
    0x60, 0x00, 0x00, 0x00, 0x00, 0xDF, 0xFF, 0x30, 0xFF, 0xFF, 0xF6, 0x00, 0x00, 0x00, 0x00, 0x9F, 0xFF, 0x80, 0x0F, 0xFF, 0xFF, 0x60, 0x00, 0x00,
    0x00, 0x3F, 0xFF, 0xD0, 0x00, 0xFF, 0xFF, 0xF6, 0x00, 0x00, 0x00, 0x0D, 0xFF, 0xF3, 0x00, 0x0F, 0xFF, 0xFF, 0x60, 0x00, 0x00, 0x09, 0xFF, 0xF8,
    0x00, 0x00, 0xFF, 0xFF, 0xF6, 0x00, 0x00, 0x03, 0xFF, 0xFD, 0x00, 0x00, 0x0F, 0xFF, 0xFF, 0x60, 0x00, 0x00, 0xAF, 0xFF, 0x30, 0x00, 0x00, 0xFF,
    0xFF, 0xF6, 0x00, 0x00, 0x0A, 0xFF, 0xFF, 0xFF, 0xFF, 0xFF, 0xFF, 0xFF, 0xFF, 0xF8, 0x00, 0xAF, 0xFF, 0xFF, 0xFF, 0xFF, 0xFF, 0xFF, 0xFF, 0xFF,
    0x80, 0x0A, 0xFF, 0xFF, 0xFF, 0xFF, 0xFF, 0xFF, 0xFF, 0xFF, 0xF8, 0x00, 0xAF, 0xFF, 0xFF, 0xFF, 0xFF, 0xFF, 0xFF, 0xFF, 0xFF, 0x80, 0x00, 0x00,
    0x00, 0x00, 0x00, 0x0F, 0xFF, 0xFF, 0x60, 0x00, 0x00, 0x00, 0x00, 0x00, 0x00, 0x00, 0xFF, 0xFF, 0xF6, 0x00, 0x00, 0x00, 0x00, 0x00, 0x00, 0x00,
    0x0F, 0xFF, 0xFF, 0x60, 0x00, 0x00, 0x00, 0x00, 0x00, 0x00, 0x00, 0xFF, 0xFF, 0xF6, 0x00, 0x00, 0x00, 0x0D, 0xFF, 0xFF, 0xFF, 0xFF, 0xFF, 0xFF,
    0xF3, 0x00, 0x00, 0x00, 0xDF, 0xFF, 0xFF, 0xFF, 0xFF, 0xFF, 0xFF, 0x30, 0x00, 0x00, 0x0D, 0xFF, 0xFF, 0xFF, 0xFF, 0xFF, 0xFF, 0xF3, 0x00, 0x00,
    0x00, 0xDF, 0xFF, 0xFF, 0xFF, 0xFF, 0xFF, 0xFF, 0x30, 0x00, 0x00, 0x0D, 0xFF, 0xFA, 0x00, 0x00, 0x00, 0x00, 0x00, 0x00, 0x00, 0x00, 0xDF, 0xFF,
    0xA0, 0x00, 0x00, 0x00, 0x00, 0x00, 0x00, 0x00, 0x0D, 0xFF, 0xFA, 0x00, 0x00, 0x00, 0x00, 0x00, 0x00, 0x00, 0x00, 0xDF, 0xFF, 0xEC, 0xFF, 0xEC,
    0x93, 0x00, 0x00, 0x00, 0x00, 0x0D, 0xFF, 0xFF, 0xFF, 0xFF, 0xFF, 0xFB, 0x10, 0x00, 0x00, 0x00, 0xDF, 0xFF, 0xFF, 0xFF, 0xFF, 0xFF, 0xFE, 0x10,
    0x00, 0x00, 0x0D, 0xFF, 0xFF, 0xFF, 0xFF, 0xFF, 0xFF, 0xFC, 0x00, 0x00, 0x00, 0xDF, 0xC6, 0x20, 0x14, 0xBF, 0xFF, 0xFF, 0xF3, 0x00, 0x00, 0x0A,
    0x30, 0x00, 0x00, 0x00, 0x8F, 0xFF, 0xFF, 0x80, 0x00, 0x00, 0x00, 0x00, 0x00, 0x00, 0x00, 0xFF, 0xFF, 0xFB, 0x00, 0x00, 0x00, 0x00, 0x00, 0x00,
    0x00, 0x0E, 0xFF, 0xFF, 0xC0, 0x00, 0x00, 0x00, 0x00, 0x00, 0x00, 0x00, 0xFF, 0xFF, 0xFB, 0x00, 0x00, 0x96, 0x00, 0x00, 0x00, 0x00, 0x8F, 0xFF,
    0xFF, 0x80, 0x00, 0x0B, 0xFE, 0x94, 0x10, 0x14, 0xBF, 0xFF, 0xFF, 0xF3, 0x00, 0x00, 0xBF, 0xFF, 0xFF, 0xFF, 0xFF, 0xFF, 0xFF, 0xFA, 0x00, 0x00,
    0x0B, 0xFF, 0xFF, 0xFF, 0xFF, 0xFF, 0xFF, 0xFC, 0x00, 0x00, 0x00, 0x19, 0xFF, 0xFF, 0xFF, 0xFF, 0xFF, 0xF9, 0x00, 0x00, 0x00, 0x00, 0x00, 0x5A,
    0xDE, 0xFF, 0xEB, 0x71, 0x00, 0x00, 0x00, 0x00, 0x00, 0x00, 0x01, 0x6B, 0xDF, 0xFD, 0xA4, 0x00, 0x00, 0x00, 0x00, 0x00, 0x08, 0xFF, 0xFF, 0xFF,
    0xFF, 0xFC, 0x30, 0x00, 0x00, 0x00, 0x1C, 0xFF, 0xFF, 0xFF, 0xFF, 0xFF, 0xFD, 0x00, 0x00, 0x00, 0x0B, 0xFF, 0xFF, 0xFF, 0xFF, 0xFF, 0xFF, 0xD0,
    0x00, 0x00, 0x07, 0xFF, 0xFF, 0xFC, 0x51, 0x01, 0x4A, 0xFD, 0x00, 0x00, 0x00, 0xEF, 0xFF, 0xF8, 0x00, 0x00, 0x00, 0x02, 0x90, 0x00, 0x00, 0x6F,
    0xFF, 0xFD, 0x00, 0x00, 0x00, 0x00, 0x00, 0x00, 0x00, 0x0A, 0xFF, 0xFF, 0x73, 0xAD, 0xFF, 0xD9, 0x20, 0x00, 0x00, 0x00, 0xEF, 0xFF, 0xFC, 0xFF,
    0xFF, 0xFF, 0xFF, 0x80, 0x00, 0x00, 0x0F, 0xFF, 0xFF, 0xFF, 0xFF, 0xFF, 0xFF, 0xFF, 0xA0, 0x00, 0x01, 0xFF, 0xFF, 0xFF, 0xFF, 0xFF, 0xFF, 0xFF,
    0xFF, 0x50, 0x00, 0x1F, 0xFF, 0xFF, 0xFE, 0x51, 0x17, 0xFF, 0xFF, 0xFC, 0x00, 0x01, 0xFF, 0xFF, 0xFF, 0x40, 0x00, 0x09, 0xFF, 0xFF, 0xF1, 0x00,
    0x0F, 0xFF, 0xFF, 0xF0, 0x00, 0x00, 0x4F, 0xFF, 0xFF, 0x30, 0x00, 0xDF, 0xFF, 0xFE, 0x00, 0x00, 0x03, 0xFF, 0xFF, 0xF3, 0x00, 0x09, 0xFF, 0xFF,
    0xF0, 0x00, 0x00, 0x4F, 0xFF, 0xFF, 0x20, 0x00, 0x4F, 0xFF, 0xFF, 0x40, 0x00, 0x09, 0xFF, 0xFF, 0xE0, 0x00, 0x00, 0xDF, 0xFF, 0xFE, 0x40, 0x17,
    0xFF, 0xFF, 0xF9, 0x00, 0x00, 0x04, 0xFF, 0xFF, 0xFF, 0xFF, 0xFF, 0xFF, 0xFF, 0x10, 0x00, 0x00, 0x07, 0xFF, 0xFF, 0xFF, 0xFF, 0xFF, 0xFF, 0x40,
    0x00, 0x00, 0x00, 0x06, 0xEF, 0xFF, 0xFF, 0xFF, 0xFD, 0x30, 0x00, 0x00, 0x00, 0x00, 0x01, 0x7B, 0xEF, 0xFD, 0xA5, 0x00, 0x00, 0x00, 0x00, 0xFF,
    0xFF, 0xFF, 0xFF, 0xFF, 0xFF, 0xFF, 0xFF, 0x70, 0x00, 0x0F, 0xFF, 0xFF, 0xFF, 0xFF, 0xFF, 0xFF, 0xFF, 0xF7, 0x00, 0x00, 0xFF, 0xFF, 0xFF, 0xFF,
    0xFF, 0xFF, 0xFF, 0xFF, 0x70, 0x00, 0x0F, 0xFF, 0xFF, 0xFF, 0xFF, 0xFF, 0xFF, 0xFF, 0xF5, 0x00, 0x00, 0x00, 0x00, 0x00, 0x00, 0x00, 0xAF, 0xFF,
    0xFE, 0x00, 0x00, 0x00, 0x00, 0x00, 0x00, 0x00, 0x2F, 0xFF, 0xFF, 0x70, 0x00, 0x00, 0x00, 0x00, 0x00, 0x00, 0x09, 0xFF, 0xFF, 0xF0, 0x00, 0x00,
    0x00, 0x00, 0x00, 0x00, 0x01, 0xFF, 0xFF, 0xF8, 0x00, 0x00, 0x00, 0x00, 0x00, 0x00, 0x00, 0x7F, 0xFF, 0xFF, 0x10, 0x00, 0x00, 0x00, 0x00, 0x00,
    0x00, 0x0E, 0xFF, 0xFF, 0xA0, 0x00, 0x00, 0x00, 0x00, 0x00, 0x00, 0x05, 0xFF, 0xFF, 0xF2, 0x00, 0x00, 0x00, 0x00, 0x00, 0x00, 0x00, 0xDF, 0xFF,
    0xFB, 0x00, 0x00, 0x00, 0x00, 0x00, 0x00, 0x00, 0x4F, 0xFF, 0xFF, 0x40, 0x00, 0x00, 0x00, 0x00, 0x00, 0x00, 0x0B, 0xFF, 0xFF, 0xD0, 0x00, 0x00,
    0x00, 0x00, 0x00, 0x00, 0x02, 0xFF, 0xFF, 0xF5, 0x00, 0x00, 0x00, 0x00, 0x00, 0x00, 0x00, 0x9F, 0xFF, 0xFE, 0x00, 0x00, 0x00, 0x00, 0x00, 0x00,
    0x00, 0x1F, 0xFF, 0xFF, 0x70, 0x00, 0x00, 0x00, 0x00, 0x00, 0x00, 0x08, 0xFF, 0xFF, 0xF0, 0x00, 0x00, 0x00, 0x00, 0x00, 0x00, 0x00, 0xEF, 0xFF,
    0xF8, 0x00, 0x00, 0x00, 0x00, 0x00, 0x00, 0x00, 0x6F, 0xFF, 0xFF, 0x10, 0x00, 0x00, 0x00, 0x00, 0x00, 0x00, 0x0D, 0xFF, 0xFF, 0xA0, 0x00, 0x00,
    0x00, 0x00, 0x00, 0x00, 0x04, 0xFF, 0xFF, 0xF3, 0x00, 0x00, 0x00, 0x00, 0x00, 0x00, 0x00, 0x03, 0x8B, 0xEF, 0xFF, 0xEB, 0x72, 0x00, 0x00, 0x00,
    0x00, 0x1A, 0xFF, 0xFF, 0xFF, 0xFF, 0xFF, 0xF9, 0x00, 0x00, 0x00, 0x0C, 0xFF, 0xFF, 0xFF, 0xFF, 0xFF, 0xFF, 0xFA, 0x00, 0x00, 0x05, 0xFF, 0xFF,
    0xFF, 0xFF, 0xFF, 0xFF, 0xFF, 0xF3, 0x00, 0x00, 0x9F, 0xFF, 0xFF, 0x81, 0x02, 0x9F, 0xFF, 0xFF, 0x70, 0x00, 0x0A, 0xFF, 0xFF, 0xC0, 0x00, 0x00,
    0xEF, 0xFF, 0xF8, 0x00, 0x00, 0x7F, 0xFF, 0xFC, 0x00, 0x00, 0x0E, 0xFF, 0xFF, 0x60, 0x00, 0x01, 0xFF, 0xFF, 0xF8, 0x10, 0x29, 0xFF, 0xFF, 0xE0,
    0x00, 0x00, 0x05, 0xFF, 0xFF, 0xFF, 0xFF, 0xFF, 0xFF, 0xE3, 0x00, 0x00, 0x00, 0x02, 0x8F, 0xFF, 0xFF, 0xFF, 0xFE, 0x71, 0x00, 0x00, 0x00, 0x00,
    0x5D, 0xFF, 0xFF, 0xFF, 0xFF, 0xFC, 0x40, 0x00, 0x00, 0x00, 0x9F, 0xFF, 0xFF, 0xFF, 0xFF, 0xFF, 0xFF, 0x70, 0x00, 0x00, 0x6F, 0xFF, 0xFF, 0x82,
    0x02, 0x9F, 0xFF, 0xFF, 0x40, 0x00, 0x0E, 0xFF, 0xFF, 0x80, 0x00, 0x00, 0xBF, 0xFF, 0xFB, 0x00, 0x01, 0xFF, 0xFF, 0xF3, 0x00, 0x00, 0x06, 0xFF,
    0xFF, 0xE0, 0x00, 0x2F, 0xFF, 0xFF, 0x30, 0x00, 0x00, 0x6F, 0xFF, 0xFF, 0x00, 0x01, 0xFF, 0xFF, 0xF8, 0x00, 0x00, 0x0B, 0xFF, 0xFF, 0xE0, 0x00,
    0x0D, 0xFF, 0xFF, 0xF7, 0x20, 0x29, 0xFF, 0xFF, 0xFB, 0x00, 0x00, 0x7F, 0xFF, 0xFF, 0xFF, 0xFF, 0xFF, 0xFF, 0xFF, 0x50, 0x00, 0x00, 0xCF, 0xFF,
    0xFF, 0xFF, 0xFF, 0xFF, 0xFF, 0xA0, 0x00, 0x00, 0x00, 0xAF, 0xFF, 0xFF, 0xFF, 0xFF, 0xFF, 0x80, 0x00, 0x00, 0x00, 0x00, 0x28, 0xBE, 0xFF, 0xFD,
    0xB7, 0x10, 0x00, 0x00, 0x00, 0x00, 0x00, 0x6B, 0xEF, 0xFD, 0xA5, 0x00, 0x00, 0x00, 0x00, 0x00, 0x05, 0xEF, 0xFF, 0xFF, 0xFF, 0xFD, 0x40, 0x00,
    0x00, 0x00, 0x07, 0xFF, 0xFF, 0xFF, 0xFF, 0xFF, 0xFF, 0x40, 0x00, 0x00, 0x04, 0xFF, 0xFF, 0xFF, 0xFF, 0xFF, 0xFF, 0xFF, 0x10, 0x00, 0x00, 0xCF,
    0xFF, 0xFF, 0x51, 0x16, 0xFF, 0xFF, 0xFA, 0x00, 0x00, 0x2F, 0xFF, 0xFF, 0x60, 0x00, 0x07, 0xFF, 0xFF, 0xF1, 0x00, 0x05, 0xFF, 0xFF, 0xF1, 0x00,
    0x00, 0x3F, 0xFF, 0xFF, 0x60, 0x00, 0x6F, 0xFF, 0xFF, 0x00, 0x00, 0x01, 0xFF, 0xFF, 0xFA, 0x00, 0x06, 0xFF, 0xFF, 0xF1, 0x00, 0x00, 0x3F, 0xFF,
    0xFF, 0xC0, 0x00, 0x4F, 0xFF, 0xFF, 0x60, 0x00, 0x07, 0xFF, 0xFF, 0xFE, 0x00, 0x00, 0xFF, 0xFF, 0xFF, 0x51, 0x16, 0xFF, 0xFF, 0xFF, 0xE0, 0x00,
    0x08, 0xFF, 0xFF, 0xFF, 0xFF, 0xFF, 0xFF, 0xFF, 0xFE, 0x00, 0x00, 0x0C, 0xFF, 0xFF, 0xFF, 0xFF, 0xFF, 0xFF, 0xFF, 0xD0, 0x00, 0x00, 0x1B, 0xFF,
    0xFF, 0xFF, 0xFF, 0xCF, 0xFF, 0xFB, 0x00, 0x00, 0x00, 0x04, 0xAD, 0xFF, 0xD9, 0x2A, 0xFF, 0xFF, 0x70, 0x00, 0x00, 0x00, 0x00, 0x00, 0x00, 0x01,
    0xFF, 0xFF, 0xF3, 0x00, 0x00, 0x0A, 0x10, 0x00, 0x00, 0x00, 0xBF, 0xFF, 0xFC, 0x00, 0x00, 0x00, 0xFF, 0x83, 0x00, 0x26, 0xDF, 0xFF, 0xFF, 0x40,
    0x00, 0x00, 0x0F, 0xFF, 0xFF, 0xFF, 0xFF, 0xFF, 0xFF, 0x90, 0x00, 0x00, 0x00, 0xFF, 0xFF, 0xFF, 0xFF, 0xFF, 0xFF, 0x90, 0x00, 0x00, 0x00, 0x05,
    0xEF, 0xFF, 0xFF, 0xFF, 0xFE, 0x60, 0x00, 0x00, 0x00, 0x00, 0x00, 0x6B, 0xEF, 0xED, 0xA6, 0x00, 0x00, 0x00, 0x00, 0x00, 0x0A, 0xFF, 0xFF, 0xA0,
    0x00, 0x00, 0x0A, 0xFF, 0xFF, 0xA0, 0x00, 0x00, 0x0A, 0xFF, 0xFF, 0xA0, 0x00, 0x00, 0x0A, 0xFF, 0xFF, 0xA0, 0x00, 0x00, 0x0A, 0xFF, 0xFF, 0xA0,
    0x00, 0x00, 0x0A, 0xFF, 0xFF, 0xA0, 0x00, 0x00, 0x00, 0x00, 0x00, 0x00, 0x00, 0x00, 0x00, 0x00, 0x00, 0x00, 0x00, 0x00, 0x00, 0x00, 0x00, 0x00,
    0x00, 0x00, 0x00, 0x00, 0x00, 0x00, 0x00, 0x00, 0x0A, 0xFF, 0xFF, 0xA0, 0x00, 0x00, 0x0A, 0xFF, 0xFF, 0xA0, 0x00, 0x00, 0x0A, 0xFF, 0xFF, 0xA0,
    0x00, 0x00, 0x0A, 0xFF, 0xFF, 0xA0, 0x00, 0x00, 0x0A, 0xFF, 0xFF, 0xA0, 0x00, 0x00, 0x0A, 0xFF, 0xFF, 0xA0, 0x00, 0x00, 0x0A, 0xFF, 0xFF, 0xA0,
    0x00, 0x00, 0x0A, 0xFF, 0xFF, 0xA0, 0x00, 0x00, 0x0A, 0xFF, 0xFF, 0xA0, 0x00, 0x00, 0x0A, 0xFF, 0xFF, 0xA0, 0x00, 0x00, 0x0A, 0xFF, 0xFF, 0xA0,
    0x00, 0x00, 0x0A, 0xFF, 0xFF, 0xA0, 0x00, 0x00, 0x00, 0x00, 0x00, 0x00, 0x00, 0x00, 0x00, 0x00, 0x00, 0x00, 0x00, 0x00, 0x00, 0x00, 0x00, 0x00,
    0x00, 0x00, 0x00, 0x00, 0x00, 0x00, 0x00, 0x00, 0x0A, 0xFF, 0xFF, 0xA0, 0x00, 0x00, 0x0A, 0xFF, 0xFF, 0xA0, 0x00, 0x00, 0x0A, 0xFF, 0xFF, 0xA0,
    0x00, 0x00, 0x0A, 0xFF, 0xFF, 0xA0, 0x00, 0x00, 0x0A, 0xFF, 0xFF, 0x80, 0x00, 0x00, 0x0E, 0xFF, 0xFE, 0x10, 0x00, 0x00, 0x2F, 0xFF, 0xF5, 0x00,
    0x00, 0x00, 0x7F, 0xFF, 0xA0, 0x00, 0x00, 0x00, 0xBF, 0xFE, 0x10, 0x00, 0x00, 0x00, 0xFF, 0xF5, 0x00, 0x00, 0x00, 0x00, 0x00, 0x00, 0x00, 0x00,
    0x00, 0x00, 0x00, 0x00, 0x01, 0x7C, 0x00, 0x00, 0x00, 0x00, 0x00, 0x00, 0x00, 0x00, 0x00, 0x00, 0x6C, 0xFF, 0xF0, 0x00, 0x00, 0x00, 0x00, 0x00,
    0x00, 0x00, 0x00, 0x4A, 0xFF, 0xFF, 0xFF, 0x00, 0x00, 0x00, 0x00, 0x00, 0x00, 0x00, 0x39, 0xEF, 0xFF, 0xFF, 0xFF, 0xC0, 0x00, 0x00, 0x00, 0x00,
    0x00, 0x28, 0xDF, 0xFF, 0xFF, 0xFF, 0xD8, 0x20, 0x00, 0x00, 0x00, 0x00, 0x16, 0xCF, 0xFF, 0xFF, 0xFF, 0xD8, 0x30, 0x00, 0x00, 0x00, 0x00, 0x04,
    0xBF, 0xFF, 0xFF, 0xFF, 0xE9, 0x30, 0x00, 0x00, 0x00, 0x00, 0x00, 0x00, 0xDF, 0xFF, 0xFF, 0xE9, 0x40, 0x00, 0x00, 0x00, 0x00, 0x00, 0x00, 0x00,
    0x0D, 0xFF, 0xFF, 0x80, 0x00, 0x00, 0x00, 0x00, 0x00, 0x00, 0x00, 0x00, 0x00, 0xDF, 0xFF, 0xFF, 0xE9, 0x30, 0x00, 0x00, 0x00, 0x00, 0x00, 0x00,
    0x00, 0x04, 0xBF, 0xFF, 0xFF, 0xFF, 0xE8, 0x30, 0x00, 0x00, 0x00, 0x00, 0x00, 0x00, 0x00, 0x16, 0xCF, 0xFF, 0xFF, 0xFF, 0xD8, 0x20, 0x00, 0x00,
    0x00, 0x00, 0x00, 0x00, 0x00, 0x28, 0xDF, 0xFF, 0xFF, 0xFF, 0xD7, 0x20, 0x00, 0x00, 0x00, 0x00, 0x00, 0x00, 0x00, 0x39, 0xEF, 0xFF, 0xFF, 0xFF,
    0xC0, 0x00, 0x00, 0x00, 0x00, 0x00, 0x00, 0x00, 0x00, 0x4A, 0xFF, 0xFF, 0xFF, 0x00, 0x00, 0x00, 0x00, 0x00, 0x00, 0x00, 0x00, 0x00, 0x01, 0x6C,
    0xFF, 0xF0, 0x00, 0x00, 0x00, 0x00, 0x00, 0x00, 0x00, 0x00, 0x00, 0x00, 0x01, 0x7C, 0x00, 0x00, 0x00, 0x00, 0x00, 0x00, 0x00, 0x00, 0x00, 0x00,
    0x00, 0x00, 0x00, 0x00, 0x00, 0x0D, 0xFF, 0xFF, 0xFF, 0xFF, 0xFF, 0xFF, 0xFF, 0xFF, 0xFF, 0x00, 0x00, 0x00, 0xDF, 0xFF, 0xFF, 0xFF, 0xFF, 0xFF,
    0xFF, 0xFF, 0xFF, 0xF0, 0x00, 0x00, 0x0D, 0xFF, 0xFF, 0xFF, 0xFF, 0xFF, 0xFF, 0xFF, 0xFF, 0xFF, 0x00, 0x00, 0x00, 0x00, 0x00, 0x00, 0x00, 0x00,
    0x00, 0x00, 0x00, 0x00, 0x00, 0x00, 0x00, 0x00, 0x00, 0x00, 0x00, 0x00, 0x00, 0x00, 0x00, 0x00, 0x00, 0x00, 0x00, 0x00, 0x00, 0x00, 0x00, 0x00,
    0x00, 0x00, 0x00, 0x00, 0x00, 0x00, 0x00, 0x00, 0x0D, 0xFF, 0xFF, 0xFF, 0xFF, 0xFF, 0xFF, 0xFF, 0xFF, 0xFF, 0x00, 0x00, 0x00, 0xDF, 0xFF, 0xFF,
    0xFF, 0xFF, 0xFF, 0xFF, 0xFF, 0xFF, 0xF0, 0x00, 0x00, 0x0D, 0xFF, 0xFF, 0xFF, 0xFF, 0xFF, 0xFF, 0xFF, 0xFF, 0xFF, 0x00, 0x00, 0x00, 0x00, 0x00,
    0x00, 0x00, 0x00, 0x00, 0x00, 0x00, 0x00, 0x00, 0x00, 0x00, 0x00, 0x00, 0x00, 0x00, 0x00, 0x00, 0x00, 0x00, 0x00, 0x00, 0x00, 0x00, 0x00, 0x00,
    0x00, 0x00, 0x00, 0x00, 0x00, 0x00, 0x00, 0x00, 0x00, 0x00, 0x00, 0x00, 0x00, 0x00, 0x00, 0x00, 0x00, 0x00, 0x00, 0x00, 0x00, 0x00, 0x00, 0x00,
    0x00, 0x00, 0x00, 0x00, 0x00, 0x00, 0x00, 0x00, 0x00, 0x00, 0x00, 0x00, 0x0B, 0x82, 0x00, 0x00, 0x00, 0x00, 0x00, 0x00, 0x00, 0x00, 0x00, 0x00,
    0x00, 0xDF, 0xFC, 0x61, 0x00, 0x00, 0x00, 0x00, 0x00, 0x00, 0x00, 0x00, 0x00, 0x0D, 0xFF, 0xFF, 0xFB, 0x50, 0x00, 0x00, 0x00, 0x00, 0x00, 0x00,
    0x00, 0x00, 0xAF, 0xFF, 0xFF, 0xFF, 0xFA, 0x40, 0x00, 0x00, 0x00, 0x00, 0x00, 0x00, 0x00, 0x17, 0xCF, 0xFF, 0xFF, 0xFF, 0xE8, 0x20, 0x00, 0x00,
    0x00, 0x00, 0x00, 0x00, 0x00, 0x27, 0xDF, 0xFF, 0xFF, 0xFF, 0xD7, 0x10, 0x00, 0x00, 0x00, 0x00, 0x00, 0x00, 0x00, 0x28, 0xDF, 0xFF, 0xFF, 0xFF,
    0xB5, 0x00, 0x00, 0x00, 0x00, 0x00, 0x00, 0x00, 0x00, 0x38, 0xEF, 0xFF, 0xFF, 0xF0, 0x00, 0x00, 0x00, 0x00, 0x00, 0x00, 0x00, 0x00, 0x00, 0x7F,
    0xFF, 0xFF, 0x00, 0x00, 0x00, 0x00, 0x00, 0x00, 0x00, 0x00, 0x28, 0xDF, 0xFF, 0xFF, 0xF0, 0x00, 0x00, 0x00, 0x00, 0x00, 0x00, 0x27, 0xDF, 0xFF,
    0xFF, 0xFF, 0xB5, 0x00, 0x00, 0x00, 0x00, 0x00, 0x27, 0xDF, 0xFF, 0xFF, 0xFF, 0xD7, 0x10, 0x00, 0x00, 0x00, 0x00, 0x17, 0xCF, 0xFF, 0xFF, 0xFF,
    0xE8, 0x30, 0x00, 0x00, 0x00, 0x00, 0x00, 0xAF, 0xFF, 0xFF, 0xFF, 0xFA, 0x40, 0x00, 0x00, 0x00, 0x00, 0x00, 0x00, 0x0D, 0xFF, 0xFF, 0xFB, 0x50,
    0x00, 0x00, 0x00, 0x00, 0x00, 0x00, 0x00, 0x00, 0xDF, 0xFC, 0x71, 0x00, 0x00, 0x00, 0x00, 0x00, 0x00, 0x00, 0x00, 0x00, 0x0B, 0x82, 0x00, 0x00,
    0x00, 0x00, 0x00, 0x00, 0x00, 0x00, 0x00, 0x00, 0x00, 0x00, 0x00, 0x00, 0x00, 0x00, 0x00, 0x00, 0x00, 0x00, 0x00, 0x00, 0x00, 0xFF, 0xFF, 0xFF,
    0xFE, 0xC8, 0x30, 0x00, 0x00, 0x0F, 0xFF, 0xFF, 0xFF, 0xFF, 0xFF, 0x90, 0x00, 0x00, 0xFF, 0xFF, 0xFF, 0xFF, 0xFF, 0xFF, 0x90, 0x00, 0x0F, 0xFB,
    0x51, 0x02, 0xBF, 0xFF, 0xFF, 0x10, 0x00, 0xA2, 0x00, 0x00, 0x00, 0xFF, 0xFF, 0xF5, 0x00, 0x00, 0x00, 0x00, 0x00, 0x0D, 0xFF, 0xFF, 0x60, 0x00,
    0x00, 0x00, 0x00, 0x01, 0xFF, 0xFF, 0xF5, 0x00, 0x00, 0x00, 0x00, 0x00, 0xBF, 0xFF, 0xFF, 0x10, 0x00, 0x00, 0x00, 0x00, 0x9F, 0xFF, 0xFF, 0x90,
    0x00, 0x00, 0x00, 0x00, 0x9F, 0xFF, 0xFF, 0xC0, 0x00, 0x00, 0x00, 0x00, 0x7F, 0xFF, 0xFF, 0xC0, 0x00, 0x00, 0x00, 0x00, 0x3F, 0xFF, 0xFF, 0xC0,
    0x00, 0x00, 0x00, 0x00, 0x0A, 0xFF, 0xFF, 0xE1, 0x00, 0x00, 0x00, 0x00, 0x00, 0xDF, 0xFF, 0xF8, 0x00, 0x00, 0x00, 0x00, 0x00, 0x0E, 0xFF, 0xFF,
    0x60, 0x00, 0x00, 0x00, 0x00, 0x00, 0x00, 0x00, 0x00, 0x00, 0x00, 0x00, 0x00, 0x00, 0x00, 0x00, 0x00, 0x00, 0x00, 0x00, 0x00, 0x00, 0x00, 0xEF,
    0xFF, 0xF6, 0x00, 0x00, 0x00, 0x00, 0x00, 0x0E, 0xFF, 0xFF, 0x60, 0x00, 0x00, 0x00, 0x00, 0x00, 0xEF, 0xFF, 0xF6, 0x00, 0x00, 0x00, 0x00, 0x00,
    0x0E, 0xFF, 0xFF, 0x60, 0x00, 0x00, 0x00, 0x00, 0x00, 0xEF, 0xFF, 0xF6, 0x00, 0x00, 0x00, 0x00, 0x00, 0x00, 0x00, 0x00, 0x26, 0xBD, 0xEF, 0xED,
    0xA6, 0x10, 0x00, 0x00, 0x00, 0x00, 0x00, 0x00, 0x00, 0x00, 0x2B, 0xFF, 0xFF, 0xFF, 0xFF, 0xFF, 0xF9, 0x10, 0x00, 0x00, 0x00, 0x00, 0x00, 0x00,
    0x09, 0xFF, 0xFF, 0xFF, 0xFF, 0xFF, 0xFF, 0xFF, 0xF6, 0x00, 0x00, 0x00, 0x00, 0x00, 0x01, 0xCF, 0xFF, 0xFA, 0x52, 0x10, 0x13, 0x7B, 0xFF, 0xFF,
    0x80, 0x00, 0x00, 0x00, 0x00, 0x0C, 0xFF, 0xF9, 0x10, 0x00, 0x00, 0x00, 0x00, 0x3B, 0xFF, 0xF7, 0x00, 0x00, 0x00, 0x00, 0x9F, 0xFF, 0x50, 0x00,
    0x00, 0x00, 0x00, 0x00, 0x00, 0x8F, 0xFF, 0x30, 0x00, 0x00, 0x03, 0xFF, 0xF3, 0x00, 0x00, 0x00, 0x00, 0x00, 0x00, 0x00, 0x08, 0xFF, 0xC0, 0x00,
    0x00, 0x0C, 0xFF, 0x70, 0x00, 0x03, 0xAE, 0xFD, 0x70, 0xDF, 0xF3, 0x00, 0xCF, 0xF3, 0x00, 0x00, 0x3F, 0xFC, 0x00, 0x00, 0x6F, 0xFF, 0xFF, 0xF9,
    0xDF, 0xF3, 0x00, 0x5F, 0xF8, 0x00, 0x00, 0x7F, 0xF5, 0x00, 0x03, 0xFF, 0xFF, 0xFF, 0xFF, 0xFF, 0xF3, 0x00, 0x0F, 0xFB, 0x00, 0x00, 0xCF, 0xF0,
    0x00, 0x0B, 0xFF, 0xF7, 0x11, 0x6F, 0xFF, 0xF3, 0x00, 0x0E, 0xFD, 0x00, 0x00, 0xEF, 0xD0, 0x00, 0x0F, 0xFF, 0x80, 0x00, 0x07, 0xFF, 0xF3, 0x00,
    0x0E, 0xFD, 0x00, 0x00, 0xFF, 0xB0, 0x00, 0x2F, 0xFF, 0x30, 0x00, 0x03, 0xFF, 0xF3, 0x00, 0x0F, 0xFB, 0x00, 0x00, 0xFF, 0xC0, 0x00, 0x2F, 0xFF,
    0x30, 0x00, 0x03, 0xFF, 0xF3, 0x00, 0x6F, 0xF8, 0x00, 0x00, 0xEF, 0xD0, 0x00, 0x0F, 0xFF, 0x80, 0x00, 0x07, 0xFF, 0xF3, 0x01, 0xEF, 0xF3, 0x00,
    0x00, 0xCF, 0xF1, 0x00, 0x0B, 0xFF, 0xF6, 0x11, 0x6F, 0xFF, 0xF4, 0x5E, 0xFF, 0xA0, 0x00, 0x00, 0x8F, 0xF5, 0x00, 0x03, 0xFF, 0xFF, 0xFF, 0xFF,
    0xFF, 0xFF, 0xFF, 0xFD, 0x00, 0x00, 0x00, 0x3F, 0xFC, 0x00, 0x00, 0x6F, 0xFF, 0xFF, 0xF9, 0xDF, 0xFF, 0xFF, 0x90, 0x00, 0x00, 0x00, 0x0D, 0xFF,
    0x60, 0x00, 0x03, 0xAE, 0xFD, 0x70, 0xDF, 0xEC, 0x82, 0x00, 0x00, 0x00, 0x00, 0x04, 0xFF, 0xF3, 0x00, 0x00, 0x00, 0x00, 0x00, 0x00, 0x00, 0x00,
    0x00, 0x00, 0x00, 0x00, 0x00, 0xAF, 0xFE, 0x40, 0x00, 0x00, 0x00, 0x00, 0x00, 0x08, 0x40, 0x00, 0x00, 0x00, 0x00, 0x00, 0x0C, 0xFF, 0xF8, 0x10,
    0x00, 0x00, 0x00, 0x02, 0xBF, 0xD0, 0x00, 0x00, 0x00, 0x00, 0x00, 0x01, 0xCF, 0xFF, 0xF9, 0x52, 0x00, 0x25, 0xBF, 0xFF, 0xF5, 0x00, 0x00, 0x00,
    0x00, 0x00, 0x00, 0x0A, 0xFF, 0xFF, 0xFF, 0xFF, 0xFF, 0xFF, 0xFF, 0x90, 0x00, 0x00, 0x00, 0x00, 0x00, 0x00, 0x00, 0x3C, 0xFF, 0xFF, 0xFF, 0xFF,
    0xFF, 0xB3, 0x00, 0x00, 0x00, 0x00, 0x00, 0x00, 0x00, 0x00, 0x00, 0x27, 0xBD, 0xFF, 0xEC, 0x72, 0x00, 0x00, 0x00, 0x00, 0x00, 0x00, 0x00, 0x00,
    0x00, 0xEF, 0xFF, 0xFF, 0xF2, 0x00, 0x00, 0x00, 0x00, 0x00, 0x00, 0x00, 0x04, 0xFF, 0xFF, 0xFF, 0xF8, 0x00, 0x00, 0x00, 0x00, 0x00, 0x00, 0x00,
    0x0A, 0xFF, 0xFF, 0xFF, 0xFE, 0x00, 0x00, 0x00, 0x00, 0x00, 0x00, 0x00, 0x1F, 0xFF, 0xFF, 0xFF, 0xFF, 0x40, 0x00, 0x00, 0x00, 0x00, 0x00, 0x00,
    0x6F, 0xFF, 0xFF, 0xFF, 0xFF, 0xA0, 0x00, 0x00, 0x00, 0x00, 0x00, 0x00, 0xCF, 0xFF, 0xFC, 0xFF, 0xFF, 0xF0, 0x00, 0x00, 0x00, 0x00, 0x00, 0x02,
    0xFF, 0xFF, 0xF2, 0xEF, 0xFF, 0xF5, 0x00, 0x00, 0x00, 0x00, 0x00, 0x08, 0xFF, 0xFF, 0xD0, 0x9F, 0xFF, 0xFB, 0x00, 0x00, 0x00, 0x00, 0x00, 0x0E,
    0xFF, 0xFF, 0x70, 0x4F, 0xFF, 0xFF, 0x10, 0x00, 0x00, 0x00, 0x00, 0x4F, 0xFF, 0xFF, 0x20, 0x0E, 0xFF, 0xFF, 0x70, 0x00, 0x00, 0x00, 0x00, 0x9F,
    0xFF, 0xFC, 0x00, 0x09, 0xFF, 0xFF, 0xD0, 0x00, 0x00, 0x00, 0x00, 0xFF, 0xFF, 0xF7, 0x00, 0x03, 0xFF, 0xFF, 0xF3, 0x00, 0x00, 0x00, 0x05, 0xFF,
    0xFF, 0xF1, 0x00, 0x00, 0xEF, 0xFF, 0xF9, 0x00, 0x00, 0x00, 0x0B, 0xFF, 0xFF, 0xC0, 0x00, 0x00, 0x9F, 0xFF, 0xFE, 0x00, 0x00, 0x00, 0x1F, 0xFF,
    0xFF, 0xFF, 0xFF, 0xFF, 0xFF, 0xFF, 0xFF, 0x50, 0x00, 0x00, 0x7F, 0xFF, 0xFF, 0xFF, 0xFF, 0xFF, 0xFF, 0xFF, 0xFF, 0xA0, 0x00, 0x00, 0xDF, 0xFF,
    0xFF, 0xFF, 0xFF, 0xFF, 0xFF, 0xFF, 0xFF, 0xF1, 0x00, 0x03, 0xFF, 0xFF, 0xFF, 0xFF, 0xFF, 0xFF, 0xFF, 0xFF, 0xFF, 0xF6, 0x00, 0x09, 0xFF, 0xFF,
    0xF0, 0x00, 0x00, 0x00, 0x00, 0xCF, 0xFF, 0xFC, 0x00, 0x0E, 0xFF, 0xFF, 0xA0, 0x00, 0x00, 0x00, 0x00, 0x7F, 0xFF, 0xFF, 0x20, 0x4F, 0xFF, 0xFF,
    0x50, 0x00, 0x00, 0x00, 0x00, 0x1F, 0xFF, 0xFF, 0x80, 0xAF, 0xFF, 0xFF, 0x00, 0x00, 0x00, 0x00, 0x00, 0x0C, 0xFF, 0xFF, 0xE0, 0x00, 0x4F, 0xFF,
    0xFF, 0xFF, 0xFF, 0xFD, 0xB8, 0x30, 0x00, 0x00, 0x00, 0x04, 0xFF, 0xFF, 0xFF, 0xFF, 0xFF, 0xFF, 0xFF, 0xB1, 0x00, 0x00, 0x00, 0x4F, 0xFF, 0xFF,
    0xFF, 0xFF, 0xFF, 0xFF, 0xFF, 0xC0, 0x00, 0x00, 0x04, 0xFF, 0xFF, 0xFF, 0xFF, 0xFF, 0xFF, 0xFF, 0xFF, 0x50, 0x00, 0x00, 0x4F, 0xFF, 0xFF, 0x60,
    0x00, 0x2A, 0xFF, 0xFF, 0xFA, 0x00, 0x00, 0x04, 0xFF, 0xFF, 0xF6, 0x00, 0x00, 0x0F, 0xFF, 0xFF, 0xC0, 0x00, 0x00, 0x4F, 0xFF, 0xFF, 0x60, 0x00,
    0x00, 0xDF, 0xFF, 0xFD, 0x00, 0x00, 0x04, 0xFF, 0xFF, 0xF6, 0x00, 0x00, 0x0F, 0xFF, 0xFF, 0xA0, 0x00, 0x00, 0x4F, 0xFF, 0xFF, 0x60, 0x00, 0x2A,
    0xFF, 0xFF, 0xF5, 0x00, 0x00, 0x04, 0xFF, 0xFF, 0xFF, 0xFF, 0xFF, 0xFF, 0xFF, 0xFA, 0x00, 0x00, 0x00, 0x4F, 0xFF, 0xFF, 0xFF, 0xFF, 0xFF, 0xFF,
    0xF7, 0x00, 0x00, 0x00, 0x04, 0xFF, 0xFF, 0xFF, 0xFF, 0xFF, 0xFF, 0xFF, 0xF7, 0x00, 0x00, 0x00, 0x4F, 0xFF, 0xFF, 0xFF, 0xFF, 0xFF, 0xFF, 0xFF,
    0xF9, 0x00, 0x00, 0x04, 0xFF, 0xFF, 0xF6, 0x00, 0x01, 0x4D, 0xFF, 0xFF, 0xF2, 0x00, 0x00, 0x4F, 0xFF, 0xFF, 0x60, 0x00, 0x00, 0x1F, 0xFF, 0xFF,
    0x80, 0x00, 0x04, 0xFF, 0xFF, 0xF6, 0x00, 0x00, 0x00, 0xEF, 0xFF, 0xFA, 0x00, 0x00, 0x4F, 0xFF, 0xFF, 0x60, 0x00, 0x00, 0x2F, 0xFF, 0xFF, 0xB0,
    0x00, 0x04, 0xFF, 0xFF, 0xF6, 0x00, 0x01, 0x4D, 0xFF, 0xFF, 0xF8, 0x00, 0x00, 0x4F, 0xFF, 0xFF, 0xFF, 0xFF, 0xFF, 0xFF, 0xFF, 0xFF, 0x30, 0x00,
    0x04, 0xFF, 0xFF, 0xFF, 0xFF, 0xFF, 0xFF, 0xFF, 0xFF, 0xA0, 0x00, 0x00, 0x4F, 0xFF, 0xFF, 0xFF, 0xFF, 0xFF, 0xFF, 0xFF, 0x80, 0x00, 0x00, 0x04,
    0xFF, 0xFF, 0xFF, 0xFF, 0xFF, 0xFD, 0xB7, 0x10, 0x00, 0x00, 0x00, 0x00, 0x00, 0x00, 0x38, 0xBD, 0xFF, 0xED, 0xA6, 0x10, 0x00, 0x00, 0x00, 0x00,
    0x5D, 0xFF, 0xFF, 0xFF, 0xFF, 0xFF, 0xFA, 0x00, 0x00, 0x00, 0x0A, 0xFF, 0xFF, 0xFF, 0xFF, 0xFF, 0xFF, 0xFF, 0x10, 0x00, 0x00, 0xBF, 0xFF, 0xFF,
    0xFF, 0xFF, 0xFF, 0xFF, 0xFF, 0x10, 0x00, 0x09, 0xFF, 0xFF, 0xFF, 0xC5, 0x10, 0x02, 0x5B, 0xFF, 0x10, 0x00, 0x3F, 0xFF, 0xFF, 0xF7, 0x00, 0x00,
    0x00, 0x00, 0x1A, 0x10, 0x00, 0xBF, 0xFF, 0xFF, 0x90, 0x00, 0x00, 0x00, 0x00, 0x00, 0x00, 0x00, 0xFF, 0xFF, 0xFF, 0x10, 0x00, 0x00, 0x00, 0x00,
    0x00, 0x00, 0x04, 0xFF, 0xFF, 0xFA, 0x00, 0x00, 0x00, 0x00, 0x00, 0x00, 0x00, 0x06, 0xFF, 0xFF, 0xF7, 0x00, 0x00, 0x00, 0x00, 0x00, 0x00, 0x00,
    0x07, 0xFF, 0xFF, 0xF5, 0x00, 0x00, 0x00, 0x00, 0x00, 0x00, 0x00, 0x07, 0xFF, 0xFF, 0xF5, 0x00, 0x00, 0x00, 0x00, 0x00, 0x00, 0x00, 0x06, 0xFF,
    0xFF, 0xF7, 0x00, 0x00, 0x00, 0x00, 0x00, 0x00, 0x00, 0x04, 0xFF, 0xFF, 0xFA, 0x00, 0x00, 0x00, 0x00, 0x00, 0x00, 0x00, 0x00, 0xFF, 0xFF, 0xFF,
    0x10, 0x00, 0x00, 0x00, 0x00, 0x00, 0x00, 0x00, 0xBF, 0xFF, 0xFF, 0x90, 0x00, 0x00, 0x00, 0x00, 0x00, 0x00, 0x00, 0x3F, 0xFF, 0xFF, 0xF7, 0x00,
    0x00, 0x00, 0x00, 0x1A, 0x10, 0x00, 0x09, 0xFF, 0xFF, 0xFF, 0xC5, 0x10, 0x02, 0x5A, 0xFF, 0x10, 0x00, 0x00, 0xCF, 0xFF, 0xFF, 0xFF, 0xFF, 0xFF,
    0xFF, 0xFF, 0x10, 0x00, 0x00, 0x0A, 0xFF, 0xFF, 0xFF, 0xFF, 0xFF, 0xFF, 0xFF, 0x10, 0x00, 0x00, 0x00, 0x5D, 0xFF, 0xFF, 0xFF, 0xFF, 0xFF, 0xFA,
    0x00, 0x00, 0x00, 0x00, 0x00, 0x48, 0xCD, 0xFF, 0xFD, 0xA6, 0x10, 0x00, 0x00, 0x4F, 0xFF, 0xFF, 0xFF, 0xFE, 0xDC, 0x96, 0x20, 0x00, 0x00, 0x00,
    0x00, 0x04, 0xFF, 0xFF, 0xFF, 0xFF, 0xFF, 0xFF, 0xFF, 0xC3, 0x00, 0x00, 0x00, 0x00, 0x4F, 0xFF, 0xFF, 0xFF, 0xFF, 0xFF, 0xFF, 0xFF, 0xF8, 0x00,
    0x00, 0x00, 0x04, 0xFF, 0xFF, 0xFF, 0xFF, 0xFF, 0xFF, 0xFF, 0xFF, 0xF9, 0x00, 0x00, 0x00, 0x4F, 0xFF, 0xFF, 0x60, 0x01, 0x37, 0xEF, 0xFF, 0xFF,
    0xF6, 0x00, 0x00, 0x04, 0xFF, 0xFF, 0xF6, 0x00, 0x00, 0x00, 0xAF, 0xFF, 0xFF, 0xF1, 0x00, 0x00, 0x4F, 0xFF, 0xFF, 0x60, 0x00, 0x00, 0x00, 0xBF,
    0xFF, 0xFF, 0x80, 0x00, 0x04, 0xFF, 0xFF, 0xF6, 0x00, 0x00, 0x00, 0x02, 0xFF, 0xFF, 0xFD, 0x00, 0x00, 0x4F, 0xFF, 0xFF, 0x60, 0x00, 0x00, 0x00,
    0x0D, 0xFF, 0xFF, 0xF1, 0x00, 0x04, 0xFF, 0xFF, 0xF6, 0x00, 0x00, 0x00, 0x00, 0x9F, 0xFF, 0xFF, 0x30, 0x00, 0x4F, 0xFF, 0xFF, 0x60, 0x00, 0x00,
    0x00, 0x08, 0xFF, 0xFF, 0xF4, 0x00, 0x04, 0xFF, 0xFF, 0xF6, 0x00, 0x00, 0x00, 0x00, 0x8F, 0xFF, 0xFF, 0x40, 0x00, 0x4F, 0xFF, 0xFF, 0x60, 0x00,
    0x00, 0x00, 0x09, 0xFF, 0xFF, 0xF3, 0x00, 0x04, 0xFF, 0xFF, 0xF6, 0x00, 0x00, 0x00, 0x00, 0xDF, 0xFF, 0xFF, 0x10, 0x00, 0x4F, 0xFF, 0xFF, 0x60,
    0x00, 0x00, 0x00, 0x2F, 0xFF, 0xFF, 0xD0, 0x00, 0x04, 0xFF, 0xFF, 0xF6, 0x00, 0x00, 0x00, 0x0B, 0xFF, 0xFF, 0xF8, 0x00, 0x00, 0x4F, 0xFF, 0xFF,
    0x60, 0x00, 0x00, 0x0A, 0xFF, 0xFF, 0xFF, 0x10, 0x00, 0x04, 0xFF, 0xFF, 0xF6, 0x00, 0x13, 0x7E, 0xFF, 0xFF, 0xFF, 0x60, 0x00, 0x00, 0x4F, 0xFF,
    0xFF, 0xFF, 0xFF, 0xFF, 0xFF, 0xFF, 0xFF, 0x90, 0x00, 0x00, 0x04, 0xFF, 0xFF, 0xFF, 0xFF, 0xFF, 0xFF, 0xFF, 0xFF, 0x70, 0x00, 0x00, 0x00, 0x4F,
    0xFF, 0xFF, 0xFF, 0xFF, 0xFF, 0xFF, 0xFB, 0x30, 0x00, 0x00, 0x00, 0x04, 0xFF, 0xFF, 0xFF, 0xFF, 0xED, 0xCA, 0x62, 0x00, 0x00, 0x00, 0x00, 0x00,
    0x4F, 0xFF, 0xFF, 0xFF, 0xFF, 0xFF, 0xFF, 0xFF, 0x00, 0x00, 0x04, 0xFF, 0xFF, 0xFF, 0xFF, 0xFF, 0xFF, 0xFF, 0xF0, 0x00, 0x00, 0x4F, 0xFF, 0xFF,
    0xFF, 0xFF, 0xFF, 0xFF, 0xFF, 0x00, 0x00, 0x04, 0xFF, 0xFF, 0xFF, 0xFF, 0xFF, 0xFF, 0xFF, 0xF0, 0x00, 0x00, 0x4F, 0xFF, 0xFF, 0x60, 0x00, 0x00,
    0x00, 0x00, 0x00, 0x00, 0x04, 0xFF, 0xFF, 0xF6, 0x00, 0x00, 0x00, 0x00, 0x00, 0x00, 0x00, 0x4F, 0xFF, 0xFF, 0x60, 0x00, 0x00, 0x00, 0x00, 0x00,
    0x00, 0x04, 0xFF, 0xFF, 0xF6, 0x00, 0x00, 0x00, 0x00, 0x00, 0x00, 0x00, 0x4F, 0xFF, 0xFF, 0x60, 0x00, 0x00, 0x00, 0x00, 0x00, 0x00, 0x04, 0xFF,
    0xFF, 0xFF, 0xFF, 0xFF, 0xFF, 0xFF, 0x60, 0x00, 0x00, 0x4F, 0xFF, 0xFF, 0xFF, 0xFF, 0xFF, 0xFF, 0xF6, 0x00, 0x00, 0x04, 0xFF, 0xFF, 0xFF, 0xFF,
    0xFF, 0xFF, 0xFF, 0x60, 0x00, 0x00, 0x4F, 0xFF, 0xFF, 0xFF, 0xFF, 0xFF, 0xFF, 0xF6, 0x00, 0x00, 0x04, 0xFF, 0xFF, 0xF6, 0x00, 0x00, 0x00, 0x00,
    0x00, 0x00, 0x00, 0x4F, 0xFF, 0xFF, 0x60, 0x00, 0x00, 0x00, 0x00, 0x00, 0x00, 0x04, 0xFF, 0xFF, 0xF6, 0x00, 0x00, 0x00, 0x00, 0x00, 0x00, 0x00,
    0x4F, 0xFF, 0xFF, 0x60, 0x00, 0x00, 0x00, 0x00, 0x00, 0x00, 0x04, 0xFF, 0xFF, 0xF6, 0x00, 0x00, 0x00, 0x00, 0x00, 0x00, 0x00, 0x4F, 0xFF, 0xFF,
    0xFF, 0xFF, 0xFF, 0xFF, 0xFF, 0x40, 0x00, 0x04, 0xFF, 0xFF, 0xFF, 0xFF, 0xFF, 0xFF, 0xFF, 0xF4, 0x00, 0x00, 0x4F, 0xFF, 0xFF, 0xFF, 0xFF, 0xFF,
    0xFF, 0xFF, 0x40, 0x00, 0x04, 0xFF, 0xFF, 0xFF, 0xFF, 0xFF, 0xFF, 0xFF, 0xF4, 0x00, 0x00, 0x4F, 0xFF, 0xFF, 0xFF, 0xFF, 0xFF, 0xFF, 0xFF, 0x00,
    0x00, 0x04, 0xFF, 0xFF, 0xFF, 0xFF, 0xFF, 0xFF, 0xFF, 0xF0, 0x00, 0x00, 0x4F, 0xFF, 0xFF, 0xFF, 0xFF, 0xFF, 0xFF, 0xFF, 0x00, 0x00, 0x04, 0xFF,
    0xFF, 0xFF, 0xFF, 0xFF, 0xFF, 0xFF, 0xF0, 0x00, 0x00, 0x4F, 0xFF, 0xFF, 0x60, 0x00, 0x00, 0x00, 0x00, 0x00, 0x00, 0x04, 0xFF, 0xFF, 0xF6, 0x00,
    0x00, 0x00, 0x00, 0x00, 0x00, 0x00, 0x4F, 0xFF, 0xFF, 0x60, 0x00, 0x00, 0x00, 0x00, 0x00, 0x00, 0x04, 0xFF, 0xFF, 0xF6, 0x00, 0x00, 0x00, 0x00,
    0x00, 0x00, 0x00, 0x4F, 0xFF, 0xFF, 0x60, 0x00, 0x00, 0x00, 0x00, 0x00, 0x00, 0x04, 0xFF, 0xFF, 0xFF, 0xFF, 0xFF, 0xFF, 0xFF, 0x60, 0x00, 0x00,
    0x4F, 0xFF, 0xFF, 0xFF, 0xFF, 0xFF, 0xFF, 0xF6, 0x00, 0x00, 0x04, 0xFF, 0xFF, 0xFF, 0xFF, 0xFF, 0xFF, 0xFF, 0x60, 0x00, 0x00, 0x4F, 0xFF, 0xFF,
    0xFF, 0xFF, 0xFF, 0xFF, 0xF6, 0x00, 0x00, 0x04, 0xFF, 0xFF, 0xF6, 0x00, 0x00, 0x00, 0x00, 0x00, 0x00, 0x00, 0x4F, 0xFF, 0xFF, 0x60, 0x00, 0x00,
    0x00, 0x00, 0x00, 0x00, 0x04, 0xFF, 0xFF, 0xF6, 0x00, 0x00, 0x00, 0x00, 0x00, 0x00, 0x00, 0x4F, 0xFF, 0xFF, 0x60, 0x00, 0x00, 0x00, 0x00, 0x00,
    0x00, 0x04, 0xFF, 0xFF, 0xF6, 0x00, 0x00, 0x00, 0x00, 0x00, 0x00, 0x00, 0x4F, 0xFF, 0xFF, 0x60, 0x00, 0x00, 0x00, 0x00, 0x00, 0x00, 0x04, 0xFF,
    0xFF, 0xF6, 0x00, 0x00, 0x00, 0x00, 0x00, 0x00, 0x00, 0x4F, 0xFF, 0xFF, 0x60, 0x00, 0x00, 0x00, 0x00, 0x00, 0x00, 0x04, 0xFF, 0xFF, 0xF6, 0x00,
    0x00, 0x00, 0x00, 0x00, 0x00, 0x00, 0x00, 0x00, 0x00, 0x37, 0xBD, 0xEF, 0xFE, 0xCA, 0x62, 0x00, 0x00, 0x00, 0x00, 0x00, 0x04, 0xCF, 0xFF, 0xFF,
    0xFF, 0xFF, 0xFF, 0xFD, 0x50, 0x00, 0x00, 0x00, 0x09, 0xFF, 0xFF, 0xFF, 0xFF, 0xFF, 0xFF, 0xFF, 0xF9, 0x00, 0x00, 0x00, 0x0B, 0xFF, 0xFF, 0xFF,
    0xFF, 0xFF, 0xFF, 0xFF, 0xFF, 0x90, 0x00, 0x00, 0x09, 0xFF, 0xFF, 0xFF, 0xD6, 0x21, 0x01, 0x36, 0xAF, 0xF9, 0x00, 0x00, 0x03, 0xFF, 0xFF, 0xFF,
    0x80, 0x00, 0x00, 0x00, 0x00, 0x07, 0x80, 0x00, 0x00, 0xAF, 0xFF, 0xFF, 0x90, 0x00, 0x00, 0x00, 0x00, 0x00, 0x00, 0x00, 0x00, 0x0F, 0xFF, 0xFF,
    0xF1, 0x00, 0x00, 0x00, 0x00, 0x00, 0x00, 0x00, 0x00, 0x04, 0xFF, 0xFF, 0xFA, 0x00, 0x00, 0x00, 0x00, 0x00, 0x00, 0x00, 0x00, 0x00, 0x6F, 0xFF,
    0xFF, 0x70, 0x00, 0x00, 0x00, 0x00, 0x00, 0x00, 0x00, 0x00, 0x07, 0xFF, 0xFF, 0xF5, 0x00, 0x00, 0x06, 0xFF, 0xFF, 0xFF, 0xFF, 0x60, 0x00, 0x7F,
    0xFF, 0xFF, 0x50, 0x00, 0x00, 0x6F, 0xFF, 0xFF, 0xFF, 0xF6, 0x00, 0x06, 0xFF, 0xFF, 0xF7, 0x00, 0x00, 0x06, 0xFF, 0xFF, 0xFF, 0xFF, 0x60, 0x00,
    0x4F, 0xFF, 0xFF, 0xA0, 0x00, 0x00, 0x6F, 0xFF, 0xFF, 0xFF, 0xF6, 0x00, 0x00, 0xFF, 0xFF, 0xFF, 0x00, 0x00, 0x00, 0x00, 0x0F, 0xFF, 0xFF, 0x60,
    0x00, 0x0B, 0xFF, 0xFF, 0xF8, 0x00, 0x00, 0x00, 0x00, 0xFF, 0xFF, 0xF6, 0x00, 0x00, 0x3F, 0xFF, 0xFF, 0xF7, 0x00, 0x00, 0x00, 0x0F, 0xFF, 0xFF,
    0x60, 0x00, 0x00, 0x9F, 0xFF, 0xFF, 0xFC, 0x62, 0x00, 0x14, 0xFF, 0xFF, 0xF6, 0x00, 0x00, 0x00, 0xCF, 0xFF, 0xFF, 0xFF, 0xFF, 0xFF, 0xFF, 0xFF,
    0xFF, 0x60, 0x00, 0x00, 0x00, 0xAF, 0xFF, 0xFF, 0xFF, 0xFF, 0xFF, 0xFF, 0xFF, 0xF6, 0x00, 0x00, 0x00, 0x00, 0x5D, 0xFF, 0xFF, 0xFF, 0xFF, 0xFF,
    0xFF, 0xC5, 0x00, 0x00, 0x00, 0x00, 0x00, 0x04, 0x8C, 0xDF, 0xFF, 0xEC, 0x95, 0x10, 0x00, 0x00, 0x00, 0x4F, 0xFF, 0xFF, 0x60, 0x00, 0x00, 0x00,
    0x4F, 0xFF, 0xFF, 0x50, 0x00, 0x04, 0xFF, 0xFF, 0xF6, 0x00, 0x00, 0x00, 0x04, 0xFF, 0xFF, 0xF5, 0x00, 0x00, 0x4F, 0xFF, 0xFF, 0x60, 0x00, 0x00,
    0x00, 0x4F, 0xFF, 0xFF, 0x50, 0x00, 0x04, 0xFF, 0xFF, 0xF6, 0x00, 0x00, 0x00, 0x04, 0xFF, 0xFF, 0xF5, 0x00, 0x00, 0x4F, 0xFF, 0xFF, 0x60, 0x00,
    0x00, 0x00, 0x4F, 0xFF, 0xFF, 0x50, 0x00, 0x04, 0xFF, 0xFF, 0xF6, 0x00, 0x00, 0x00, 0x04, 0xFF, 0xFF, 0xF5, 0x00, 0x00, 0x4F, 0xFF, 0xFF, 0x60,
    0x00, 0x00, 0x00, 0x4F, 0xFF, 0xFF, 0x50, 0x00, 0x04, 0xFF, 0xFF, 0xF6, 0x00, 0x00, 0x00, 0x04, 0xFF, 0xFF, 0xF5, 0x00, 0x00, 0x4F, 0xFF, 0xFF,
    0x60, 0x00, 0x00, 0x00, 0x4F, 0xFF, 0xFF, 0x50, 0x00, 0x04, 0xFF, 0xFF, 0xFF, 0xFF, 0xFF, 0xFF, 0xFF, 0xFF, 0xFF, 0xF5, 0x00, 0x00, 0x4F, 0xFF,
    0xFF, 0xFF, 0xFF, 0xFF, 0xFF, 0xFF, 0xFF, 0xFF, 0x50, 0x00, 0x04, 0xFF, 0xFF, 0xFF, 0xFF, 0xFF, 0xFF, 0xFF, 0xFF, 0xFF, 0xF5, 0x00, 0x00, 0x4F,
    0xFF, 0xFF, 0xFF, 0xFF, 0xFF, 0xFF, 0xFF, 0xFF, 0xFF, 0x50, 0x00, 0x04, 0xFF, 0xFF, 0xF6, 0x00, 0x00, 0x00, 0x04, 0xFF, 0xFF, 0xF5, 0x00, 0x00,
    0x4F, 0xFF, 0xFF, 0x60, 0x00, 0x00, 0x00, 0x4F, 0xFF, 0xFF, 0x50, 0x00, 0x04, 0xFF, 0xFF, 0xF6, 0x00, 0x00, 0x00, 0x04, 0xFF, 0xFF, 0xF5, 0x00,
    0x00, 0x4F, 0xFF, 0xFF, 0x60, 0x00, 0x00, 0x00, 0x4F, 0xFF, 0xFF, 0x50, 0x00, 0x04, 0xFF, 0xFF, 0xF6, 0x00, 0x00, 0x00, 0x04, 0xFF, 0xFF, 0xF5,
    0x00, 0x00, 0x4F, 0xFF, 0xFF, 0x60, 0x00, 0x00, 0x00, 0x4F, 0xFF, 0xFF, 0x50, 0x00, 0x04, 0xFF, 0xFF, 0xF6, 0x00, 0x00, 0x00, 0x04, 0xFF, 0xFF,
    0xF5, 0x00, 0x00, 0x4F, 0xFF, 0xFF, 0x60, 0x00, 0x00, 0x00, 0x4F, 0xFF, 0xFF, 0x50, 0x00, 0x04, 0xFF, 0xFF, 0xF6, 0x00, 0x00, 0x00, 0x04, 0xFF,
    0xFF, 0xF5, 0x00, 0x00, 0x4F, 0xFF, 0xFF, 0x60, 0x00, 0x04, 0xFF, 0xFF, 0xF6, 0x00, 0x00, 0x4F, 0xFF, 0xFF, 0x60, 0x00, 0x04, 0xFF, 0xFF, 0xF6,
    0x00, 0x00, 0x4F, 0xFF, 0xFF, 0x60, 0x00, 0x04, 0xFF, 0xFF, 0xF6, 0x00, 0x00, 0x4F, 0xFF, 0xFF, 0x60, 0x00, 0x04, 0xFF, 0xFF, 0xF6, 0x00, 0x00,
    0x4F, 0xFF, 0xFF, 0x60, 0x00, 0x04, 0xFF, 0xFF, 0xF6, 0x00, 0x00, 0x4F, 0xFF, 0xFF, 0x60, 0x00, 0x04, 0xFF, 0xFF, 0xF6, 0x00, 0x00, 0x4F, 0xFF,
    0xFF, 0x60, 0x00, 0x04, 0xFF, 0xFF, 0xF6, 0x00, 0x00, 0x4F, 0xFF, 0xFF, 0x60, 0x00, 0x04, 0xFF, 0xFF, 0xF6, 0x00, 0x00, 0x4F, 0xFF, 0xFF, 0x60,
    0x00, 0x04, 0xFF, 0xFF, 0xF6, 0x00, 0x00, 0x4F, 0xFF, 0xFF, 0x60, 0x00, 0x04, 0xFF, 0xFF, 0xF6, 0x00, 0x00, 0x4F, 0xFF, 0xFF, 0x60, 0x00, 0x04,
    0xFF, 0xFF, 0xF6, 0x00, 0x00, 0x00, 0x4F, 0xFF, 0xFF, 0x60, 0x00, 0x00, 0x04, 0xFF, 0xFF, 0xF6, 0x00, 0x00, 0x00, 0x4F, 0xFF, 0xFF, 0x60, 0x00,
    0x00, 0x04, 0xFF, 0xFF, 0xF6, 0x00, 0x00, 0x00, 0x4F, 0xFF, 0xFF, 0x60, 0x00, 0x00, 0x04, 0xFF, 0xFF, 0xF6, 0x00, 0x00, 0x00, 0x4F, 0xFF, 0xFF,
    0x60, 0x00, 0x00, 0x04, 0xFF, 0xFF, 0xF6, 0x00, 0x00, 0x00, 0x4F, 0xFF, 0xFF, 0x60, 0x00, 0x00, 0x04, 0xFF, 0xFF, 0xF6, 0x00, 0x00, 0x00, 0x4F,
    0xFF, 0xFF, 0x60, 0x00, 0x00, 0x04, 0xFF, 0xFF, 0xF6, 0x00, 0x00, 0x00, 0x4F, 0xFF, 0xFF, 0x60, 0x00, 0x00, 0x04, 0xFF, 0xFF, 0xF6, 0x00, 0x00,
    0x00, 0x4F, 0xFF, 0xFF, 0x60, 0x00, 0x00, 0x04, 0xFF, 0xFF, 0xF6, 0x00, 0x00, 0x00, 0x4F, 0xFF, 0xFF, 0x60, 0x00, 0x00, 0x04, 0xFF, 0xFF, 0xF6,
    0x00, 0x00, 0x00, 0x4F, 0xFF, 0xFF, 0x60, 0x00, 0x00, 0x04, 0xFF, 0xFF, 0xF6, 0x00, 0x00, 0x00, 0x4F, 0xFF, 0xFF, 0x50, 0x00, 0x00, 0x07, 0xFF,
    0xFF, 0xF4, 0x00, 0x00, 0x00, 0xDF, 0xFF, 0xFF, 0x10, 0x00, 0x03, 0xCF, 0xFF, 0xFF, 0xD0, 0x00, 0xBF, 0xFF, 0xFF, 0xFF, 0xF5, 0x00, 0x0B, 0xFF,
    0xFF, 0xFF, 0xFA, 0x00, 0x00, 0xBF, 0xFF, 0xFF, 0xF7, 0x00, 0x00, 0x0B, 0xFF, 0xDB, 0x71, 0x00, 0x00, 0x00, 0x00, 0x4F, 0xFF, 0xFF, 0x60, 0x00,
    0x00, 0x01, 0xDF, 0xFF, 0xFF, 0x90, 0x00, 0x04, 0xFF, 0xFF, 0xF6, 0x00, 0x00, 0x01, 0xDF, 0xFF, 0xFF, 0x80, 0x00, 0x00, 0x4F, 0xFF, 0xFF, 0x60,
    0x00, 0x02, 0xDF, 0xFF, 0xFF, 0x80, 0x00, 0x00, 0x04, 0xFF, 0xFF, 0xF6, 0x00, 0x02, 0xEF, 0xFF, 0xFF, 0x80, 0x00, 0x00, 0x00, 0x4F, 0xFF, 0xFF,
    0x60, 0x02, 0xEF, 0xFF, 0xFF, 0x80, 0x00, 0x00, 0x00, 0x04, 0xFF, 0xFF, 0xF6, 0x02, 0xEF, 0xFF, 0xFF, 0x80, 0x00, 0x00, 0x00, 0x00, 0x4F, 0xFF,
    0xFF, 0x62, 0xEF, 0xFF, 0xFF, 0x80, 0x00, 0x00, 0x00, 0x00, 0x04, 0xFF, 0xFF, 0xF8, 0xEF, 0xFF, 0xFF, 0x80, 0x00, 0x00, 0x00, 0x00, 0x00, 0x4F,
    0xFF, 0xFF, 0xFF, 0xFF, 0xFF, 0x70, 0x00, 0x00, 0x00, 0x00, 0x00, 0x04, 0xFF, 0xFF, 0xFF, 0xFF, 0xFF, 0x70, 0x00, 0x00, 0x00, 0x00, 0x00, 0x00,
    0x4F, 0xFF, 0xFF, 0xFF, 0xFF, 0xC0, 0x00, 0x00, 0x00, 0x00, 0x00, 0x00, 0x04, 0xFF, 0xFF, 0xFF, 0xFF, 0xFF, 0x90, 0x00, 0x00, 0x00, 0x00, 0x00,
    0x00, 0x4F, 0xFF, 0xFF, 0xFF, 0xFF, 0xFF, 0x90, 0x00, 0x00, 0x00, 0x00, 0x00, 0x04, 0xFF, 0xFF, 0xFC, 0xFF, 0xFF, 0xFF, 0x90, 0x00, 0x00, 0x00,
    0x00, 0x00, 0x4F, 0xFF, 0xFF, 0x67, 0xFF, 0xFF, 0xFF, 0xA0, 0x00, 0x00, 0x00, 0x00, 0x04, 0xFF, 0xFF, 0xF6, 0x06, 0xFF, 0xFF, 0xFF, 0xA0, 0x00,
    0x00, 0x00, 0x00, 0x4F, 0xFF, 0xFF, 0x60, 0x06, 0xFF, 0xFF, 0xFF, 0xA0, 0x00, 0x00, 0x00, 0x04, 0xFF, 0xFF, 0xF6, 0x00, 0x06, 0xFF, 0xFF, 0xFF,
    0xA0, 0x00, 0x00, 0x00, 0x4F, 0xFF, 0xFF, 0x60, 0x00, 0x06, 0xFF, 0xFF, 0xFF, 0xA0, 0x00, 0x00, 0x04, 0xFF, 0xFF, 0xF6, 0x00, 0x00, 0x06, 0xFF,
    0xFF, 0xFF, 0xA0, 0x00, 0x00, 0x4F, 0xFF, 0xFF, 0x60, 0x00, 0x00, 0x06, 0xFF, 0xFF, 0xFF, 0xA0, 0x00, 0x04, 0xFF, 0xFF, 0xF6, 0x00, 0x00, 0x00,
    0x06, 0xFF, 0xFF, 0xFF, 0xA0, 0x00, 0x4F, 0xFF, 0xFF, 0x60, 0x00, 0x00, 0x00, 0x00, 0x00, 0x04, 0xFF, 0xFF, 0xF6, 0x00, 0x00, 0x00, 0x00, 0x00,
    0x00, 0x4F, 0xFF, 0xFF, 0x60, 0x00, 0x00, 0x00, 0x00, 0x00, 0x04, 0xFF, 0xFF, 0xF6, 0x00, 0x00, 0x00, 0x00, 0x00, 0x00, 0x4F, 0xFF, 0xFF, 0x60,
    0x00, 0x00, 0x00, 0x00, 0x00, 0x04, 0xFF, 0xFF, 0xF6, 0x00, 0x00, 0x00, 0x00, 0x00, 0x00, 0x4F, 0xFF, 0xFF, 0x60, 0x00, 0x00, 0x00, 0x00, 0x00,
    0x04, 0xFF, 0xFF, 0xF6, 0x00, 0x00, 0x00, 0x00, 0x00, 0x00, 0x4F, 0xFF, 0xFF, 0x60, 0x00, 0x00, 0x00, 0x00, 0x00, 0x04, 0xFF, 0xFF, 0xF6, 0x00,
    0x00, 0x00, 0x00, 0x00, 0x00, 0x4F, 0xFF, 0xFF, 0x60, 0x00, 0x00, 0x00, 0x00, 0x00, 0x04, 0xFF, 0xFF, 0xF6, 0x00, 0x00, 0x00, 0x00, 0x00, 0x00,
    0x4F, 0xFF, 0xFF, 0x60, 0x00, 0x00, 0x00, 0x00, 0x00, 0x04, 0xFF, 0xFF, 0xF6, 0x00, 0x00, 0x00, 0x00, 0x00, 0x00, 0x4F, 0xFF, 0xFF, 0x60, 0x00,
    0x00, 0x00, 0x00, 0x00, 0x04, 0xFF, 0xFF, 0xF6, 0x00, 0x00, 0x00, 0x00, 0x00, 0x00, 0x4F, 0xFF, 0xFF, 0x60, 0x00, 0x00, 0x00, 0x00, 0x00, 0x04,
    0xFF, 0xFF, 0xF6, 0x00, 0x00, 0x00, 0x00, 0x00, 0x00, 0x4F, 0xFF, 0xFF, 0xFF, 0xFF, 0xFF, 0xFF, 0xFF, 0x40, 0x04, 0xFF, 0xFF, 0xFF, 0xFF, 0xFF,
    0xFF, 0xFF, 0xF4, 0x00, 0x4F, 0xFF, 0xFF, 0xFF, 0xFF, 0xFF, 0xFF, 0xFF, 0x40, 0x04, 0xFF, 0xFF, 0xFF, 0xFF, 0xFF, 0xFF, 0xFF, 0xF4, 0x00, 0x4F,
    0xFF, 0xFF, 0xFF, 0x20, 0x00, 0x00, 0x00, 0x04, 0xFF, 0xFF, 0xFF, 0xF1, 0x00, 0x00, 0x4F, 0xFF, 0xFF, 0xFF, 0x80, 0x00, 0x00, 0x00, 0x0B, 0xFF,
    0xFF, 0xFF, 0xF1, 0x00, 0x00, 0x4F, 0xFF, 0xFF, 0xFF, 0xE0, 0x00, 0x00, 0x00, 0x2F, 0xFF, 0xFF, 0xFF, 0xF1, 0x00, 0x00, 0x4F, 0xFF, 0xFF, 0xFF,
    0xF6, 0x00, 0x00, 0x00, 0x8F, 0xFF, 0xFF, 0xFF, 0xF1, 0x00, 0x00, 0x4F, 0xFF, 0xFF, 0xFF, 0xFC, 0x00, 0x00, 0x00, 0xEF, 0xFF, 0xFF, 0xFF, 0xF1,
    0x00, 0x00, 0x4F, 0xFF, 0xFF, 0xFF, 0xFF, 0x30, 0x00, 0x06, 0xFF, 0xFF, 0xFF, 0xFF, 0xF1, 0x00, 0x00, 0x4F, 0xFF, 0xFF, 0xCF, 0xFF, 0xA0, 0x00,
    0x0D, 0xFF, 0xFC, 0xFF, 0xFF, 0xF1, 0x00, 0x00, 0x4F, 0xFF, 0xFF, 0x5F, 0xFF, 0xF1, 0x00, 0x3F, 0xFF, 0xF6, 0xFF, 0xFF, 0xF1, 0x00, 0x00, 0x4F,
    0xFF, 0xFF, 0x1D, 0xFF, 0xF7, 0x00, 0xAF, 0xFF, 0xB4, 0xFF, 0xFF, 0xF1, 0x00, 0x00, 0x4F, 0xFF, 0xFF, 0x16, 0xFF, 0xFE, 0x01, 0xFF, 0xFF, 0x44,
    0xFF, 0xFF, 0xF1, 0x00, 0x00, 0x4F, 0xFF, 0xFF, 0x10, 0xFF, 0xFF, 0x47, 0xFF, 0xFD, 0x04, 0xFF, 0xFF, 0xF1, 0x00, 0x00, 0x4F, 0xFF, 0xFF, 0x10,
    0x9F, 0xFF, 0xBE, 0xFF, 0xF7, 0x04, 0xFF, 0xFF, 0xF1, 0x00, 0x00, 0x4F, 0xFF, 0xFF, 0x10, 0x2F, 0xFF, 0xFF, 0xFF, 0xF1, 0x04, 0xFF, 0xFF, 0xF1,
    0x00, 0x00, 0x4F, 0xFF, 0xFF, 0x10, 0x0C, 0xFF, 0xFF, 0xFF, 0x90, 0x04, 0xFF, 0xFF, 0xF1, 0x00, 0x00, 0x4F, 0xFF, 0xFF, 0x10, 0x05, 0xFF, 0xFF,
    0xFF, 0x20, 0x04, 0xFF, 0xFF, 0xF1, 0x00, 0x00, 0x4F, 0xFF, 0xFF, 0x10, 0x00, 0xEF, 0xFF, 0xFC, 0x00, 0x04, 0xFF, 0xFF, 0xF1, 0x00, 0x00, 0x4F,
    0xFF, 0xFF, 0x10, 0x00, 0x7F, 0xFF, 0xF5, 0x00, 0x04, 0xFF, 0xFF, 0xF1, 0x00, 0x00, 0x4F, 0xFF, 0xFF, 0x10, 0x00, 0x1F, 0xFF, 0xE0, 0x00, 0x04,
    0xFF, 0xFF, 0xF1, 0x00, 0x00, 0x4F, 0xFF, 0xFF, 0x10, 0x00, 0x00, 0x00, 0x00, 0x00, 0x04, 0xFF, 0xFF, 0xF1, 0x00, 0x00, 0x4F, 0xFF, 0xFF, 0x10,
    0x00, 0x00, 0x00, 0x00, 0x00, 0x04, 0xFF, 0xFF, 0xF1, 0x00, 0x00, 0x4F, 0xFF, 0xFF, 0x10, 0x00, 0x00, 0x00, 0x00, 0x00, 0x04, 0xFF, 0xFF, 0xF1,
    0x00, 0x00, 0x4F, 0xFF, 0xFF, 0x10, 0x00, 0x00, 0x00, 0x00, 0x00, 0x04, 0xFF, 0xFF, 0xF1, 0x00, 0x00, 0x4F, 0xFF, 0xFF, 0xF4, 0x00, 0x00, 0x00,
    0x0F, 0xFF, 0xFF, 0x50, 0x00, 0x04, 0xFF, 0xFF, 0xFF, 0xD0, 0x00, 0x00, 0x00, 0xFF, 0xFF, 0xF5, 0x00, 0x00, 0x4F, 0xFF, 0xFF, 0xFF, 0x50, 0x00,
    0x00, 0x0F, 0xFF, 0xFF, 0x50, 0x00, 0x04, 0xFF, 0xFF, 0xFF, 0xFD, 0x00, 0x00, 0x00, 0xFF, 0xFF, 0xF5, 0x00, 0x00, 0x4F, 0xFF, 0xFF, 0xFF, 0xF6,
    0x00, 0x00, 0x0F, 0xFF, 0xFF, 0x50, 0x00, 0x04, 0xFF, 0xFF, 0xFF, 0xFF, 0xE0, 0x00, 0x00, 0xFF, 0xFF, 0xF5, 0x00, 0x00, 0x4F, 0xFF, 0xFF, 0xFF,
    0xFF, 0x70, 0x00, 0x0F, 0xFF, 0xFF, 0x50, 0x00, 0x04, 0xFF, 0xFF, 0xFB, 0xFF, 0xFE, 0x10, 0x00, 0xFF, 0xFF, 0xF5, 0x00, 0x00, 0x4F, 0xFF, 0xFF,
    0x3F, 0xFF, 0xF8, 0x00, 0x0F, 0xFF, 0xFF, 0x50, 0x00, 0x04, 0xFF, 0xFF, 0xF1, 0x8F, 0xFF, 0xF1, 0x00, 0xFF, 0xFF, 0xF5, 0x00, 0x00, 0x4F, 0xFF,
    0xFF, 0x11, 0xFF, 0xFF, 0x90, 0x0F, 0xFF, 0xFF, 0x50, 0x00, 0x04, 0xFF, 0xFF, 0xF1, 0x07, 0xFF, 0xFF, 0x20, 0xFF, 0xFF, 0xF5, 0x00, 0x00, 0x4F,
    0xFF, 0xFF, 0x10, 0x0E, 0xFF, 0xFA, 0x0F, 0xFF, 0xFF, 0x50, 0x00, 0x04, 0xFF, 0xFF, 0xF1, 0x00, 0x6F, 0xFF, 0xF2, 0xFF, 0xFF, 0xF5, 0x00, 0x00,
    0x4F, 0xFF, 0xFF, 0x10, 0x00, 0xDF, 0xFF, 0xAF, 0xFF, 0xFF, 0x50, 0x00, 0x04, 0xFF, 0xFF, 0xF1, 0x00, 0x05, 0xFF, 0xFF, 0xFF, 0xFF, 0xF5, 0x00,
    0x00, 0x4F, 0xFF, 0xFF, 0x10, 0x00, 0x0D, 0xFF, 0xFF, 0xFF, 0xFF, 0x50, 0x00, 0x04, 0xFF, 0xFF, 0xF1, 0x00, 0x00, 0x5F, 0xFF, 0xFF, 0xFF, 0xF5,
    0x00, 0x00, 0x4F, 0xFF, 0xFF, 0x10, 0x00, 0x00, 0xCF, 0xFF, 0xFF, 0xFF, 0x50, 0x00, 0x04, 0xFF, 0xFF, 0xF1, 0x00, 0x00, 0x04, 0xFF, 0xFF, 0xFF,
    0xF5, 0x00, 0x00, 0x4F, 0xFF, 0xFF, 0x10, 0x00, 0x00, 0x0B, 0xFF, 0xFF, 0xFF, 0x50, 0x00, 0x04, 0xFF, 0xFF, 0xF1, 0x00, 0x00, 0x00, 0x3F, 0xFF,
    0xFF, 0xF5, 0x00, 0x00, 0x00, 0x00, 0x00, 0x6A, 0xDE, 0xFF, 0xDB, 0x83, 0x00, 0x00, 0x00, 0x00, 0x00, 0x00, 0x00, 0x8F, 0xFF, 0xFF, 0xFF, 0xFF,
    0xFF, 0xC3, 0x00, 0x00, 0x00, 0x00, 0x00, 0x2D, 0xFF, 0xFF, 0xFF, 0xFF, 0xFF, 0xFF, 0xFF, 0x70, 0x00, 0x00, 0x00, 0x01, 0xEF, 0xFF, 0xFF, 0xFF,
    0xFF, 0xFF, 0xFF, 0xFF, 0xF7, 0x00, 0x00, 0x00, 0x0C, 0xFF, 0xFF, 0xFF, 0x72, 0x01, 0x4B, 0xFF, 0xFF, 0xFF, 0x40, 0x00, 0x00, 0x4F, 0xFF, 0xFF,
    0xE2, 0x00, 0x00, 0x00, 0x9F, 0xFF, 0xFF, 0xC0, 0x00, 0x00, 0xCF, 0xFF, 0xFF, 0x50, 0x00, 0x00, 0x00, 0x0D, 0xFF, 0xFF, 0xF4, 0x00, 0x00, 0xFF,
    0xFF, 0xFE, 0x00, 0x00, 0x00, 0x00, 0x06, 0xFF, 0xFF, 0xF8, 0x00, 0x04, 0xFF, 0xFF, 0xF9, 0x00, 0x00, 0x00, 0x00, 0x01, 0xFF, 0xFF, 0xFC, 0x00,
    0x06, 0xFF, 0xFF, 0xF6, 0x00, 0x00, 0x00, 0x00, 0x00, 0xEF, 0xFF, 0xFE, 0x00, 0x07, 0xFF, 0xFF, 0xF5, 0x00, 0x00, 0x00, 0x00, 0x00, 0xDF, 0xFF,
    0xFF, 0x00, 0x07, 0xFF, 0xFF, 0xF5, 0x00, 0x00, 0x00, 0x00, 0x00, 0xDF, 0xFF, 0xFF, 0x00, 0x06, 0xFF, 0xFF, 0xF6, 0x00, 0x00, 0x00, 0x00, 0x00,
    0xEF, 0xFF, 0xFE, 0x00, 0x04, 0xFF, 0xFF, 0xF9, 0x00, 0x00, 0x00, 0x00, 0x01, 0xFF, 0xFF, 0xFC, 0x00, 0x00, 0xFF, 0xFF, 0xFE, 0x00, 0x00, 0x00,
    0x00, 0x06, 0xFF, 0xFF, 0xF8, 0x00, 0x00, 0xCF, 0xFF, 0xFF, 0x50, 0x00, 0x00, 0x00, 0x0D, 0xFF, 0xFF, 0xF4, 0x00, 0x00, 0x4F, 0xFF, 0xFF, 0xE2,
    0x00, 0x00, 0x00, 0x9F, 0xFF, 0xFF, 0xC0, 0x00, 0x00, 0x0C, 0xFF, 0xFF, 0xFF, 0x72, 0x01, 0x4B, 0xFF, 0xFF, 0xFF, 0x40, 0x00, 0x00, 0x01, 0xEF,
    0xFF, 0xFF, 0xFF, 0xFF, 0xFF, 0xFF, 0xFF, 0xF7, 0x00, 0x00, 0x00, 0x00, 0x2D, 0xFF, 0xFF, 0xFF, 0xFF, 0xFF, 0xFF, 0xFF, 0x70, 0x00, 0x00, 0x00,
    0x00, 0x00, 0x8F, 0xFF, 0xFF, 0xFF, 0xFF, 0xFF, 0xC4, 0x00, 0x00, 0x00, 0x00, 0x00, 0x00, 0x01, 0x6A, 0xDE, 0xFF, 0xEC, 0x83, 0x00, 0x00, 0x00,
    0x00, 0x00, 0x4F, 0xFF, 0xFF, 0xFF, 0xFF, 0xFE, 0xC9, 0x40, 0x00, 0x00, 0x00, 0x4F, 0xFF, 0xFF, 0xFF, 0xFF, 0xFF, 0xFF, 0xFD, 0x30, 0x00, 0x00,
    0x4F, 0xFF, 0xFF, 0xFF, 0xFF, 0xFF, 0xFF, 0xFF, 0xF3, 0x00, 0x00, 0x4F, 0xFF, 0xFF, 0xFF, 0xFF, 0xFF, 0xFF, 0xFF, 0xFD, 0x00, 0x00, 0x4F, 0xFF,
    0xFF, 0x60, 0x00, 0x27, 0xFF, 0xFF, 0xFF, 0x50, 0x00, 0x4F, 0xFF, 0xFF, 0x60, 0x00, 0x00, 0x7F, 0xFF, 0xFF, 0x90, 0x00, 0x4F, 0xFF, 0xFF, 0x60,
    0x00, 0x00, 0x2F, 0xFF, 0xFF, 0xB0, 0x00, 0x4F, 0xFF, 0xFF, 0x60, 0x00, 0x00, 0x2F, 0xFF, 0xFF, 0xB0, 0x00, 0x4F, 0xFF, 0xFF, 0x60, 0x00, 0x00,
    0x7F, 0xFF, 0xFF, 0x90, 0x00, 0x4F, 0xFF, 0xFF, 0x60, 0x00, 0x27, 0xFF, 0xFF, 0xFF, 0x50, 0x00, 0x4F, 0xFF, 0xFF, 0xFF, 0xFF, 0xFF, 0xFF, 0xFF,
    0xFD, 0x00, 0x00, 0x4F, 0xFF, 0xFF, 0xFF, 0xFF, 0xFF, 0xFF, 0xFF, 0xF3, 0x00, 0x00, 0x4F, 0xFF, 0xFF, 0xFF, 0xFF, 0xFF, 0xFF, 0xFD, 0x30, 0x00,
    0x00, 0x4F, 0xFF, 0xFF, 0xFF, 0xFF, 0xFE, 0xC9, 0x40, 0x00, 0x00, 0x00, 0x4F, 0xFF, 0xFF, 0x60, 0x00, 0x00, 0x00, 0x00, 0x00, 0x00, 0x00, 0x4F,
    0xFF, 0xFF, 0x60, 0x00, 0x00, 0x00, 0x00, 0x00, 0x00, 0x00, 0x4F, 0xFF, 0xFF, 0x60, 0x00, 0x00, 0x00, 0x00, 0x00, 0x00, 0x00, 0x4F, 0xFF, 0xFF,
    0x60, 0x00, 0x00, 0x00, 0x00, 0x00, 0x00, 0x00, 0x4F, 0xFF, 0xFF, 0x60, 0x00, 0x00, 0x00, 0x00, 0x00, 0x00, 0x00, 0x4F, 0xFF, 0xFF, 0x60, 0x00,
    0x00, 0x00, 0x00, 0x00, 0x00, 0x00, 0x4F, 0xFF, 0xFF, 0x60, 0x00, 0x00, 0x00, 0x00, 0x00, 0x00, 0x00, 0x4F, 0xFF, 0xFF, 0x60, 0x00, 0x00, 0x00,
    0x00, 0x00, 0x00, 0x00, 0x00, 0x00, 0x00, 0x6A, 0xDE, 0xFF, 0xDC, 0x83, 0x00, 0x00, 0x00, 0x00, 0x00, 0x00, 0x00, 0x8F, 0xFF, 0xFF, 0xFF, 0xFF,
    0xFF, 0xC4, 0x00, 0x00, 0x00, 0x00, 0x00, 0x2D, 0xFF, 0xFF, 0xFF, 0xFF, 0xFF, 0xFF, 0xFF, 0x80, 0x00, 0x00, 0x00, 0x01, 0xEF, 0xFF, 0xFF, 0xFF,
    0xFF, 0xFF, 0xFF, 0xFF, 0xF8, 0x00, 0x00, 0x00, 0x0C, 0xFF, 0xFF, 0xFF, 0x72, 0x01, 0x4B, 0xFF, 0xFF, 0xFF, 0x40, 0x00, 0x00, 0x4F, 0xFF, 0xFF,
    0xE2, 0x00, 0x00, 0x00, 0x9F, 0xFF, 0xFF, 0xD0, 0x00, 0x00, 0xCF, 0xFF, 0xFF, 0x50, 0x00, 0x00, 0x00, 0x0D, 0xFF, 0xFF, 0xF4, 0x00, 0x00, 0xFF,
    0xFF, 0xFE, 0x00, 0x00, 0x00, 0x00, 0x06, 0xFF, 0xFF, 0xF8, 0x00, 0x04, 0xFF, 0xFF, 0xF9, 0x00, 0x00, 0x00, 0x00, 0x01, 0xFF, 0xFF, 0xFC, 0x00,
    0x06, 0xFF, 0xFF, 0xF6, 0x00, 0x00, 0x00, 0x00, 0x00, 0xEF, 0xFF, 0xFE, 0x00, 0x07, 0xFF, 0xFF, 0xF5, 0x00, 0x00, 0x00, 0x00, 0x00, 0xDF, 0xFF,
    0xFF, 0x00, 0x07, 0xFF, 0xFF, 0xF5, 0x00, 0x00, 0x00, 0x00, 0x00, 0xDF, 0xFF, 0xFF, 0x00, 0x06, 0xFF, 0xFF, 0xF6, 0x00, 0x00, 0x00, 0x00, 0x00,
    0xEF, 0xFF, 0xFE, 0x00, 0x04, 0xFF, 0xFF, 0xF9, 0x00, 0x00, 0x00, 0x00, 0x01, 0xFF, 0xFF, 0xFC, 0x00, 0x00, 0xFF, 0xFF, 0xFD, 0x00, 0x00, 0x00,
    0x00, 0x06, 0xFF, 0xFF, 0xF8, 0x00, 0x00, 0xCF, 0xFF, 0xFF, 0x40, 0x00, 0x00, 0x00, 0x0D, 0xFF, 0xFF, 0xF3, 0x00, 0x00, 0x5F, 0xFF, 0xFF, 0xE2,
    0x00, 0x00, 0x00, 0x9F, 0xFF, 0xFF, 0xC0, 0x00, 0x00, 0x0C, 0xFF, 0xFF, 0xFE, 0x72, 0x01, 0x4B, 0xFF, 0xFF, 0xFF, 0x30, 0x00, 0x00, 0x01, 0xEF,
    0xFF, 0xFF, 0xFF, 0xFF, 0xFF, 0xFF, 0xFF, 0xF6, 0x00, 0x00, 0x00, 0x00, 0x2D, 0xFF, 0xFF, 0xFF, 0xFF, 0xFF, 0xFF, 0xFF, 0x60, 0x00, 0x00, 0x00,
    0x00, 0x00, 0x8F, 0xFF, 0xFF, 0xFF, 0xFF, 0xFF, 0xC3, 0x00, 0x00, 0x00, 0x00, 0x00, 0x00, 0x00, 0x59, 0xDE, 0xFF, 0xFF, 0xFF, 0x40, 0x00, 0x00,
    0x00, 0x00, 0x00, 0x00, 0x00, 0x00, 0x00, 0x03, 0xFF, 0xFF, 0xF3, 0x00, 0x00, 0x00, 0x00, 0x00, 0x00, 0x00, 0x00, 0x00, 0x00, 0x5F, 0xFF, 0xFE,
    0x20, 0x00, 0x00, 0x00, 0x00, 0x00, 0x00, 0x00, 0x00, 0x00, 0x06, 0xFF, 0xFF, 0xD1, 0x00, 0x00, 0x00, 0x00, 0x00, 0x00, 0x00, 0x00, 0x00, 0x00,
    0x8F, 0xFF, 0xFC, 0x00, 0x00, 0x00, 0x4F, 0xFF, 0xFF, 0xFF, 0xFF, 0xFE, 0xB7, 0x20, 0x00, 0x00, 0x00, 0x04, 0xFF, 0xFF, 0xFF, 0xFF, 0xFF, 0xFF,
    0xFF, 0x90, 0x00, 0x00, 0x00, 0x4F, 0xFF, 0xFF, 0xFF, 0xFF, 0xFF, 0xFF, 0xFF, 0xA0, 0x00, 0x00, 0x04, 0xFF, 0xFF, 0xFF, 0xFF, 0xFF, 0xFF, 0xFF,
    0xFF, 0x30, 0x00, 0x00, 0x4F, 0xFF, 0xFF, 0x60, 0x00, 0x4D, 0xFF, 0xFF, 0xF8, 0x00, 0x00, 0x04, 0xFF, 0xFF, 0xF6, 0x00, 0x00, 0x3F, 0xFF, 0xFF,
    0xA0, 0x00, 0x00, 0x4F, 0xFF, 0xFF, 0x60, 0x00, 0x00, 0xFF, 0xFF, 0xFB, 0x00, 0x00, 0x04, 0xFF, 0xFF, 0xF6, 0x00, 0x00, 0x0F, 0xFF, 0xFF, 0x90,
    0x00, 0x00, 0x4F, 0xFF, 0xFF, 0x60, 0x00, 0x03, 0xFF, 0xFF, 0xF5, 0x00, 0x00, 0x04, 0xFF, 0xFF, 0xF6, 0x00, 0x04, 0xDF, 0xFF, 0xFD, 0x00, 0x00,
    0x00, 0x4F, 0xFF, 0xFF, 0xFF, 0xFF, 0xFF, 0xFF, 0xFE, 0x20, 0x00, 0x00, 0x04, 0xFF, 0xFF, 0xFF, 0xFF, 0xFF, 0xFF, 0xF9, 0x10, 0x00, 0x00, 0x00,
    0x4F, 0xFF, 0xFF, 0xFF, 0xFF, 0xFF, 0xFF, 0x90, 0x00, 0x00, 0x00, 0x04, 0xFF, 0xFF, 0xFF, 0xFF, 0xFF, 0xFF, 0xFF, 0xC0, 0x00, 0x00, 0x00, 0x4F,
    0xFF, 0xFF, 0x60, 0x14, 0xCF, 0xFF, 0xFF, 0x90, 0x00, 0x00, 0x04, 0xFF, 0xFF, 0xF6, 0x00, 0x01, 0xEF, 0xFF, 0xFF, 0x20, 0x00, 0x00, 0x4F, 0xFF,
    0xFF, 0x60, 0x00, 0x05, 0xFF, 0xFF, 0xFB, 0x00, 0x00, 0x04, 0xFF, 0xFF, 0xF6, 0x00, 0x00, 0x0C, 0xFF, 0xFF, 0xF3, 0x00, 0x00, 0x4F, 0xFF, 0xFF,
    0x60, 0x00, 0x00, 0x4F, 0xFF, 0xFF, 0xB0, 0x00, 0x04, 0xFF, 0xFF, 0xF6, 0x00, 0x00, 0x00, 0xCF, 0xFF, 0xFF, 0x30, 0x00, 0x4F, 0xFF, 0xFF, 0x60,
    0x00, 0x00, 0x04, 0xFF, 0xFF, 0xFB, 0x00, 0x04, 0xFF, 0xFF, 0xF6, 0x00, 0x00, 0x00, 0x0C, 0xFF, 0xFF, 0xF3, 0x00, 0x00, 0x01, 0x6B, 0xEF, 0xFF,
    0xEC, 0xA7, 0x40, 0x00, 0x00, 0x00, 0x00, 0x6F, 0xFF, 0xFF, 0xFF, 0xFF, 0xFF, 0xFF, 0x00, 0x00, 0x00, 0x07, 0xFF, 0xFF, 0xFF, 0xFF, 0xFF, 0xFF,
    0xFF, 0x00, 0x00, 0x00, 0x2F, 0xFF, 0xFF, 0xFF, 0xFF, 0xFF, 0xFF, 0xFF, 0x00, 0x00, 0x00, 0x8F, 0xFF, 0xFF, 0x72, 0x00, 0x14, 0x8E, 0xFF, 0x00,
    0x00, 0x00, 0xBF, 0xFF, 0xF8, 0x00, 0x00, 0x00, 0x00, 0x4B, 0x00, 0x00, 0x00, 0xDF, 0xFF, 0xF5, 0x00, 0x00, 0x00, 0x00, 0x00, 0x00, 0x00, 0x00,
    0xCF, 0xFF, 0xFA, 0x00, 0x00, 0x00, 0x00, 0x00, 0x00, 0x00, 0x00, 0x9F, 0xFF, 0xFF, 0xD7, 0x41, 0x00, 0x00, 0x00, 0x00, 0x00, 0x00, 0x3F, 0xFF,
    0xFF, 0xFF, 0xFF, 0xEA, 0x61, 0x00, 0x00, 0x00, 0x00, 0x08, 0xFF, 0xFF, 0xFF, 0xFF, 0xFF, 0xFF, 0x91, 0x00, 0x00, 0x00, 0x00, 0x7F, 0xFF, 0xFF,
    0xFF, 0xFF, 0xFF, 0xFE, 0x20, 0x00, 0x00, 0x00, 0x01, 0x7C, 0xFF, 0xFF, 0xFF, 0xFF, 0xFF, 0xC0, 0x00, 0x00, 0x00, 0x00, 0x00, 0x03, 0x6A, 0xEF,
    0xFF, 0xFF, 0xF2, 0x00, 0x00, 0x00, 0x00, 0x00, 0x00, 0x00, 0x0A, 0xFF, 0xFF, 0xF5, 0x00, 0x00, 0x00, 0x00, 0x00, 0x00, 0x00, 0x01, 0xFF, 0xFF,
    0xF6, 0x00, 0x00, 0x98, 0x10, 0x00, 0x00, 0x00, 0x03, 0xFF, 0xFF, 0xF4, 0x00, 0x00, 0xAF, 0xFC, 0x74, 0x10, 0x01, 0x6E, 0xFF, 0xFF, 0xF1, 0x00,
    0x00, 0xAF, 0xFF, 0xFF, 0xFF, 0xFF, 0xFF, 0xFF, 0xFF, 0xB0, 0x00, 0x00, 0xAF, 0xFF, 0xFF, 0xFF, 0xFF, 0xFF, 0xFF, 0xFE, 0x20, 0x00, 0x00, 0x6D,
    0xFF, 0xFF, 0xFF, 0xFF, 0xFF, 0xFF, 0xC2, 0x00, 0x00, 0x00, 0x00, 0x26, 0x9C, 0xEF, 0xFF, 0xEC, 0x94, 0x00, 0x00, 0x00, 0xDF, 0xFF, 0xFF, 0xFF,
    0xFF, 0xFF, 0xFF, 0xFF, 0xFF, 0xFF, 0x4D, 0xFF, 0xFF, 0xFF, 0xFF, 0xFF, 0xFF, 0xFF, 0xFF, 0xFF, 0xF4, 0xDF, 0xFF, 0xFF, 0xFF, 0xFF, 0xFF, 0xFF,
    0xFF, 0xFF, 0xFF, 0x4D, 0xFF, 0xFF, 0xFF, 0xFF, 0xFF, 0xFF, 0xFF, 0xFF, 0xFF, 0xF4, 0x00, 0x00, 0x00, 0x09, 0xFF, 0xFF, 0xF0, 0x00, 0x00, 0x00,
    0x00, 0x00, 0x00, 0x00, 0x9F, 0xFF, 0xFF, 0x00, 0x00, 0x00, 0x00, 0x00, 0x00, 0x00, 0x09, 0xFF, 0xFF, 0xF0, 0x00, 0x00, 0x00, 0x00, 0x00, 0x00,
    0x00, 0x9F, 0xFF, 0xFF, 0x00, 0x00, 0x00, 0x00, 0x00, 0x00, 0x00, 0x09, 0xFF, 0xFF, 0xF0, 0x00, 0x00, 0x00, 0x00, 0x00, 0x00, 0x00, 0x9F, 0xFF,
    0xFF, 0x00, 0x00, 0x00, 0x00, 0x00, 0x00, 0x00, 0x09, 0xFF, 0xFF, 0xF0, 0x00, 0x00, 0x00, 0x00, 0x00, 0x00, 0x00, 0x9F, 0xFF, 0xFF, 0x00, 0x00,
    0x00, 0x00, 0x00, 0x00, 0x00, 0x09, 0xFF, 0xFF, 0xF0, 0x00, 0x00, 0x00, 0x00, 0x00, 0x00, 0x00, 0x9F, 0xFF, 0xFF, 0x00, 0x00, 0x00, 0x00, 0x00,
    0x00, 0x00, 0x09, 0xFF, 0xFF, 0xF0, 0x00, 0x00, 0x00, 0x00, 0x00, 0x00, 0x00, 0x9F, 0xFF, 0xFF, 0x00, 0x00, 0x00, 0x00, 0x00, 0x00, 0x00, 0x09,
    0xFF, 0xFF, 0xF0, 0x00, 0x00, 0x00, 0x00, 0x00, 0x00, 0x00, 0x9F, 0xFF, 0xFF, 0x00, 0x00, 0x00, 0x00, 0x00, 0x00, 0x00, 0x09, 0xFF, 0xFF, 0xF0,
    0x00, 0x00, 0x00, 0x00, 0x00, 0x00, 0x00, 0x9F, 0xFF, 0xFF, 0x00, 0x00, 0x00, 0x00, 0x00, 0x00, 0x00, 0x09, 0xFF, 0xFF, 0xF0, 0x00, 0x00, 0x00,
    0x00, 0x00, 0x00, 0x00, 0x9F, 0xFF, 0xFF, 0x00, 0x00, 0x00, 0x00, 0x00, 0x4F, 0xFF, 0xFF, 0x60, 0x00, 0x00, 0x00, 0xFF, 0xFF, 0xF9, 0x00, 0x00,
    0x4F, 0xFF, 0xFF, 0x60, 0x00, 0x00, 0x00, 0xFF, 0xFF, 0xF9, 0x00, 0x00, 0x4F, 0xFF, 0xFF, 0x60, 0x00, 0x00, 0x00, 0xFF, 0xFF, 0xF9, 0x00, 0x00,
    0x4F, 0xFF, 0xFF, 0x60, 0x00, 0x00, 0x00, 0xFF, 0xFF, 0xF9, 0x00, 0x00, 0x4F, 0xFF, 0xFF, 0x60, 0x00, 0x00, 0x00, 0xFF, 0xFF, 0xF9, 0x00, 0x00,
    0x4F, 0xFF, 0xFF, 0x60, 0x00, 0x00, 0x00, 0xFF, 0xFF, 0xF9, 0x00, 0x00, 0x4F, 0xFF, 0xFF, 0x60, 0x00, 0x00, 0x00, 0xFF, 0xFF, 0xF9, 0x00, 0x00,
    0x4F, 0xFF, 0xFF, 0x60, 0x00, 0x00, 0x00, 0xFF, 0xFF, 0xF9, 0x00, 0x00, 0x4F, 0xFF, 0xFF, 0x60, 0x00, 0x00, 0x00, 0xFF, 0xFF, 0xF9, 0x00, 0x00,
    0x4F, 0xFF, 0xFF, 0x60, 0x00, 0x00, 0x00, 0xFF, 0xFF, 0xF9, 0x00, 0x00, 0x4F, 0xFF, 0xFF, 0x60, 0x00, 0x00, 0x00, 0xFF, 0xFF, 0xF9, 0x00, 0x00,
    0x4F, 0xFF, 0xFF, 0x60, 0x00, 0x00, 0x00, 0xFF, 0xFF, 0xF9, 0x00, 0x00, 0x4F, 0xFF, 0xFF, 0x60, 0x00, 0x00, 0x00, 0xFF, 0xFF, 0xF9, 0x00, 0x00,
    0x3F, 0xFF, 0xFF, 0x60, 0x00, 0x00, 0x00, 0xFF, 0xFF, 0xF9, 0x00, 0x00, 0x2F, 0xFF, 0xFF, 0x70, 0x00, 0x00, 0x02, 0xFF, 0xFF, 0xF8, 0x00, 0x00,
    0x0F, 0xFF, 0xFF, 0xA0, 0x00, 0x00, 0x05, 0xFF, 0xFF, 0xF5, 0x00, 0x00, 0x0C, 0xFF, 0xFF, 0xF1, 0x00, 0x00, 0x0B, 0xFF, 0xFF, 0xF2, 0x00, 0x00,
    0x06, 0xFF, 0xFF, 0xFD, 0x40, 0x02, 0xAF, 0xFF, 0xFF, 0xC0, 0x00, 0x00, 0x00, 0xEF, 0xFF, 0xFF, 0xFF, 0xFF, 0xFF, 0xFF, 0xFF, 0x40, 0x00, 0x00,
    0x00, 0x3F, 0xFF, 0xFF, 0xFF, 0xFF, 0xFF, 0xFF, 0xF7, 0x00, 0x00, 0x00, 0x00, 0x02, 0xCF, 0xFF, 0xFF, 0xFF, 0xFF, 0xFE, 0x50, 0x00, 0x00, 0x00,
    0x00, 0x00, 0x03, 0x8C, 0xEF, 0xFE, 0xDA, 0x50, 0x00, 0x00, 0x00, 0xAF, 0xFF, 0xFF, 0x00, 0x00, 0x00, 0x00, 0x00, 0x0C, 0xFF, 0xFF, 0xE0, 0x4F,
    0xFF, 0xFF, 0x50, 0x00, 0x00, 0x00, 0x00, 0x2F, 0xFF, 0xFF, 0x80, 0x0E, 0xFF, 0xFF, 0xB0, 0x00, 0x00, 0x00, 0x00, 0x7F, 0xFF, 0xFF, 0x20, 0x09,
    0xFF, 0xFF, 0xF1, 0x00, 0x00, 0x00, 0x00, 0xDF, 0xFF, 0xFC, 0x00, 0x03, 0xFF, 0xFF, 0xF6, 0x00, 0x00, 0x00, 0x03, 0xFF, 0xFF, 0xF6, 0x00, 0x00,
    0xDF, 0xFF, 0xFC, 0x00, 0x00, 0x00, 0x08, 0xFF, 0xFF, 0xF1, 0x00, 0x00, 0x7F, 0xFF, 0xFF, 0x20, 0x00, 0x00, 0x0E, 0xFF, 0xFF, 0xA0, 0x00, 0x00,
    0x1F, 0xFF, 0xFF, 0x70, 0x00, 0x00, 0x4F, 0xFF, 0xFF, 0x50, 0x00, 0x00, 0x0B, 0xFF, 0xFF, 0xD0, 0x00, 0x00, 0xAF, 0xFF, 0xFE, 0x00, 0x00, 0x00,
    0x05, 0xFF, 0xFF, 0xF3, 0x00, 0x00, 0xFF, 0xFF, 0xF9, 0x00, 0x00, 0x00, 0x00, 0xFF, 0xFF, 0xF8, 0x00, 0x05, 0xFF, 0xFF, 0xF3, 0x00, 0x00, 0x00,
    0x00, 0x9F, 0xFF, 0xFE, 0x00, 0x0B, 0xFF, 0xFF, 0xD0, 0x00, 0x00, 0x00, 0x00, 0x4F, 0xFF, 0xFF, 0x40, 0x1F, 0xFF, 0xFF, 0x70, 0x00, 0x00, 0x00,
    0x00, 0x0E, 0xFF, 0xFF, 0xA0, 0x6F, 0xFF, 0xFF, 0x10, 0x00, 0x00, 0x00, 0x00, 0x08, 0xFF, 0xFF, 0xF0, 0xCF, 0xFF, 0xFB, 0x00, 0x00, 0x00, 0x00,
    0x00, 0x02, 0xFF, 0xFF, 0xF7, 0xFF, 0xFF, 0xF5, 0x00, 0x00, 0x00, 0x00, 0x00, 0x00, 0xCF, 0xFF, 0xFF, 0xFF, 0xFF, 0xF0, 0x00, 0x00, 0x00, 0x00,
    0x00, 0x00, 0x6F, 0xFF, 0xFF, 0xFF, 0xFF, 0xA0, 0x00, 0x00, 0x00, 0x00, 0x00, 0x00, 0x1F, 0xFF, 0xFF, 0xFF, 0xFF, 0x40, 0x00, 0x00, 0x00, 0x00,
    0x00, 0x00, 0x0A, 0xFF, 0xFF, 0xFF, 0xFE, 0x00, 0x00, 0x00, 0x00, 0x00, 0x00, 0x00, 0x04, 0xFF, 0xFF, 0xFF, 0xF8, 0x00, 0x00, 0x00, 0x00, 0x00,
    0x00, 0x00, 0x00, 0xEF, 0xFF, 0xFF, 0xF2, 0x00, 0x00, 0x00, 0x00, 0x0F, 0xFF, 0xFF, 0x60, 0x00, 0x00, 0x04, 0xFF, 0xFF, 0xF6, 0x00, 0x00, 0x00,
    0x5F, 0xFF, 0xFF, 0x00, 0xCF, 0xFF, 0xFA, 0x00, 0x00, 0x00, 0x8F, 0xFF, 0xFF, 0x90, 0x00, 0x00, 0x08, 0xFF, 0xFF, 0xC0, 0x08, 0xFF, 0xFF, 0xE0,
    0x00, 0x00, 0x0C, 0xFF, 0xFF, 0xFD, 0x00, 0x00, 0x00, 0xCF, 0xFF, 0xF9, 0x00, 0x4F, 0xFF, 0xFF, 0x10, 0x00, 0x00, 0xFF, 0xFF, 0xFF, 0xF1, 0x00,
    0x00, 0x0F, 0xFF, 0xFF, 0x50, 0x00, 0xFF, 0xFF, 0xF5, 0x00, 0x00, 0x3F, 0xFF, 0xFF, 0xFF, 0x50, 0x00, 0x04, 0xFF, 0xFF, 0xF1, 0x00, 0x0C, 0xFF,
    0xFF, 0x90, 0x00, 0x07, 0xFF, 0xFE, 0xFF, 0xF8, 0x00, 0x00, 0x8F, 0xFF, 0xFD, 0x00, 0x00, 0x9F, 0xFF, 0xFD, 0x00, 0x00, 0xBF, 0xFF, 0x6F, 0xFF,
    0xC0, 0x00, 0x0B, 0xFF, 0xFF, 0xA0, 0x00, 0x05, 0xFF, 0xFF, 0xF1, 0x00, 0x0E, 0xFF, 0xF0, 0xEF, 0xFF, 0x00, 0x00, 0xFF, 0xFF, 0xF6, 0x00, 0x00,
    0x1F, 0xFF, 0xFF, 0x40, 0x02, 0xFF, 0xFC, 0x0B, 0xFF, 0xF4, 0x00, 0x3F, 0xFF, 0xFF, 0x20, 0x00, 0x00, 0xDF, 0xFF, 0xF8, 0x00, 0x6F, 0xFF, 0x80,
    0x7F, 0xFF, 0x70, 0x07, 0xFF, 0xFF, 0xE0, 0x00, 0x00, 0x0A, 0xFF, 0xFF, 0xC0, 0x0A, 0xFF, 0xF4, 0x03, 0xFF, 0xFB, 0x00, 0xBF, 0xFF, 0xFB, 0x00,
    0x00, 0x00, 0x6F, 0xFF, 0xFF, 0x00, 0xDF, 0xFF, 0x10, 0x0F, 0xFF, 0xF0, 0x0E, 0xFF, 0xFF, 0x70, 0x00, 0x00, 0x02, 0xFF, 0xFF, 0xF4, 0x1F, 0xFF,
    0xD0, 0x00, 0xCF, 0xFF, 0x32, 0xFF, 0xFF, 0xF3, 0x00, 0x00, 0x00, 0x0E, 0xFF, 0xFF, 0x75, 0xFF, 0xF9, 0x00, 0x08, 0xFF, 0xF6, 0x6F, 0xFF, 0xFF,
    0x00, 0x00, 0x00, 0x00, 0xAF, 0xFF, 0xFB, 0x9F, 0xFF, 0x50, 0x00, 0x4F, 0xFF, 0xAA, 0xFF, 0xFF, 0xC0, 0x00, 0x00, 0x00, 0x07, 0xFF, 0xFF, 0xFD,
    0xFF, 0xF1, 0x00, 0x00, 0xFF, 0xFE, 0xDF, 0xFF, 0xF8, 0x00, 0x00, 0x00, 0x00, 0x3F, 0xFF, 0xFF, 0xFF, 0xFE, 0x00, 0x00, 0x0C, 0xFF, 0xFF, 0xFF,
    0xFF, 0x40, 0x00, 0x00, 0x00, 0x00, 0xFF, 0xFF, 0xFF, 0xFF, 0xA0, 0x00, 0x00, 0x9F, 0xFF, 0xFF, 0xFF, 0xF0, 0x00, 0x00, 0x00, 0x00, 0x0B, 0xFF,
    0xFF, 0xFF, 0xF6, 0x00, 0x00, 0x05, 0xFF, 0xFF, 0xFF, 0xFD, 0x00, 0x00, 0x00, 0x00, 0x00, 0x8F, 0xFF, 0xFF, 0xFF, 0x20, 0x00, 0x00, 0x1F, 0xFF,
    0xFF, 0xFF, 0x90, 0x00, 0x00, 0x00, 0x00, 0x04, 0xFF, 0xFF, 0xFF, 0xF0, 0x00, 0x00, 0x00, 0xDF, 0xFF, 0xFF, 0xF5, 0x00, 0x00, 0x00, 0x00, 0x00,
    0x0F, 0xFF, 0xFF, 0xFB, 0x00, 0x00, 0x00, 0x09, 0xFF, 0xFF, 0xFF, 0x10, 0x00, 0x00, 0x0C, 0xFF, 0xFF, 0xF2, 0x00, 0x00, 0x00, 0x01, 0xEF, 0xFF,
    0xFD, 0x00, 0x2F, 0xFF, 0xFF, 0xC0, 0x00, 0x00, 0x00, 0xBF, 0xFF, 0xFF, 0x30, 0x00, 0x7F, 0xFF, 0xFF, 0x70, 0x00, 0x00, 0x5F, 0xFF, 0xFF, 0x80,
    0x00, 0x00, 0xCF, 0xFF, 0xFF, 0x20, 0x00, 0x1E, 0xFF, 0xFF, 0xD0, 0x00, 0x00, 0x02, 0xFF, 0xFF, 0xFC, 0x00, 0x0B, 0xFF, 0xFF, 0xF3, 0x00, 0x00,
    0x00, 0x06, 0xFF, 0xFF, 0xF7, 0x06, 0xFF, 0xFF, 0xF8, 0x00, 0x00, 0x00, 0x00, 0x0B, 0xFF, 0xFF, 0xF4, 0xFF, 0xFF, 0xFC, 0x00, 0x00, 0x00, 0x00,
    0x00, 0x1F, 0xFF, 0xFF, 0xFF, 0xFF, 0xFF, 0x20, 0x00, 0x00, 0x00, 0x00, 0x00, 0x6F, 0xFF, 0xFF, 0xFF, 0xFF, 0x70, 0x00, 0x00, 0x00, 0x00, 0x00,
    0x00, 0xBF, 0xFF, 0xFF, 0xFF, 0xC0, 0x00, 0x00, 0x00, 0x00, 0x00, 0x00, 0x01, 0xFF, 0xFF, 0xFF, 0xF2, 0x00, 0x00, 0x00, 0x00, 0x00, 0x00, 0x00,
    0x5F, 0xFF, 0xFF, 0xFF, 0x60, 0x00, 0x00, 0x00, 0x00, 0x00, 0x00, 0x1E, 0xFF, 0xFF, 0xFF, 0xFF, 0x20, 0x00, 0x00, 0x00, 0x00, 0x00, 0x0A, 0xFF,
    0xFF, 0xFF, 0xFF, 0xFC, 0x00, 0x00, 0x00, 0x00, 0x00, 0x05, 0xFF, 0xFF, 0xFD, 0xFF, 0xFF, 0xF7, 0x00, 0x00, 0x00, 0x00, 0x01, 0xEF, 0xFF, 0xFD,
    0x0C, 0xFF, 0xFF, 0xF2, 0x00, 0x00, 0x00, 0x00, 0xBF, 0xFF, 0xFF, 0x30, 0x2F, 0xFF, 0xFF, 0xC0, 0x00, 0x00, 0x00, 0x6F, 0xFF, 0xFF, 0x80, 0x00,
    0x6F, 0xFF, 0xFF, 0x70, 0x00, 0x00, 0x1F, 0xFF, 0xFF, 0xD0, 0x00, 0x00, 0xBF, 0xFF, 0xFF, 0x20, 0x00, 0x0B, 0xFF, 0xFF, 0xF3, 0x00, 0x00, 0x01,
    0xEF, 0xFF, 0xFD, 0x00, 0x06, 0xFF, 0xFF, 0xF7, 0x00, 0x00, 0x00, 0x05, 0xFF, 0xFF, 0xF8, 0x02, 0xFF, 0xFF, 0xFC, 0x00, 0x00, 0x00, 0x00, 0x0A,
    0xFF, 0xFF, 0xF3, 0x1E, 0xFF, 0xFF, 0xF3, 0x00, 0x00, 0x00, 0x00, 0x7F, 0xFF, 0xFF, 0xB0, 0x05, 0xFF, 0xFF, 0xFC, 0x00, 0x00, 0x00, 0x02, 0xFF,
    0xFF, 0xFE, 0x10, 0x00, 0xAF, 0xFF, 0xFF, 0x70, 0x00, 0x00, 0x0B, 0xFF, 0xFF, 0xF6, 0x00, 0x00, 0x1E, 0xFF, 0xFF, 0xF2, 0x00, 0x00, 0x6F, 0xFF,
    0xFF, 0xB0, 0x00, 0x00, 0x05, 0xFF, 0xFF, 0xFB, 0x00, 0x01, 0xEF, 0xFF, 0xFF, 0x10, 0x00, 0x00, 0x00, 0xBF, 0xFF, 0xFF, 0x50, 0x0A, 0xFF, 0xFF,
    0xF6, 0x00, 0x00, 0x00, 0x00, 0x1E, 0xFF, 0xFF, 0xE1, 0x4F, 0xFF, 0xFF, 0xC0, 0x00, 0x00, 0x00, 0x00, 0x06, 0xFF, 0xFF, 0xFA, 0xEF, 0xFF, 0xFF,
    0x20, 0x00, 0x00, 0x00, 0x00, 0x00, 0xBF, 0xFF, 0xFF, 0xFF, 0xFF, 0xF7, 0x00, 0x00, 0x00, 0x00, 0x00, 0x00, 0x1F, 0xFF, 0xFF, 0xFF, 0xFF, 0xC0,
    0x00, 0x00, 0x00, 0x00, 0x00, 0x00, 0x06, 0xFF, 0xFF, 0xFF, 0xFF, 0x20, 0x00, 0x00, 0x00, 0x00, 0x00, 0x00, 0x00, 0xCF, 0xFF, 0xFF, 0xF7, 0x00,
    0x00, 0x00, 0x00, 0x00, 0x00, 0x00, 0x00, 0x2F, 0xFF, 0xFF, 0xD0, 0x00, 0x00, 0x00, 0x00, 0x00, 0x00, 0x00, 0x00, 0x0F, 0xFF, 0xFF, 0xB0, 0x00,
    0x00, 0x00, 0x00, 0x00, 0x00, 0x00, 0x00, 0x0F, 0xFF, 0xFF, 0xB0, 0x00, 0x00, 0x00, 0x00, 0x00, 0x00, 0x00, 0x00, 0x0F, 0xFF, 0xFF, 0xB0, 0x00,
    0x00, 0x00, 0x00, 0x00, 0x00, 0x00, 0x00, 0x0F, 0xFF, 0xFF, 0xB0, 0x00, 0x00, 0x00, 0x00, 0x00, 0x00, 0x00, 0x00, 0x0F, 0xFF, 0xFF, 0xB0, 0x00,
    0x00, 0x00, 0x00, 0x00, 0x00, 0x00, 0x00, 0x0F, 0xFF, 0xFF, 0xB0, 0x00, 0x00, 0x00, 0x00, 0x00, 0x00, 0x00, 0x00, 0x0F, 0xFF, 0xFF, 0xB0, 0x00,
    0x00, 0x00, 0x00, 0x00, 0x00, 0x00, 0x00, 0x0F, 0xFF, 0xFF, 0xB0, 0x00, 0x00, 0x00, 0x00, 0x00, 0x00, 0x00, 0x00, 0x0F, 0xFF, 0xFF, 0xB0, 0x00,
    0x00, 0x00, 0x00, 0x05, 0xFF, 0xFF, 0xFF, 0xFF, 0xFF, 0xFF, 0xFF, 0xFF, 0xFF, 0x10, 0x05, 0xFF, 0xFF, 0xFF, 0xFF, 0xFF, 0xFF, 0xFF, 0xFF, 0xFF,
    0x10, 0x05, 0xFF, 0xFF, 0xFF, 0xFF, 0xFF, 0xFF, 0xFF, 0xFF, 0xFF, 0x10, 0x05, 0xFF, 0xFF, 0xFF, 0xFF, 0xFF, 0xFF, 0xFF, 0xFF, 0xFE, 0x00, 0x00,
    0x00, 0x00, 0x00, 0x00, 0x00, 0x5F, 0xFF, 0xFF, 0xF4, 0x00, 0x00, 0x00, 0x00, 0x00, 0x00, 0x02, 0xFF, 0xFF, 0xFF, 0x60, 0x00, 0x00, 0x00, 0x00,
    0x00, 0x00, 0x1D, 0xFF, 0xFF, 0xF9, 0x00, 0x00, 0x00, 0x00, 0x00, 0x00, 0x00, 0xBF, 0xFF, 0xFF, 0xC0, 0x00, 0x00, 0x00, 0x00, 0x00, 0x00, 0x08,
    0xFF, 0xFF, 0xFE, 0x10, 0x00, 0x00, 0x00, 0x00, 0x00, 0x00, 0x5F, 0xFF, 0xFF, 0xF3, 0x00, 0x00, 0x00, 0x00, 0x00, 0x00, 0x03, 0xFF, 0xFF, 0xFF,
    0x60, 0x00, 0x00, 0x00, 0x00, 0x00, 0x00, 0x1E, 0xFF, 0xFF, 0xF9, 0x00, 0x00, 0x00, 0x00, 0x00, 0x00, 0x00, 0xCF, 0xFF, 0xFF, 0xC0, 0x00, 0x00,
    0x00, 0x00, 0x00, 0x00, 0x09, 0xFF, 0xFF, 0xFE, 0x10, 0x00, 0x00, 0x00, 0x00, 0x00, 0x00, 0x6F, 0xFF, 0xFF, 0xF3, 0x00, 0x00, 0x00, 0x00, 0x00,
    0x00, 0x03, 0xFF, 0xFF, 0xFF, 0x50, 0x00, 0x00, 0x00, 0x00, 0x00, 0x00, 0x1E, 0xFF, 0xFF, 0xF8, 0x00, 0x00, 0x00, 0x00, 0x00, 0x00, 0x00, 0xCF,
    0xFF, 0xFF, 0xB0, 0x00, 0x00, 0x00, 0x00, 0x00, 0x00, 0x08, 0xFF, 0xFF, 0xFF, 0xFF, 0xFF, 0xFF, 0xFF, 0xFF, 0xFF, 0x60, 0x0A, 0xFF, 0xFF, 0xFF,
    0xFF, 0xFF, 0xFF, 0xFF, 0xFF, 0xFF, 0x60, 0x0A, 0xFF, 0xFF, 0xFF, 0xFF, 0xFF, 0xFF, 0xFF, 0xFF, 0xFF, 0x60, 0x0A, 0xFF, 0xFF, 0xFF, 0xFF, 0xFF,
    0xFF, 0xFF, 0xFF, 0xFF, 0x60, 0x00, 0x6F, 0xFF, 0xFF, 0xFF, 0xFA, 0x00, 0x00, 0x6F, 0xFF, 0xFF, 0xFF, 0xFA, 0x00, 0x00, 0x6F, 0xFF, 0xFF, 0xFF,
    0xFA, 0x00, 0x00, 0x6F, 0xFF, 0xF9, 0x00, 0x00, 0x00, 0x00, 0x6F, 0xFF, 0xF9, 0x00, 0x00, 0x00, 0x00, 0x6F, 0xFF, 0xF9, 0x00, 0x00, 0x00, 0x00,
    0x6F, 0xFF, 0xF9, 0x00, 0x00, 0x00, 0x00, 0x6F, 0xFF, 0xF9, 0x00, 0x00, 0x00, 0x00, 0x6F, 0xFF, 0xF9, 0x00, 0x00, 0x00, 0x00, 0x6F, 0xFF, 0xF9,
    0x00, 0x00, 0x00, 0x00, 0x6F, 0xFF, 0xF9, 0x00, 0x00, 0x00, 0x00, 0x6F, 0xFF, 0xF9, 0x00, 0x00, 0x00, 0x00, 0x6F, 0xFF, 0xF9, 0x00, 0x00, 0x00,
    0x00, 0x6F, 0xFF, 0xF9, 0x00, 0x00, 0x00, 0x00, 0x6F, 0xFF, 0xF9, 0x00, 0x00, 0x00, 0x00, 0x6F, 0xFF, 0xF9, 0x00, 0x00, 0x00, 0x00, 0x6F, 0xFF,
    0xF9, 0x00, 0x00, 0x00, 0x00, 0x6F, 0xFF, 0xF9, 0x00, 0x00, 0x00, 0x00, 0x6F, 0xFF, 0xF9, 0x00, 0x00, 0x00, 0x00, 0x6F, 0xFF, 0xF9, 0x00, 0x00,
    0x00, 0x00, 0x6F, 0xFF, 0xF9, 0x00, 0x00, 0x00, 0x00, 0x6F, 0xFF, 0xF9, 0x00, 0x00, 0x00, 0x00, 0x6F, 0xFF, 0xF9, 0x00, 0x00, 0x00, 0x00, 0x6F,
    0xFF, 0xF9, 0x00, 0x00, 0x00, 0x00, 0x6F, 0xFF, 0xFF, 0xFF, 0xFA, 0x00, 0x00, 0x6F, 0xFF, 0xFF, 0xFF, 0xFA, 0x00, 0x00, 0x6F, 0xFF, 0xFF, 0xFF,
    0xFA, 0x00, 0xDF, 0xF6, 0x00, 0x00, 0x00, 0x08, 0xFF, 0xB0, 0x00, 0x00, 0x00, 0x3F, 0xFF, 0x00, 0x00, 0x00, 0x00, 0xEF, 0xF5, 0x00, 0x00, 0x00,
    0x09, 0xFF, 0x90, 0x00, 0x00, 0x00, 0x4F, 0xFE, 0x00, 0x00, 0x00, 0x00, 0xFF, 0xF3, 0x00, 0x00, 0x00, 0x0B, 0xFF, 0x80, 0x00, 0x00, 0x00, 0x6F,
    0xFD, 0x00, 0x00, 0x00, 0x01, 0xFF, 0xF2, 0x00, 0x00, 0x00, 0x0C, 0xFF, 0x70, 0x00, 0x00, 0x00, 0x7F, 0xFC, 0x00, 0x00, 0x00, 0x02, 0xFF, 0xF1,
    0x00, 0x00, 0x00, 0x0D, 0xFF, 0x60, 0x00, 0x00, 0x00, 0x8F, 0xFB, 0x00, 0x00, 0x00, 0x03, 0xFF, 0xF0, 0x00, 0x00, 0x00, 0x0E, 0xFF, 0x50, 0x00,
    0x00, 0x00, 0x9F, 0xFA, 0x00, 0x00, 0x00, 0x04, 0xFF, 0xE0, 0x00, 0x00, 0x00, 0x0F, 0xFF, 0x40, 0x00, 0x00, 0x00, 0xAF, 0xF8, 0x00, 0x00, 0x00,
    0x06, 0xFF, 0xD0, 0x00, 0x00, 0x00, 0x1F, 0xFF, 0x20, 0x00, 0x00, 0x00, 0xCF, 0xF7, 0x00, 0x00, 0x00, 0x07, 0xFF, 0xC0, 0x00, 0xFF, 0xFF, 0xFF,
    0xFF, 0xF2, 0x00, 0x00, 0xFF, 0xFF, 0xFF, 0xFF, 0xF2, 0x00, 0x00, 0xFF, 0xFF, 0xFF, 0xFF, 0xF2, 0x00, 0x00, 0x00, 0x00, 0xDF, 0xFF, 0xF2, 0x00,
    0x00, 0x00, 0x00, 0xDF, 0xFF, 0xF2, 0x00, 0x00, 0x00, 0x00, 0xDF, 0xFF, 0xF2, 0x00, 0x00, 0x00, 0x00, 0xDF, 0xFF, 0xF2, 0x00, 0x00, 0x00, 0x00,
    0xDF, 0xFF, 0xF2, 0x00, 0x00, 0x00, 0x00, 0xDF, 0xFF, 0xF2, 0x00, 0x00, 0x00, 0x00, 0xDF, 0xFF, 0xF2, 0x00, 0x00, 0x00, 0x00, 0xDF, 0xFF, 0xF2,
    0x00, 0x00, 0x00, 0x00, 0xDF, 0xFF, 0xF2, 0x00, 0x00, 0x00, 0x00, 0xDF, 0xFF, 0xF2, 0x00, 0x00, 0x00, 0x00, 0xDF, 0xFF, 0xF2, 0x00, 0x00, 0x00,
    0x00, 0xDF, 0xFF, 0xF2, 0x00, 0x00, 0x00, 0x00, 0xDF, 0xFF, 0xF2, 0x00, 0x00, 0x00, 0x00, 0xDF, 0xFF, 0xF2, 0x00, 0x00, 0x00, 0x00, 0xDF, 0xFF,
    0xF2, 0x00, 0x00, 0x00, 0x00, 0xDF, 0xFF, 0xF2, 0x00, 0x00, 0x00, 0x00, 0xDF, 0xFF, 0xF2, 0x00, 0x00, 0x00, 0x00, 0xDF, 0xFF, 0xF2, 0x00, 0x00,
    0x00, 0x00, 0xDF, 0xFF, 0xF2, 0x00, 0x00, 0x00, 0x00, 0xDF, 0xFF, 0xF2, 0x00, 0x00, 0x00, 0x00, 0xDF, 0xFF, 0xF2, 0x00, 0x00, 0xFF, 0xFF, 0xFF,
    0xFF, 0xF2, 0x00, 0x00, 0xFF, 0xFF, 0xFF, 0xFF, 0xF2, 0x00, 0x00, 0xFF, 0xFF, 0xFF, 0xFF, 0xF2, 0x00, 0x00, 0x00, 0x00, 0x00, 0x00, 0xBF, 0xFF,
    0xC0, 0x00, 0x00, 0x00, 0x00, 0x00, 0x00, 0x00, 0x00, 0x00, 0xAF, 0xFF, 0xFF, 0xC0, 0x00, 0x00, 0x00, 0x00, 0x00, 0x00, 0x00, 0x00, 0xAF, 0xFF,
    0xFF, 0xFF, 0xC0, 0x00, 0x00, 0x00, 0x00, 0x00, 0x00, 0x00, 0x9F, 0xFF, 0xFD, 0xFF, 0xFF, 0xB0, 0x00, 0x00, 0x00, 0x00, 0x00, 0x00, 0x9F, 0xFF,
    0xF7, 0x05, 0xFF, 0xFF, 0xB0, 0x00, 0x00, 0x00, 0x00, 0x00, 0x8F, 0xFF, 0xD3, 0x00, 0x02, 0xCF, 0xFF, 0xA0, 0x00, 0x00, 0x00, 0x00, 0x8F, 0xFF,
    0x90, 0x00, 0x00, 0x00, 0x8F, 0xFF, 0xA0, 0x00, 0x00, 0x00, 0x7F, 0xFE, 0x50, 0x00, 0x00, 0x00, 0x00, 0x3E, 0xFF, 0x90, 0x00, 0x00, 0x00, 0x00,
    0x00, 0x00, 0x00, 0x00, 0x00, 0x00, 0x00, 0x00, 0x00, 0x00, 0x00, 0x00, 0x00, 0x00, 0x00, 0x00, 0x00, 0x00, 0x00, 0x00, 0x00, 0x00, 0x00, 0x00,
    0x00, 0x00, 0x00, 0x00, 0x00, 0x00, 0x00, 0x00, 0x00, 0x00, 0x00, 0x00, 0x00, 0x00, 0x00, 0x00, 0x00, 0x00, 0x00, 0x00, 0x00, 0x00, 0x00, 0x00,
    0x00, 0x00, 0x00, 0x00, 0x00, 0x00, 0x00, 0x00, 0x00, 0x00, 0x00, 0x00, 0x00, 0x00, 0x00, 0x00, 0x00, 0x00, 0x00, 0x00, 0x00, 0x00, 0x00, 0x00,
    0x00, 0x00, 0x00, 0x00, 0x00, 0x00, 0x00, 0x00, 0x00, 0x00, 0x00, 0x00, 0x00, 0x00, 0x00, 0x00, 0x00, 0x00, 0x00, 0x00, 0x00, 0x00, 0x00, 0x00,
    0x00, 0x00, 0x00, 0x00, 0x00, 0x00, 0x00, 0x00, 0x00, 0x00, 0x00, 0x00, 0x00, 0x00, 0x00, 0x00, 0x00, 0x00, 0x00, 0x00, 0x00, 0x00, 0x00, 0x00,
    0x00, 0x00, 0x00, 0x00, 0x00, 0x00, 0x00, 0x00, 0x00, 0x00, 0x00, 0x00, 0x00, 0x00, 0x00, 0x00, 0x00, 0x00, 0x00, 0x00, 0x00, 0x00, 0x00, 0x00,
    0x00, 0x00, 0x00, 0x00, 0x00, 0x00, 0x00, 0x00, 0x00, 0x00, 0x00, 0x00, 0x00, 0x00, 0x00, 0x00, 0x00, 0x00, 0x00, 0x00, 0x00, 0x00, 0x00, 0x00,
    0x00, 0x00, 0x00, 0x00, 0x00, 0x00, 0x00, 0x00, 0x00, 0x00, 0x00, 0x00, 0x00, 0x00, 0x00, 0x00, 0x00, 0x00, 0x00, 0x00, 0x00, 0x00, 0x00, 0x00,
    0x00, 0x00, 0x00, 0x00, 0x00, 0x00, 0x00, 0x00, 0x00, 0x00, 0xFF, 0xFF, 0xFF, 0xFF, 0xFF, 0xFF, 0xFF, 0xFF, 0xFF, 0xFF, 0xFF, 0xFF, 0xFF, 0xFF,
    0xFF, 0xFF, 0xFF, 0xFF, 0xFF, 0xFF, 0xFF, 0xFF, 0xF0, 0x03, 0xFF, 0xFD, 0x00, 0x00, 0x00, 0x00, 0x00, 0x04, 0xFF, 0xF8, 0x00, 0x00, 0x00, 0x00,
    0x00, 0x06, 0xFF, 0xF3, 0x00, 0x00, 0x00, 0x00, 0x00, 0x07, 0xFF, 0xD0, 0x00, 0x00, 0x00, 0x00, 0x00, 0x09, 0xFF, 0x90, 0x00, 0x00, 0x00, 0x00,
    0x00, 0x0A, 0xFF, 0x40, 0x00, 0x00, 0x00, 0x00, 0x00, 0x00, 0x00, 0x00, 0x00, 0x00, 0x00, 0x00, 0x00, 0x00, 0x00, 0x00, 0x00, 0x00, 0x00, 0x00,
    0x00, 0x00, 0x00, 0x00, 0x00, 0x00, 0x00, 0x00, 0x00, 0x00, 0x00, 0x00, 0x00, 0x00, 0x00, 0x00, 0x00, 0x00, 0x00, 0x00, 0x00, 0x00, 0x00, 0x00,
    0x00, 0x00, 0x00, 0x00, 0x00, 0x00, 0x00, 0x00, 0x00, 0x00, 0x00, 0x00, 0x00, 0x00, 0x00, 0x00, 0x00, 0x00, 0x00, 0x00, 0x00, 0x00, 0x00, 0x00,
    0x00, 0x00, 0x00, 0x00, 0x00, 0x00, 0x00, 0x00, 0x00, 0x00, 0x00, 0x00, 0x00, 0x00, 0x00, 0x00, 0x00, 0x00, 0x00, 0x00, 0x00, 0x00, 0x00, 0x00,
    0x00, 0x00, 0x00, 0x00, 0x00, 0x00, 0x00, 0x00, 0x00, 0x00, 0x00, 0x00, 0x00, 0x00, 0x00, 0x00, 0x00, 0x00, 0x00, 0x00, 0x00, 0x00, 0x00, 0x00,
    0x00, 0x00, 0x00, 0x00, 0x00, 0x00, 0x00, 0x00, 0x00, 0x00, 0x00, 0x00, 0x00, 0x00, 0x00, 0x00, 0x00, 0x00, 0x00, 0x00, 0x00, 0x00, 0x4F, 0xFF,
    0xFF, 0xFF, 0xFE, 0xC9, 0x40, 0x00, 0x00, 0x00, 0x4F, 0xFF, 0xFF, 0xFF, 0xFF, 0xFF, 0xFC, 0x10, 0x00, 0x00, 0x4F, 0xFF, 0xFF, 0xFF, 0xFF, 0xFF,
    0xFF, 0xD0, 0x00, 0x00, 0x4C, 0x84, 0x21, 0x00, 0x26, 0xFF, 0xFF, 0xF6, 0x00, 0x00, 0x00, 0x00, 0x00, 0x00, 0x00, 0x7F, 0xFF, 0xFB, 0x00, 0x00,
    0x00, 0x38, 0xCE, 0xFF, 0xFF, 0xFF, 0xFF, 0xFD, 0x00, 0x00, 0x1B, 0xFF, 0xFF, 0xFF, 0xFF, 0xFF, 0xFF, 0xFE, 0x00, 0x00, 0xCF, 0xFF, 0xFF, 0xFF,
    0xFF, 0xFF, 0xFF, 0xFE, 0x00, 0x05, 0xFF, 0xFF, 0xFA, 0x30, 0x00, 0x6F, 0xFF, 0xFE, 0x00, 0x09, 0xFF, 0xFF, 0xD0, 0x00, 0x00, 0x7F, 0xFF, 0xFE,
    0x00, 0x0A, 0xFF, 0xFF, 0x90, 0x00, 0x00, 0xBF, 0xFF, 0xFE, 0x00, 0x09, 0xFF, 0xFF, 0xC0, 0x00, 0x04, 0xFF, 0xFF, 0xFE, 0x00, 0x06, 0xFF, 0xFF,
    0xF8, 0x10, 0x5F, 0xFF, 0xFF, 0xFE, 0x00, 0x00, 0xDF, 0xFF, 0xFF, 0xFF, 0xFF, 0x9F, 0xFF, 0xFE, 0x00, 0x00, 0x2E, 0xFF, 0xFF, 0xFF, 0xF4, 0x6F,
    0xFF, 0xFE, 0x00, 0x00, 0x01, 0x8D, 0xFF, 0xD8, 0x10, 0x6F, 0xFF, 0xFE, 0x00, 0x00, 0x7F, 0xFF, 0xFC, 0x00, 0x00, 0x00, 0x00, 0x00, 0x00, 0x00,
    0x07, 0xFF, 0xFF, 0xC0, 0x00, 0x00, 0x00, 0x00, 0x00, 0x00, 0x00, 0x7F, 0xFF, 0xFC, 0x00, 0x00, 0x00, 0x00, 0x00, 0x00, 0x00, 0x07, 0xFF, 0xFF,
    0xC0, 0x00, 0x00, 0x00, 0x00, 0x00, 0x00, 0x00, 0x7F, 0xFF, 0xFC, 0x00, 0x00, 0x00, 0x00, 0x00, 0x00, 0x00, 0x07, 0xFF, 0xFF, 0xC0, 0x00, 0x00,
    0x00, 0x00, 0x00, 0x00, 0x00, 0x7F, 0xFF, 0xFC, 0x00, 0x00, 0x00, 0x00, 0x00, 0x00, 0x00, 0x07, 0xFF, 0xFF, 0xC0, 0x06, 0xCE, 0xFD, 0x92, 0x00,
    0x00, 0x00, 0x7F, 0xFF, 0xFC, 0x1C, 0xFF, 0xFF, 0xFF, 0xF6, 0x00, 0x00, 0x07, 0xFF, 0xFF, 0xCC, 0xFF, 0xFF, 0xFF, 0xFF, 0xF5, 0x00, 0x00, 0x7F,
    0xFF, 0xFF, 0xF8, 0x10, 0x4D, 0xFF, 0xFF, 0xF1, 0x00, 0x07, 0xFF, 0xFF, 0xF8, 0x00, 0x00, 0x1F, 0xFF, 0xFF, 0x70, 0x00, 0x7F, 0xFF, 0xFF, 0x10,
    0x00, 0x00, 0xAF, 0xFF, 0xFC, 0x00, 0x07, 0xFF, 0xFF, 0xE0, 0x00, 0x00, 0x06, 0xFF, 0xFF, 0xF0, 0x00, 0x7F, 0xFF, 0xFC, 0x00, 0x00, 0x00, 0x5F,
    0xFF, 0xFF, 0x10, 0x07, 0xFF, 0xFF, 0xC0, 0x00, 0x00, 0x05, 0xFF, 0xFF, 0xF1, 0x00, 0x7F, 0xFF, 0xFE, 0x00, 0x00, 0x00, 0x6F, 0xFF, 0xFF, 0x00,
    0x07, 0xFF, 0xFF, 0xF1, 0x00, 0x00, 0x0A, 0xFF, 0xFF, 0xC0, 0x00, 0x7F, 0xFF, 0xFF, 0x80, 0x00, 0x01, 0xFF, 0xFF, 0xF7, 0x00, 0x07, 0xFF, 0xFF,
    0xFF, 0x81, 0x03, 0xDF, 0xFF, 0xFF, 0x10, 0x00, 0x7F, 0xFF, 0xFC, 0xCF, 0xFF, 0xFF, 0xFF, 0xFF, 0x50, 0x00, 0x07, 0xFF, 0xFF, 0xC1, 0xCF, 0xFF,
    0xFF, 0xFF, 0x60, 0x00, 0x00, 0x7F, 0xFF, 0xFC, 0x00, 0x6C, 0xEF, 0xD9, 0x20, 0x00, 0x00, 0x00, 0x00, 0x00, 0x59, 0xDE, 0xFE, 0xDA, 0x61, 0x00,
    0x00, 0x00, 0x5E, 0xFF, 0xFF, 0xFF, 0xFF, 0xFC, 0x00, 0x00, 0x08, 0xFF, 0xFF, 0xFF, 0xFF, 0xFF, 0xFC, 0x00, 0x00, 0x6F, 0xFF, 0xFF, 0xD5, 0x10,
    0x27, 0xEC, 0x00, 0x00, 0xEF, 0xFF, 0xFC, 0x00, 0x00, 0x00, 0x18, 0x00, 0x05, 0xFF, 0xFF, 0xF3, 0x00, 0x00, 0x00, 0x00, 0x00, 0x09, 0xFF, 0xFF,
    0xE0, 0x00, 0x00, 0x00, 0x00, 0x00, 0x0A, 0xFF, 0xFF, 0xC0, 0x00, 0x00, 0x00, 0x00, 0x00, 0x0A, 0xFF, 0xFF, 0xC0, 0x00, 0x00, 0x00, 0x00, 0x00,
    0x09, 0xFF, 0xFF, 0xE0, 0x00, 0x00, 0x00, 0x00, 0x00, 0x05, 0xFF, 0xFF, 0xF3, 0x00, 0x00, 0x00, 0x00, 0x00, 0x00, 0xEF, 0xFF, 0xFC, 0x00, 0x00,
    0x00, 0x08, 0x00, 0x00, 0x6F, 0xFF, 0xFF, 0xD5, 0x10, 0x26, 0xEC, 0x00, 0x00, 0x09, 0xFF, 0xFF, 0xFF, 0xFF, 0xFF, 0xFC, 0x00, 0x00, 0x00, 0x5E,
    0xFF, 0xFF, 0xFF, 0xFF, 0xFC, 0x00, 0x00, 0x00, 0x00, 0x5A, 0xDE, 0xFE, 0xDA, 0x61, 0x00, 0x00, 0x00, 0x00, 0x00, 0x00, 0x00, 0x05, 0xFF, 0xFF,
    0xF0, 0x00, 0x00, 0x00, 0x00, 0x00, 0x00, 0x00, 0x5F, 0xFF, 0xFF, 0x00, 0x00, 0x00, 0x00, 0x00, 0x00, 0x00, 0x05, 0xFF, 0xFF, 0xF0, 0x00, 0x00,
    0x00, 0x00, 0x00, 0x00, 0x00, 0x5F, 0xFF, 0xFF, 0x00, 0x00, 0x00, 0x00, 0x00, 0x00, 0x00, 0x05, 0xFF, 0xFF, 0xF0, 0x00, 0x00, 0x00, 0x00, 0x00,
    0x00, 0x00, 0x5F, 0xFF, 0xFF, 0x00, 0x00, 0x00, 0x00, 0x00, 0x00, 0x00, 0x05, 0xFF, 0xFF, 0xF0, 0x00, 0x00, 0x00, 0x6C, 0xEF, 0xD9, 0x20, 0x5F,
    0xFF, 0xFF, 0x00, 0x00, 0x01, 0xCF, 0xFF, 0xFF, 0xFF, 0x55, 0xFF, 0xFF, 0xF0, 0x00, 0x00, 0xDF, 0xFF, 0xFF, 0xFF, 0xFF, 0x9F, 0xFF, 0xFF, 0x00,
    0x00, 0x9F, 0xFF, 0xFF, 0x81, 0x04, 0xDF, 0xFF, 0xFF, 0xF0, 0x00, 0x1F, 0xFF, 0xFF, 0x90, 0x00, 0x02, 0xFF, 0xFF, 0xFF, 0x00, 0x05, 0xFF, 0xFF,
    0xF1, 0x00, 0x00, 0x0A, 0xFF, 0xFF, 0xF0, 0x00, 0x8F, 0xFF, 0xFE, 0x00, 0x00, 0x00, 0x6F, 0xFF, 0xFF, 0x00, 0x09, 0xFF, 0xFF, 0xC0, 0x00, 0x00,
    0x05, 0xFF, 0xFF, 0xF0, 0x00, 0x9F, 0xFF, 0xFC, 0x00, 0x00, 0x00, 0x5F, 0xFF, 0xFF, 0x00, 0x08, 0xFF, 0xFF, 0xE0, 0x00, 0x00, 0x06, 0xFF, 0xFF,
    0xF0, 0x00, 0x5F, 0xFF, 0xFF, 0x10, 0x00, 0x00, 0xAF, 0xFF, 0xFF, 0x00, 0x01, 0xFF, 0xFF, 0xF9, 0x00, 0x00, 0x2F, 0xFF, 0xFF, 0xF0, 0x00, 0x09,
    0xFF, 0xFF, 0xF8, 0x10, 0x4D, 0xFF, 0xFF, 0xFF, 0x00, 0x00, 0x0D, 0xFF, 0xFF, 0xFF, 0xFF, 0xF9, 0xFF, 0xFF, 0xF0, 0x00, 0x00, 0x1C, 0xFF, 0xFF,
    0xFF, 0xF5, 0x5F, 0xFF, 0xFF, 0x00, 0x00, 0x00, 0x06, 0xCE, 0xFD, 0x92, 0x05, 0xFF, 0xFF, 0xF0, 0x00, 0x00, 0x00, 0x00, 0x6A, 0xDF, 0xFE, 0xC8,
    0x10, 0x00, 0x00, 0x00, 0x00, 0x6F, 0xFF, 0xFF, 0xFF, 0xFF, 0xF8, 0x00, 0x00, 0x00, 0x09, 0xFF, 0xFF, 0xFF, 0xFF, 0xFF, 0xFF, 0xA0, 0x00, 0x00,
    0x6F, 0xFF, 0xFF, 0x81, 0x04, 0xDF, 0xFF, 0xF7, 0x00, 0x00, 0xEF, 0xFF, 0xF9, 0x00, 0x00, 0x2F, 0xFF, 0xFF, 0x10, 0x05, 0xFF, 0xFF, 0xF1, 0x00,
    0x00, 0x0B, 0xFF, 0xFF, 0x60, 0x09, 0xFF, 0xFF, 0xC0, 0x00, 0x00, 0x09, 0xFF, 0xFF, 0xA0, 0x0A, 0xFF, 0xFF, 0xFF, 0xFF, 0xFF, 0xFF, 0xFF, 0xFF,
    0xC0, 0x0A, 0xFF, 0xFF, 0xFF, 0xFF, 0xFF, 0xFF, 0xFF, 0xFF, 0xE0, 0x09, 0xFF, 0xFF, 0xFF, 0xFF, 0xFF, 0xFF, 0xFF, 0xFF, 0xE0, 0x05, 0xFF, 0xFF,
    0xC0, 0x00, 0x00, 0x00, 0x00, 0x00, 0x00, 0x00, 0xFF, 0xFF, 0xF4, 0x00, 0x00, 0x00, 0x00, 0x3B, 0x10, 0x00, 0x7F, 0xFF, 0xFF, 0x83, 0x10, 0x14,
    0x7D, 0xFF, 0x20, 0x00, 0x09, 0xFF, 0xFF, 0xFF, 0xFF, 0xFF, 0xFF, 0xFF, 0x20, 0x00, 0x00, 0x6E, 0xFF, 0xFF, 0xFF, 0xFF, 0xFF, 0xFF, 0x20, 0x00,
    0x00, 0x00, 0x6A, 0xDE, 0xFF, 0xED, 0xB8, 0x52, 0x00, 0x00, 0x00, 0x03, 0x9D, 0xFF, 0xFF, 0xF5, 0x00, 0x00, 0x7F, 0xFF, 0xFF, 0xFF, 0xF5, 0x00,
    0x03, 0xFF, 0xFF, 0xFF, 0xFF, 0xF5, 0x00, 0x09, 0xFF, 0xFF, 0xE3, 0x00, 0x00, 0x00, 0x0C, 0xFF, 0xFF, 0x80, 0x00, 0x00, 0x00, 0x0D, 0xFF, 0xFF,
    0x60, 0x00, 0x00, 0x00, 0x0D, 0xFF, 0xFF, 0x60, 0x00, 0x00, 0x6F, 0xFF, 0xFF, 0xFF, 0xFF, 0xFF, 0xE0, 0x6F, 0xFF, 0xFF, 0xFF, 0xFF, 0xFF, 0xE0,
    0x6F, 0xFF, 0xFF, 0xFF, 0xFF, 0xFF, 0xE0, 0x00, 0x0D, 0xFF, 0xFF, 0x60, 0x00, 0x00, 0x00, 0x0D, 0xFF, 0xFF, 0x60, 0x00, 0x00, 0x00, 0x0D, 0xFF,
    0xFF, 0x60, 0x00, 0x00, 0x00, 0x0D, 0xFF, 0xFF, 0x60, 0x00, 0x00, 0x00, 0x0D, 0xFF, 0xFF, 0x60, 0x00, 0x00, 0x00, 0x0D, 0xFF, 0xFF, 0x60, 0x00,
    0x00, 0x00, 0x0D, 0xFF, 0xFF, 0x60, 0x00, 0x00, 0x00, 0x0D, 0xFF, 0xFF, 0x60, 0x00, 0x00, 0x00, 0x0D, 0xFF, 0xFF, 0x60, 0x00, 0x00, 0x00, 0x0D,
    0xFF, 0xFF, 0x60, 0x00, 0x00, 0x00, 0x0D, 0xFF, 0xFF, 0x60, 0x00, 0x00, 0x00, 0x0D, 0xFF, 0xFF, 0x60, 0x00, 0x00, 0x00, 0x0D, 0xFF, 0xFF, 0x60,
    0x00, 0x00, 0x00, 0x00, 0x06, 0xBE, 0xFD, 0x92, 0x05, 0xFF, 0xFF, 0xF0, 0x00, 0x00, 0x1C, 0xFF, 0xFF, 0xFF, 0xF5, 0x5F, 0xFF, 0xFF, 0x00, 0x00,
    0x0D, 0xFF, 0xFF, 0xFF, 0xFF, 0xF9, 0xFF, 0xFF, 0xF0, 0x00, 0x08, 0xFF, 0xFF, 0xF8, 0x10, 0x4D, 0xFF, 0xFF, 0xFF, 0x00, 0x01, 0xFF, 0xFF, 0xF9,
    0x00, 0x00, 0x2F, 0xFF, 0xFF, 0xF0, 0x00, 0x5F, 0xFF, 0xFF, 0x20, 0x00, 0x00, 0xAF, 0xFF, 0xFF, 0x00, 0x08, 0xFF, 0xFF, 0xE0, 0x00, 0x00, 0x07,
    0xFF, 0xFF, 0xF0, 0x00, 0x9F, 0xFF, 0xFC, 0x00, 0x00, 0x00, 0x5F, 0xFF, 0xFF, 0x00, 0x09, 0xFF, 0xFF, 0xC0, 0x00, 0x00, 0x05, 0xFF, 0xFF, 0xF0,
    0x00, 0x8F, 0xFF, 0xFE, 0x00, 0x00, 0x00, 0x6F, 0xFF, 0xFF, 0x00, 0x05, 0xFF, 0xFF, 0xF1, 0x00, 0x00, 0x0A, 0xFF, 0xFF, 0xF0, 0x00, 0x1F, 0xFF,
    0xFF, 0x80, 0x00, 0x02, 0xFF, 0xFF, 0xFF, 0x00, 0x00, 0x8F, 0xFF, 0xFF, 0x71, 0x04, 0xDF, 0xFF, 0xFF, 0xF0, 0x00, 0x00, 0xDF, 0xFF, 0xFF, 0xFF,
    0xFF, 0x9F, 0xFF, 0xFF, 0x00, 0x00, 0x01, 0xCF, 0xFF, 0xFF, 0xFF, 0x55, 0xFF, 0xFF, 0xE0, 0x00, 0x00, 0x00, 0x6B, 0xEF, 0xD9, 0x20, 0x6F, 0xFF,
    0xFD, 0x00, 0x00, 0x00, 0x00, 0x00, 0x00, 0x00, 0x0B, 0xFF, 0xFF, 0xA0, 0x00, 0x00, 0x84, 0x00, 0x00, 0x00, 0x04, 0xFF, 0xFF, 0xF5, 0x00, 0x00,
    0x0A, 0xFB, 0x51, 0x00, 0x38, 0xFF, 0xFF, 0xFC, 0x00, 0x00, 0x00, 0xAF, 0xFF, 0xFF, 0xFF, 0xFF, 0xFF, 0xFD, 0x10, 0x00, 0x00, 0x0A, 0xFF, 0xFF,
    0xFF, 0xFF, 0xFF, 0xF9, 0x10, 0x00, 0x00, 0x00, 0x04, 0x8C, 0xDF, 0xFE, 0xDA, 0x71, 0x00, 0x00, 0x00, 0x00, 0x7F, 0xFF, 0xFC, 0x00, 0x00, 0x00,
    0x00, 0x00, 0x00, 0x00, 0x07, 0xFF, 0xFF, 0xC0, 0x00, 0x00, 0x00, 0x00, 0x00, 0x00, 0x00, 0x7F, 0xFF, 0xFC, 0x00, 0x00, 0x00, 0x00, 0x00, 0x00,
    0x00, 0x07, 0xFF, 0xFF, 0xC0, 0x00, 0x00, 0x00, 0x00, 0x00, 0x00, 0x00, 0x7F, 0xFF, 0xFC, 0x00, 0x00, 0x00, 0x00, 0x00, 0x00, 0x00, 0x07, 0xFF,
    0xFF, 0xC0, 0x00, 0x00, 0x00, 0x00, 0x00, 0x00, 0x00, 0x7F, 0xFF, 0xFC, 0x00, 0x00, 0x00, 0x00, 0x00, 0x00, 0x00, 0x07, 0xFF, 0xFF, 0xC0, 0x05,
    0xBE, 0xFE, 0xA3, 0x00, 0x00, 0x00, 0x7F, 0xFF, 0xFC, 0x0B, 0xFF, 0xFF, 0xFF, 0xF7, 0x00, 0x00, 0x07, 0xFF, 0xFF, 0xCB, 0xFF, 0xFF, 0xFF, 0xFF,
    0xF3, 0x00, 0x00, 0x7F, 0xFF, 0xFF, 0xF8, 0x10, 0x6F, 0xFF, 0xFF, 0xA0, 0x00, 0x07, 0xFF, 0xFF, 0xF9, 0x00, 0x00, 0x8F, 0xFF, 0xFE, 0x00, 0x00,
    0x7F, 0xFF, 0xFF, 0x20, 0x00, 0x05, 0xFF, 0xFF, 0xF0, 0x00, 0x07, 0xFF, 0xFF, 0xE0, 0x00, 0x00, 0x4F, 0xFF, 0xFF, 0x00, 0x00, 0x7F, 0xFF, 0xFC,
    0x00, 0x00, 0x04, 0xFF, 0xFF, 0xF0, 0x00, 0x07, 0xFF, 0xFF, 0xC0, 0x00, 0x00, 0x4F, 0xFF, 0xFF, 0x00, 0x00, 0x7F, 0xFF, 0xFC, 0x00, 0x00, 0x04,
    0xFF, 0xFF, 0xF0, 0x00, 0x07, 0xFF, 0xFF, 0xC0, 0x00, 0x00, 0x4F, 0xFF, 0xFF, 0x00, 0x00, 0x7F, 0xFF, 0xFC, 0x00, 0x00, 0x04, 0xFF, 0xFF, 0xF0,
    0x00, 0x07, 0xFF, 0xFF, 0xC0, 0x00, 0x00, 0x4F, 0xFF, 0xFF, 0x00, 0x00, 0x7F, 0xFF, 0xFC, 0x00, 0x00, 0x04, 0xFF, 0xFF, 0xF0, 0x00, 0x07, 0xFF,
    0xFF, 0xC0, 0x00, 0x00, 0x4F, 0xFF, 0xFF, 0x00, 0x00, 0x7F, 0xFF, 0xFC, 0x00, 0x00, 0x04, 0xFF, 0xFF, 0xF0, 0x00, 0x00, 0x7F, 0xFF, 0xFC, 0x00,
    0x00, 0x7F, 0xFF, 0xFC, 0x00, 0x00, 0x7F, 0xFF, 0xFC, 0x00, 0x00, 0x7F, 0xFF, 0xFC, 0x00, 0x00, 0x7F, 0xFF, 0xFC, 0x00, 0x00, 0x00, 0x00, 0x00,
    0x00, 0x00, 0x00, 0x00, 0x00, 0x00, 0x00, 0x7F, 0xFF, 0xFC, 0x00, 0x00, 0x7F, 0xFF, 0xFC, 0x00, 0x00, 0x7F, 0xFF, 0xFC, 0x00, 0x00, 0x7F, 0xFF,
    0xFC, 0x00, 0x00, 0x7F, 0xFF, 0xFC, 0x00, 0x00, 0x7F, 0xFF, 0xFC, 0x00, 0x00, 0x7F, 0xFF, 0xFC, 0x00, 0x00, 0x7F, 0xFF, 0xFC, 0x00, 0x00, 0x7F,
    0xFF, 0xFC, 0x00, 0x00, 0x7F, 0xFF, 0xFC, 0x00, 0x00, 0x7F, 0xFF, 0xFC, 0x00, 0x00, 0x7F, 0xFF, 0xFC, 0x00, 0x00, 0x7F, 0xFF, 0xFC, 0x00, 0x00,
    0x7F, 0xFF, 0xFC, 0x00, 0x00, 0x7F, 0xFF, 0xFC, 0x00, 0x00, 0x7F, 0xFF, 0xFC, 0x00, 0x00, 0x07, 0xFF, 0xFF, 0xC0, 0x00, 0x00, 0x7F, 0xFF, 0xFC,
    0x00, 0x00, 0x07, 0xFF, 0xFF, 0xC0, 0x00, 0x00, 0x7F, 0xFF, 0xFC, 0x00, 0x00, 0x07, 0xFF, 0xFF, 0xC0, 0x00, 0x00, 0x00, 0x00, 0x00, 0x00, 0x00,
    0x00, 0x00, 0x00, 0x00, 0x00, 0x00, 0x7F, 0xFF, 0xFC, 0x00, 0x00, 0x07, 0xFF, 0xFF, 0xC0, 0x00, 0x00, 0x7F, 0xFF, 0xFC, 0x00, 0x00, 0x07, 0xFF,
    0xFF, 0xC0, 0x00, 0x00, 0x7F, 0xFF, 0xFC, 0x00, 0x00, 0x07, 0xFF, 0xFF, 0xC0, 0x00, 0x00, 0x7F, 0xFF, 0xFC, 0x00, 0x00, 0x07, 0xFF, 0xFF, 0xC0,
    0x00, 0x00, 0x7F, 0xFF, 0xFC, 0x00, 0x00, 0x07, 0xFF, 0xFF, 0xC0, 0x00, 0x00, 0x7F, 0xFF, 0xFC, 0x00, 0x00, 0x07, 0xFF, 0xFF, 0xC0, 0x00, 0x00,
    0x7F, 0xFF, 0xFC, 0x00, 0x00, 0x07, 0xFF, 0xFF, 0xC0, 0x00, 0x00, 0x7F, 0xFF, 0xFC, 0x00, 0x00, 0x07, 0xFF, 0xFF, 0xC0, 0x00, 0x00, 0x8F, 0xFF,
    0xFB, 0x00, 0x00, 0x0A, 0xFF, 0xFF, 0x90, 0x00, 0x16, 0xFF, 0xFF, 0xF5, 0x00, 0xFF, 0xFF, 0xFF, 0xFD, 0x00, 0x0F, 0xFF, 0xFF, 0xFD, 0x20, 0x00,
    0xFF, 0xFF, 0xC7, 0x00, 0x00, 0x00, 0x00, 0x7F, 0xFF, 0xFC, 0x00, 0x00, 0x00, 0x00, 0x00, 0x00, 0x00, 0x07, 0xFF, 0xFF, 0xC0, 0x00, 0x00, 0x00,
    0x00, 0x00, 0x00, 0x00, 0x7F, 0xFF, 0xFC, 0x00, 0x00, 0x00, 0x00, 0x00, 0x00, 0x00, 0x07, 0xFF, 0xFF, 0xC0, 0x00, 0x00, 0x00, 0x00, 0x00, 0x00,
    0x00, 0x7F, 0xFF, 0xFC, 0x00, 0x00, 0x00, 0x00, 0x00, 0x00, 0x00, 0x07, 0xFF, 0xFF, 0xC0, 0x00, 0x00, 0x00, 0x00, 0x00, 0x00, 0x00, 0x7F, 0xFF,
    0xFC, 0x00, 0x00, 0x00, 0x00, 0x00, 0x00, 0x00, 0x07, 0xFF, 0xFF, 0xC0, 0x00, 0x00, 0xBF, 0xFF, 0xFF, 0x50, 0x00, 0x7F, 0xFF, 0xFC, 0x00, 0x00,
    0xBF, 0xFF, 0xFF, 0x40, 0x00, 0x07, 0xFF, 0xFF, 0xC0, 0x00, 0xBF, 0xFF, 0xFE, 0x30, 0x00, 0x00, 0x7F, 0xFF, 0xFC, 0x00, 0xCF, 0xFF, 0xFE, 0x20,
    0x00, 0x00, 0x07, 0xFF, 0xFF, 0xC0, 0xCF, 0xFF, 0xFD, 0x20, 0x00, 0x00, 0x00, 0x7F, 0xFF, 0xFD, 0xCF, 0xFF, 0xFC, 0x10, 0x00, 0x00, 0x00, 0x07,
    0xFF, 0xFF, 0xFF, 0xFF, 0xFB, 0x00, 0x00, 0x00, 0x00, 0x00, 0x7F, 0xFF, 0xFF, 0xFF, 0xFF, 0x20, 0x00, 0x00, 0x00, 0x00, 0x07, 0xFF, 0xFF, 0xFF,
    0xFF, 0xFE, 0x20, 0x00, 0x00, 0x00, 0x00, 0x7F, 0xFF, 0xFD, 0xEF, 0xFF, 0xFE, 0x20, 0x00, 0x00, 0x00, 0x07, 0xFF, 0xFF, 0xC2, 0xEF, 0xFF, 0xFE,
    0x20, 0x00, 0x00, 0x00, 0x7F, 0xFF, 0xFC, 0x03, 0xFF, 0xFF, 0xFE, 0x20, 0x00, 0x00, 0x07, 0xFF, 0xFF, 0xC0, 0x03, 0xFF, 0xFF, 0xFE, 0x20, 0x00,
    0x00, 0x7F, 0xFF, 0xFC, 0x00, 0x04, 0xFF, 0xFF, 0xFE, 0x20, 0x00, 0x07, 0xFF, 0xFF, 0xC0, 0x00, 0x04, 0xFF, 0xFF, 0xFE, 0x20, 0x00, 0x7F, 0xFF,
    0xFC, 0x00, 0x00, 0x05, 0xFF, 0xFF, 0xFE, 0x20, 0x00, 0x7F, 0xFF, 0xFC, 0x00, 0x00, 0x7F, 0xFF, 0xFC, 0x00, 0x00, 0x7F, 0xFF, 0xFC, 0x00, 0x00,
    0x7F, 0xFF, 0xFC, 0x00, 0x00, 0x7F, 0xFF, 0xFC, 0x00, 0x00, 0x7F, 0xFF, 0xFC, 0x00, 0x00, 0x7F, 0xFF, 0xFC, 0x00, 0x00, 0x7F, 0xFF, 0xFC, 0x00,
    0x00, 0x7F, 0xFF, 0xFC, 0x00, 0x00, 0x7F, 0xFF, 0xFC, 0x00, 0x00, 0x7F, 0xFF, 0xFC, 0x00, 0x00, 0x7F, 0xFF, 0xFC, 0x00, 0x00, 0x7F, 0xFF, 0xFC,
    0x00, 0x00, 0x7F, 0xFF, 0xFC, 0x00, 0x00, 0x7F, 0xFF, 0xFC, 0x00, 0x00, 0x7F, 0xFF, 0xFC, 0x00, 0x00, 0x7F, 0xFF, 0xFC, 0x00, 0x00, 0x7F, 0xFF,
    0xFC, 0x00, 0x00, 0x7F, 0xFF, 0xFC, 0x00, 0x00, 0x7F, 0xFF, 0xFC, 0x00, 0x00, 0x7F, 0xFF, 0xFC, 0x00, 0x00, 0x7F, 0xFF, 0xFC, 0x00, 0x00, 0x7F,
    0xFF, 0xFC, 0x00, 0x00, 0x8F, 0xFF, 0xFC, 0x00, 0x7D, 0xFE, 0xB4, 0x00, 0x00, 0x6C, 0xEF, 0xD9, 0x20, 0x00, 0x00, 0x08, 0xFF, 0xFF, 0xC1, 0xCF,
    0xFF, 0xFF, 0xF9, 0x01, 0xCF, 0xFF, 0xFF, 0xFF, 0x50, 0x00, 0x00, 0x8F, 0xFF, 0xFC, 0xCF, 0xFF, 0xFF, 0xFF, 0xF6, 0xDF, 0xFF, 0xFF, 0xFF, 0xFF,
    0x20, 0x00, 0x08, 0xFF, 0xFF, 0xFF, 0x60, 0x1B, 0xFF, 0xFF, 0xFF, 0xC3, 0x04, 0xFF, 0xFF, 0xF8, 0x00, 0x00, 0x8F, 0xFF, 0xFF, 0x70, 0x00, 0x3F,
    0xFF, 0xFF, 0xF1, 0x00, 0x09, 0xFF, 0xFF, 0xC0, 0x00, 0x08, 0xFF, 0xFF, 0xF1, 0x00, 0x00, 0xFF, 0xFF, 0xFA, 0x00, 0x00, 0x6F, 0xFF, 0xFD, 0x00,
    0x00, 0x8F, 0xFF, 0xFD, 0x00, 0x00, 0x0F, 0xFF, 0xFF, 0x60, 0x00, 0x05, 0xFF, 0xFF, 0xE0, 0x00, 0x08, 0xFF, 0xFF, 0xC0, 0x00, 0x00, 0xFF, 0xFF,
    0xF5, 0x00, 0x00, 0x6F, 0xFF, 0xFE, 0x00, 0x00, 0x8F, 0xFF, 0xFC, 0x00, 0x00, 0x0F, 0xFF, 0xFF, 0x50, 0x00, 0x06, 0xFF, 0xFF, 0xE0, 0x00, 0x08,
    0xFF, 0xFF, 0xC0, 0x00, 0x00, 0xFF, 0xFF, 0xF5, 0x00, 0x00, 0x6F, 0xFF, 0xFE, 0x00, 0x00, 0x8F, 0xFF, 0xFC, 0x00, 0x00, 0x0F, 0xFF, 0xFF, 0x50,
    0x00, 0x06, 0xFF, 0xFF, 0xE0, 0x00, 0x08, 0xFF, 0xFF, 0xC0, 0x00, 0x00, 0xFF, 0xFF, 0xF5, 0x00, 0x00, 0x6F, 0xFF, 0xFE, 0x00, 0x00, 0x8F, 0xFF,
    0xFC, 0x00, 0x00, 0x0F, 0xFF, 0xFF, 0x50, 0x00, 0x06, 0xFF, 0xFF, 0xE0, 0x00, 0x08, 0xFF, 0xFF, 0xC0, 0x00, 0x00, 0xFF, 0xFF, 0xF5, 0x00, 0x00,
    0x6F, 0xFF, 0xFE, 0x00, 0x00, 0x8F, 0xFF, 0xFC, 0x00, 0x00, 0x0F, 0xFF, 0xFF, 0x50, 0x00, 0x06, 0xFF, 0xFF, 0xE0, 0x00, 0x08, 0xFF, 0xFF, 0xC0,
    0x00, 0x00, 0xFF, 0xFF, 0xF5, 0x00, 0x00, 0x6F, 0xFF, 0xFE, 0x00, 0x00, 0x7F, 0xFF, 0xFC, 0x00, 0x5B, 0xEF, 0xEA, 0x30, 0x00, 0x00, 0x07, 0xFF,
    0xFF, 0xC0, 0xBF, 0xFF, 0xFF, 0xFF, 0x70, 0x00, 0x00, 0x7F, 0xFF, 0xFC, 0xBF, 0xFF, 0xFF, 0xFF, 0xFF, 0x30, 0x00, 0x07, 0xFF, 0xFF, 0xFF, 0x81,
    0x06, 0xFF, 0xFF, 0xFA, 0x00, 0x00, 0x7F, 0xFF, 0xFF, 0x90, 0x00, 0x08, 0xFF, 0xFF, 0xE0, 0x00, 0x07, 0xFF, 0xFF, 0xF2, 0x00, 0x00, 0x5F, 0xFF,
    0xFF, 0x00, 0x00, 0x7F, 0xFF, 0xFE, 0x00, 0x00, 0x04, 0xFF, 0xFF, 0xF0, 0x00, 0x07, 0xFF, 0xFF, 0xC0, 0x00, 0x00, 0x4F, 0xFF, 0xFF, 0x00, 0x00,
    0x7F, 0xFF, 0xFC, 0x00, 0x00, 0x04, 0xFF, 0xFF, 0xF0, 0x00, 0x07, 0xFF, 0xFF, 0xC0, 0x00, 0x00, 0x4F, 0xFF, 0xFF, 0x00, 0x00, 0x7F, 0xFF, 0xFC,
    0x00, 0x00, 0x04, 0xFF, 0xFF, 0xF0, 0x00, 0x07, 0xFF, 0xFF, 0xC0, 0x00, 0x00, 0x4F, 0xFF, 0xFF, 0x00, 0x00, 0x7F, 0xFF, 0xFC, 0x00, 0x00, 0x04,
    0xFF, 0xFF, 0xF0, 0x00, 0x07, 0xFF, 0xFF, 0xC0, 0x00, 0x00, 0x4F, 0xFF, 0xFF, 0x00, 0x00, 0x7F, 0xFF, 0xFC, 0x00, 0x00, 0x04, 0xFF, 0xFF, 0xF0,
    0x00, 0x07, 0xFF, 0xFF, 0xC0, 0x00, 0x00, 0x4F, 0xFF, 0xFF, 0x00, 0x00, 0x00, 0x01, 0x6A, 0xDF, 0xFE, 0xD9, 0x40, 0x00, 0x00, 0x00, 0x00, 0x07,
    0xFF, 0xFF, 0xFF, 0xFF, 0xFF, 0xD3, 0x00, 0x00, 0x00, 0x0A, 0xFF, 0xFF, 0xFF, 0xFF, 0xFF, 0xFF, 0xF4, 0x00, 0x00, 0x07, 0xFF, 0xFF, 0xF8, 0x10,
    0x3C, 0xFF, 0xFF, 0xF1, 0x00, 0x01, 0xFF, 0xFF, 0xF8, 0x00, 0x00, 0x0E, 0xFF, 0xFF, 0xA0, 0x00, 0x5F, 0xFF, 0xFF, 0x10, 0x00, 0x00, 0x7F, 0xFF,
    0xFF, 0x00, 0x09, 0xFF, 0xFF, 0xD0, 0x00, 0x00, 0x04, 0xFF, 0xFF, 0xF3, 0x00, 0xAF, 0xFF, 0xFC, 0x00, 0x00, 0x00, 0x2F, 0xFF, 0xFF, 0x40, 0x0A,
    0xFF, 0xFF, 0xC0, 0x00, 0x00, 0x02, 0xFF, 0xFF, 0xF4, 0x00, 0x9F, 0xFF, 0xFD, 0x00, 0x00, 0x00, 0x4F, 0xFF, 0xFF, 0x30, 0x05, 0xFF, 0xFF, 0xF1,
    0x00, 0x00, 0x07, 0xFF, 0xFF, 0xF0, 0x00, 0x1F, 0xFF, 0xFF, 0x80, 0x00, 0x00, 0xEF, 0xFF, 0xFA, 0x00, 0x00, 0x7F, 0xFF, 0xFF, 0x81, 0x03, 0xCF,
    0xFF, 0xFF, 0x10, 0x00, 0x00, 0xAF, 0xFF, 0xFF, 0xFF, 0xFF, 0xFF, 0xFF, 0x40, 0x00, 0x00, 0x00, 0x7F, 0xFF, 0xFF, 0xFF, 0xFF, 0xFD, 0x30, 0x00,
    0x00, 0x00, 0x00, 0x16, 0xAD, 0xFF, 0xED, 0x94, 0x00, 0x00, 0x00, 0x00, 0x7F, 0xFF, 0xFC, 0x00, 0x6C, 0xEF, 0xD9, 0x20, 0x00, 0x00, 0x07, 0xFF,
    0xFF, 0xC1, 0xCF, 0xFF, 0xFF, 0xFF, 0x60, 0x00, 0x00, 0x7F, 0xFF, 0xFC, 0xCF, 0xFF, 0xFF, 0xFF, 0xFF, 0x50, 0x00, 0x07, 0xFF, 0xFF, 0xFF, 0x81,
    0x04, 0xDF, 0xFF, 0xFF, 0x10, 0x00, 0x7F, 0xFF, 0xFF, 0x80, 0x00, 0x01, 0xFF, 0xFF, 0xF7, 0x00, 0x07, 0xFF, 0xFF, 0xF1, 0x00, 0x00, 0x0A, 0xFF,
    0xFF, 0xC0, 0x00, 0x7F, 0xFF, 0xFE, 0x00, 0x00, 0x00, 0x6F, 0xFF, 0xFF, 0x00, 0x07, 0xFF, 0xFF, 0xC0, 0x00, 0x00, 0x05, 0xFF, 0xFF, 0xF1, 0x00,
    0x7F, 0xFF, 0xFC, 0x00, 0x00, 0x00, 0x5F, 0xFF, 0xFF, 0x10, 0x07, 0xFF, 0xFF, 0xE0, 0x00, 0x00, 0x06, 0xFF, 0xFF, 0xF0, 0x00, 0x7F, 0xFF, 0xFF,
    0x10, 0x00, 0x00, 0xAF, 0xFF, 0xFC, 0x00, 0x07, 0xFF, 0xFF, 0xF8, 0x00, 0x00, 0x1F, 0xFF, 0xFF, 0x70, 0x00, 0x7F, 0xFF, 0xFF, 0xF8, 0x10, 0x3D,
    0xFF, 0xFF, 0xF1, 0x00, 0x07, 0xFF, 0xFF, 0xCC, 0xFF, 0xFF, 0xFF, 0xFF, 0xF5, 0x00, 0x00, 0x7F, 0xFF, 0xFC, 0x1C, 0xFF, 0xFF, 0xFF, 0xF6, 0x00,
    0x00, 0x07, 0xFF, 0xFF, 0xC0, 0x06, 0xCE, 0xFD, 0x92, 0x00, 0x00, 0x00, 0x7F, 0xFF, 0xFC, 0x00, 0x00, 0x00, 0x00, 0x00, 0x00, 0x00, 0x07, 0xFF,
    0xFF, 0xC0, 0x00, 0x00, 0x00, 0x00, 0x00, 0x00, 0x00, 0x7F, 0xFF, 0xFC, 0x00, 0x00, 0x00, 0x00, 0x00, 0x00, 0x00, 0x07, 0xFF, 0xFF, 0xC0, 0x00,
    0x00, 0x00, 0x00, 0x00, 0x00, 0x00, 0x7F, 0xFF, 0xFC, 0x00, 0x00, 0x00, 0x00, 0x00, 0x00, 0x00, 0x07, 0xFF, 0xFF, 0xC0, 0x00, 0x00, 0x00, 0x00,
    0x00, 0x00, 0x00, 0x00, 0x06, 0xCE, 0xFD, 0x92, 0x05, 0xFF, 0xFF, 0xF0, 0x00, 0x00, 0x1C, 0xFF, 0xFF, 0xFF, 0xF5, 0x5F, 0xFF, 0xFF, 0x00, 0x00,
    0x0D, 0xFF, 0xFF, 0xFF, 0xFF, 0xF9, 0xFF, 0xFF, 0xF0, 0x00, 0x09, 0xFF, 0xFF, 0xF8, 0x10, 0x4D, 0xFF, 0xFF, 0xFF, 0x00, 0x01, 0xFF, 0xFF, 0xF9,
    0x00, 0x00, 0x2F, 0xFF, 0xFF, 0xF0, 0x00, 0x5F, 0xFF, 0xFF, 0x10, 0x00, 0x00, 0xAF, 0xFF, 0xFF, 0x00, 0x08, 0xFF, 0xFF, 0xE0, 0x00, 0x00, 0x06,
    0xFF, 0xFF, 0xF0, 0x00, 0x9F, 0xFF, 0xFC, 0x00, 0x00, 0x00, 0x5F, 0xFF, 0xFF, 0x00, 0x09, 0xFF, 0xFF, 0xC0, 0x00, 0x00, 0x05, 0xFF, 0xFF, 0xF0,
    0x00, 0x8F, 0xFF, 0xFE, 0x00, 0x00, 0x00, 0x6F, 0xFF, 0xFF, 0x00, 0x05, 0xFF, 0xFF, 0xF1, 0x00, 0x00, 0x0A, 0xFF, 0xFF, 0xF0, 0x00, 0x1F, 0xFF,
    0xFF, 0x90, 0x00, 0x02, 0xFF, 0xFF, 0xFF, 0x00, 0x00, 0x9F, 0xFF, 0xFF, 0x81, 0x04, 0xDF, 0xFF, 0xFF, 0xF0, 0x00, 0x00, 0xDF, 0xFF, 0xFF, 0xFF,
    0xFF, 0x9F, 0xFF, 0xFF, 0x00, 0x00, 0x01, 0xCF, 0xFF, 0xFF, 0xFF, 0x55, 0xFF, 0xFF, 0xF0, 0x00, 0x00, 0x00, 0x6C, 0xEF, 0xD9, 0x20, 0x5F, 0xFF,
    0xFF, 0x00, 0x00, 0x00, 0x00, 0x00, 0x00, 0x00, 0x05, 0xFF, 0xFF, 0xF0, 0x00, 0x00, 0x00, 0x00, 0x00, 0x00, 0x00, 0x5F, 0xFF, 0xFF, 0x00, 0x00,
    0x00, 0x00, 0x00, 0x00, 0x00, 0x05, 0xFF, 0xFF, 0xF0, 0x00, 0x00, 0x00, 0x00, 0x00, 0x00, 0x00, 0x5F, 0xFF, 0xFF, 0x00, 0x00, 0x00, 0x00, 0x00,
    0x00, 0x00, 0x05, 0xFF, 0xFF, 0xF0, 0x00, 0x00, 0x00, 0x00, 0x00, 0x00, 0x00, 0x5F, 0xFF, 0xFF, 0x00, 0x00, 0x7F, 0xFF, 0xFC, 0x00, 0x6C, 0xEF,
    0xA0, 0x07, 0xFF, 0xFF, 0xC1, 0xCF, 0xFF, 0xFB, 0x00, 0x7F, 0xFF, 0xFC, 0xCF, 0xFF, 0xFF, 0xB0, 0x07, 0xFF, 0xFF, 0xFF, 0xFF, 0xFF, 0xFB, 0x00,
    0x7F, 0xFF, 0xFF, 0xFB, 0x30, 0x15, 0x80, 0x07, 0xFF, 0xFF, 0xFB, 0x00, 0x00, 0x00, 0x00, 0x7F, 0xFF, 0xFF, 0x30, 0x00, 0x00, 0x00, 0x07, 0xFF,
    0xFF, 0xE0, 0x00, 0x00, 0x00, 0x00, 0x7F, 0xFF, 0xFC, 0x00, 0x00, 0x00, 0x00, 0x07, 0xFF, 0xFF, 0xC0, 0x00, 0x00, 0x00, 0x00, 0x7F, 0xFF, 0xFC,
    0x00, 0x00, 0x00, 0x00, 0x07, 0xFF, 0xFF, 0xC0, 0x00, 0x00, 0x00, 0x00, 0x7F, 0xFF, 0xFC, 0x00, 0x00, 0x00, 0x00, 0x07, 0xFF, 0xFF, 0xC0, 0x00,
    0x00, 0x00, 0x00, 0x7F, 0xFF, 0xFC, 0x00, 0x00, 0x00, 0x00, 0x07, 0xFF, 0xFF, 0xC0, 0x00, 0x00, 0x00, 0x00, 0x00, 0x6A, 0xDF, 0xFF, 0xDC, 0xA7,
    0x30, 0x00, 0x00, 0x2E, 0xFF, 0xFF, 0xFF, 0xFF, 0xFF, 0xF5, 0x00, 0x00, 0xEF, 0xFF, 0xFF, 0xFF, 0xFF, 0xFF, 0xF5, 0x00, 0x04, 0xFF, 0xFF, 0xC3,
    0x00, 0x25, 0xAF, 0xF5, 0x00, 0x06, 0xFF, 0xFF, 0x40, 0x00, 0x00, 0x01, 0x85, 0x00, 0x06, 0xFF, 0xFF, 0x80, 0x00, 0x00, 0x00, 0x00, 0x00, 0x02,
    0xFF, 0xFF, 0xFE, 0xB9, 0x74, 0x10, 0x00, 0x00, 0x00, 0x8F, 0xFF, 0xFF, 0xFF, 0xFF, 0xFC, 0x50, 0x00, 0x00, 0x04, 0xCF, 0xFF, 0xFF, 0xFF, 0xFF,
    0xF9, 0x00, 0x00, 0x00, 0x00, 0x46, 0x8B, 0xEF, 0xFF, 0xFF, 0x20, 0x00, 0x00, 0x00, 0x00, 0x00, 0x0C, 0xFF, 0xFF, 0x50, 0x03, 0x91, 0x00, 0x00,
    0x00, 0x0A, 0xFF, 0xFF, 0x60, 0x03, 0xFF, 0xB6, 0x20, 0x01, 0x6F, 0xFF, 0xFF, 0x30, 0x03, 0xFF, 0xFF, 0xFF, 0xFF, 0xFF, 0xFF, 0xFC, 0x00, 0x03,
    0xFF, 0xFF, 0xFF, 0xFF, 0xFF, 0xFF, 0xC1, 0x00, 0x00, 0x25, 0x9C, 0xDE, 0xFF, 0xEC, 0x94, 0x00, 0x00, 0x00, 0x0F, 0xFF, 0xFF, 0x40, 0x00, 0x00,
    0x00, 0x0F, 0xFF, 0xFF, 0x40, 0x00, 0x00, 0x00, 0x0F, 0xFF, 0xFF, 0x40, 0x00, 0x00, 0x00, 0x0F, 0xFF, 0xFF, 0x40, 0x00, 0x00, 0x00, 0x0F, 0xFF,
    0xFF, 0x40, 0x00, 0x00, 0x9F, 0xFF, 0xFF, 0xFF, 0xFF, 0xFF, 0xFA, 0x9F, 0xFF, 0xFF, 0xFF, 0xFF, 0xFF, 0xFA, 0x9F, 0xFF, 0xFF, 0xFF, 0xFF, 0xFF,
    0xFA, 0x00, 0x0F, 0xFF, 0xFF, 0x40, 0x00, 0x00, 0x00, 0x0F, 0xFF, 0xFF, 0x40, 0x00, 0x00, 0x00, 0x0F, 0xFF, 0xFF, 0x40, 0x00, 0x00, 0x00, 0x0F,
    0xFF, 0xFF, 0x40, 0x00, 0x00, 0x00, 0x0F, 0xFF, 0xFF, 0x40, 0x00, 0x00, 0x00, 0x0F, 0xFF, 0xFF, 0x40, 0x00, 0x00, 0x00, 0x0F, 0xFF, 0xFF, 0x40,
    0x00, 0x00, 0x00, 0x0F, 0xFF, 0xFF, 0x40, 0x00, 0x00, 0x00, 0x0F, 0xFF, 0xFF, 0x50, 0x00, 0x00, 0x00, 0x0D, 0xFF, 0xFF, 0xB2, 0x00, 0x00, 0x00,
    0x08, 0xFF, 0xFF, 0xFF, 0xFF, 0xF3, 0x00, 0x01, 0xDF, 0xFF, 0xFF, 0xFF, 0xF3, 0x00, 0x00, 0x18, 0xCF, 0xFF, 0xFF, 0xF3, 0x00, 0xAF, 0xFF, 0xFA,
    0x00, 0x00, 0x06, 0xFF, 0xFF, 0xD0, 0x00, 0x0A, 0xFF, 0xFF, 0x90, 0x00, 0x00, 0x6F, 0xFF, 0xFD, 0x00, 0x00, 0xAF, 0xFF, 0xF9, 0x00, 0x00, 0x06,
    0xFF, 0xFF, 0xD0, 0x00, 0x0A, 0xFF, 0xFF, 0x90, 0x00, 0x00, 0x6F, 0xFF, 0xFD, 0x00, 0x00, 0xAF, 0xFF, 0xF9, 0x00, 0x00, 0x06, 0xFF, 0xFF, 0xD0,
    0x00, 0x0A, 0xFF, 0xFF, 0x90, 0x00, 0x00, 0x6F, 0xFF, 0xFD, 0x00, 0x00, 0xAF, 0xFF, 0xF9, 0x00, 0x00, 0x06, 0xFF, 0xFF, 0xD0, 0x00, 0x0A, 0xFF,
    0xFF, 0x90, 0x00, 0x00, 0x6F, 0xFF, 0xFD, 0x00, 0x00, 0xAF, 0xFF, 0xF9, 0x00, 0x00, 0x07, 0xFF, 0xFF, 0xD0, 0x00, 0x0A, 0xFF, 0xFF, 0x90, 0x00,
    0x00, 0x8F, 0xFF, 0xFD, 0x00, 0x00, 0xAF, 0xFF, 0xFA, 0x00, 0x00, 0x0C, 0xFF, 0xFF, 0xD0, 0x00, 0x08, 0xFF, 0xFF, 0xE0, 0x00, 0x04, 0xFF, 0xFF,
    0xFD, 0x00, 0x00, 0x4F, 0xFF, 0xFF, 0xA1, 0x05, 0xEF, 0xFF, 0xFF, 0xD0, 0x00, 0x00, 0xDF, 0xFF, 0xFF, 0xFF, 0xFF, 0x9F, 0xFF, 0xFD, 0x00, 0x00,
    0x03, 0xEF, 0xFF, 0xFF, 0xFE, 0x36, 0xFF, 0xFF, 0xD0, 0x00, 0x00, 0x01, 0x8D, 0xFF, 0xD8, 0x10, 0x6F, 0xFF, 0xFD, 0x00, 0x5F, 0xFF, 0xFE, 0x00,
    0x00, 0x00, 0x05, 0xFF, 0xFF, 0xE0, 0x0E, 0xFF, 0xFF, 0x40, 0x00, 0x00, 0x0B, 0xFF, 0xFF, 0x80, 0x08, 0xFF, 0xFF, 0x90, 0x00, 0x00, 0x1F, 0xFF,
    0xFF, 0x10, 0x02, 0xFF, 0xFF, 0xF0, 0x00, 0x00, 0x6F, 0xFF, 0xFB, 0x00, 0x00, 0xBF, 0xFF, 0xF5, 0x00, 0x00, 0xCF, 0xFF, 0xF4, 0x00, 0x00, 0x5F,
    0xFF, 0xFB, 0x00, 0x02, 0xFF, 0xFF, 0xE0, 0x00, 0x00, 0x0E, 0xFF, 0xFF, 0x10, 0x08, 0xFF, 0xFF, 0x70, 0x00, 0x00, 0x08, 0xFF, 0xFF, 0x70, 0x0E,
    0xFF, 0xFF, 0x10, 0x00, 0x00, 0x02, 0xFF, 0xFF, 0xD0, 0x4F, 0xFF, 0xFA, 0x00, 0x00, 0x00, 0x00, 0xBF, 0xFF, 0xF3, 0xAF, 0xFF, 0xF4, 0x00, 0x00,
    0x00, 0x00, 0x5F, 0xFF, 0xF9, 0xFF, 0xFF, 0xD0, 0x00, 0x00, 0x00, 0x00, 0x0E, 0xFF, 0xFF, 0xFF, 0xFF, 0x70, 0x00, 0x00, 0x00, 0x00, 0x08, 0xFF,
    0xFF, 0xFF, 0xFF, 0x10, 0x00, 0x00, 0x00, 0x00, 0x01, 0xFF, 0xFF, 0xFF, 0xFA, 0x00, 0x00, 0x00, 0x00, 0x00, 0x00, 0xBF, 0xFF, 0xFF, 0xF4, 0x00,
    0x00, 0x00, 0x00, 0x00, 0x00, 0x4F, 0xFF, 0xFF, 0xD0, 0x00, 0x00, 0x00, 0x0C, 0xFF, 0xFF, 0x40, 0x00, 0x07, 0xFF, 0xFF, 0x20, 0x00, 0x08, 0xFF,
    0xFF, 0x80, 0x08, 0xFF, 0xFF, 0x80, 0x00, 0x0B, 0xFF, 0xFF, 0x70, 0x00, 0x0C, 0xFF, 0xFF, 0x40, 0x04, 0xFF, 0xFF, 0xC0, 0x00, 0x0F, 0xFF, 0xFF,
    0xB0, 0x00, 0x1F, 0xFF, 0xFF, 0x00, 0x00, 0xFF, 0xFF, 0xF0, 0x00, 0x3F, 0xFF, 0xFF, 0xE0, 0x00, 0x4F, 0xFF, 0xFB, 0x00, 0x00, 0xBF, 0xFF, 0xF4,
    0x00, 0x7F, 0xFF, 0xFF, 0xF3, 0x00, 0x9F, 0xFF, 0xF7, 0x00, 0x00, 0x7F, 0xFF, 0xF8, 0x00, 0xBF, 0xFC, 0xFF, 0xF7, 0x00, 0xDF, 0xFF, 0xF2, 0x00,
    0x00, 0x3F, 0xFF, 0xFC, 0x00, 0xFF, 0xF7, 0xCF, 0xFB, 0x01, 0xFF, 0xFF, 0xE0, 0x00, 0x00, 0x0E, 0xFF, 0xFF, 0x03, 0xFF, 0xF3, 0x8F, 0xFF, 0x05,
    0xFF, 0xFF, 0xA0, 0x00, 0x00, 0x0A, 0xFF, 0xFF, 0x47, 0xFF, 0xF0, 0x4F, 0xFF, 0x39, 0xFF, 0xFF, 0x60, 0x00, 0x00, 0x06, 0xFF, 0xFF, 0x8B, 0xFF,
    0xB0, 0x0F, 0xFF, 0x7D, 0xFF, 0xFF, 0x10, 0x00, 0x00, 0x01, 0xFF, 0xFF, 0xCF, 0xFF, 0x70, 0x0C, 0xFF, 0xCF, 0xFF, 0xFD, 0x00, 0x00, 0x00, 0x00,
    0xDF, 0xFF, 0xFF, 0xFF, 0x30, 0x08, 0xFF, 0xFF, 0xFF, 0xF9, 0x00, 0x00, 0x00, 0x00, 0x9F, 0xFF, 0xFF, 0xFF, 0x00, 0x04, 0xFF, 0xFF, 0xFF, 0xF4,
    0x00, 0x00, 0x00, 0x00, 0x4F, 0xFF, 0xFF, 0xFB, 0x00, 0x00, 0xFF, 0xFF, 0xFF, 0xF0, 0x00, 0x00, 0x00, 0x00, 0x0F, 0xFF, 0xFF, 0xF7, 0x00, 0x00,
    0xCF, 0xFF, 0xFF, 0xC0, 0x00, 0x00, 0x00, 0x00, 0x0C, 0xFF, 0xFF, 0xF3, 0x00, 0x00, 0x8F, 0xFF, 0xFF, 0x70, 0x00, 0x00, 0x0D, 0xFF, 0xFF, 0xA0,
    0x00, 0x00, 0x4F, 0xFF, 0xFF, 0x30, 0x2F, 0xFF, 0xFF, 0x50, 0x00, 0x1E, 0xFF, 0xFF, 0x70, 0x00, 0x5F, 0xFF, 0xFF, 0x10, 0x0B, 0xFF, 0xFF, 0xB0,
    0x00, 0x00, 0x9F, 0xFF, 0xFC, 0x07, 0xFF, 0xFF, 0xE1, 0x00, 0x00, 0x00, 0xCF, 0xFF, 0xF9, 0xFF, 0xFF, 0xF3, 0x00, 0x00, 0x00, 0x02, 0xFF, 0xFF,
    0xFF, 0xFF, 0xF6, 0x00, 0x00, 0x00, 0x00, 0x05, 0xFF, 0xFF, 0xFF, 0xFA, 0x00, 0x00, 0x00, 0x00, 0x00, 0x09, 0xFF, 0xFF, 0xFE, 0x00, 0x00, 0x00,
    0x00, 0x00, 0x00, 0xDF, 0xFF, 0xFF, 0xF3, 0x00, 0x00, 0x00, 0x00, 0x00, 0x9F, 0xFF, 0xFF, 0xFF, 0xE1, 0x00, 0x00, 0x00, 0x00, 0x5F, 0xFF, 0xFF,
    0xFF, 0xFF, 0xB0, 0x00, 0x00, 0x00, 0x2F, 0xFF, 0xFF, 0x5D, 0xFF, 0xFF, 0x70, 0x00, 0x00, 0x0D, 0xFF, 0xFF, 0x80, 0x3F, 0xFF, 0xFF, 0x40, 0x00,
    0x0A, 0xFF, 0xFF, 0xC0, 0x00, 0x7F, 0xFF, 0xFE, 0x10, 0x06, 0xFF, 0xFF, 0xF2, 0x00, 0x00, 0xBF, 0xFF, 0xFB, 0x03, 0xFF, 0xFF, 0xF5, 0x00, 0x00,
    0x01, 0xEF, 0xFF, 0xF8, 0x6F, 0xFF, 0xFC, 0x00, 0x00, 0x00, 0x06, 0xFF, 0xFF, 0xD0, 0x0E, 0xFF, 0xFF, 0x30, 0x00, 0x00, 0x0C, 0xFF, 0xFF, 0x60,
    0x08, 0xFF, 0xFF, 0x90, 0x00, 0x00, 0x1F, 0xFF, 0xFF, 0x10, 0x01, 0xFF, 0xFF, 0xF1, 0x00, 0x00, 0x7F, 0xFF, 0xFA, 0x00, 0x00, 0xAF, 0xFF, 0xF6,
    0x00, 0x00, 0xCF, 0xFF, 0xF3, 0x00, 0x00, 0x3F, 0xFF, 0xFD, 0x00, 0x02, 0xFF, 0xFF, 0xD0, 0x00, 0x00, 0x0C, 0xFF, 0xFF, 0x30, 0x07, 0xFF, 0xFF,
    0x70, 0x00, 0x00, 0x05, 0xFF, 0xFF, 0xA0, 0x0D, 0xFF, 0xFF, 0x10, 0x00, 0x00, 0x00, 0xEF, 0xFF, 0xF1, 0x2F, 0xFF, 0xFA, 0x00, 0x00, 0x00, 0x00,
    0x7F, 0xFF, 0xF7, 0x8F, 0xFF, 0xF4, 0x00, 0x00, 0x00, 0x00, 0x1F, 0xFF, 0xFD, 0xDF, 0xFF, 0xD0, 0x00, 0x00, 0x00, 0x00, 0x09, 0xFF, 0xFF, 0xFF,
    0xFF, 0x70, 0x00, 0x00, 0x00, 0x00, 0x02, 0xFF, 0xFF, 0xFF, 0xFF, 0x10, 0x00, 0x00, 0x00, 0x00, 0x00, 0xBF, 0xFF, 0xFF, 0xFB, 0x00, 0x00, 0x00,
    0x00, 0x00, 0x00, 0x4F, 0xFF, 0xFF, 0xF4, 0x00, 0x00, 0x00, 0x00, 0x00, 0x00, 0x0D, 0xFF, 0xFF, 0xE0, 0x00, 0x00, 0x00, 0x00, 0x00, 0x00, 0x07,
    0xFF, 0xFF, 0x80, 0x00, 0x00, 0x00, 0x00, 0x00, 0x00, 0x0A, 0xFF, 0xFF, 0x20, 0x00, 0x00, 0x00, 0x00, 0x00, 0x01, 0x7F, 0xFF, 0xFA, 0x00, 0x00,
    0x00, 0x00, 0x00, 0x0F, 0xFF, 0xFF, 0xFF, 0xF1, 0x00, 0x00, 0x00, 0x00, 0x00, 0x0F, 0xFF, 0xFF, 0xFF, 0x40, 0x00, 0x00, 0x00, 0x00, 0x00, 0x0F,
    0xFF, 0xFD, 0x81, 0x00, 0x00, 0x00, 0x00, 0x00, 0x04, 0xFF, 0xFF, 0xFF, 0xFF, 0xFF, 0xFF, 0xFF, 0x00, 0x4F, 0xFF, 0xFF, 0xFF, 0xFF, 0xFF, 0xFF,
    0xF0, 0x04, 0xFF, 0xFF, 0xFF, 0xFF, 0xFF, 0xFF, 0xFF, 0x00, 0x00, 0x00, 0x00, 0x00, 0x7F, 0xFF, 0xFF, 0xF0, 0x00, 0x00, 0x00, 0x00, 0x6F, 0xFF,
    0xFF, 0xF5, 0x00, 0x00, 0x00, 0x00, 0x5F, 0xFF, 0xFF, 0xF6, 0x00, 0x00, 0x00, 0x00, 0x4F, 0xFF, 0xFF, 0xF7, 0x00, 0x00, 0x00, 0x00, 0x4F, 0xFF,
    0xFF, 0xF8, 0x00, 0x00, 0x00, 0x00, 0x3F, 0xFF, 0xFF, 0xF9, 0x00, 0x00, 0x00, 0x00, 0x2E, 0xFF, 0xFF, 0xFA, 0x00, 0x00, 0x00, 0x00, 0x2E, 0xFF,
    0xFF, 0xFB, 0x00, 0x00, 0x00, 0x00, 0x1D, 0xFF, 0xFF, 0xFC, 0x00, 0x00, 0x00, 0x00, 0x0A, 0xFF, 0xFF, 0xFC, 0x00, 0x00, 0x00, 0x00, 0x00, 0xAF,
    0xFF, 0xFF, 0xFF, 0xFF, 0xFF, 0xFF, 0xF0, 0x0A, 0xFF, 0xFF, 0xFF, 0xFF, 0xFF, 0xFF, 0xFF, 0x00, 0xAF, 0xFF, 0xFF, 0xFF, 0xFF, 0xFF, 0xFF, 0xF0,
    0x00, 0x00, 0x00, 0x00, 0x00, 0x39, 0xDF, 0xFF, 0xF9, 0x00, 0x00, 0x00, 0x00, 0x00, 0x00, 0x6F, 0xFF, 0xFF, 0xFF, 0x90, 0x00, 0x00, 0x00, 0x00,
    0x00, 0x2F, 0xFF, 0xFF, 0xFF, 0xF9, 0x00, 0x00, 0x00, 0x00, 0x00, 0x07, 0xFF, 0xFF, 0xF5, 0x10, 0x00, 0x00, 0x00, 0x00, 0x00, 0x00, 0xAF, 0xFF,
    0xF8, 0x00, 0x00, 0x00, 0x00, 0x00, 0x00, 0x00, 0x0A, 0xFF, 0xFF, 0x50, 0x00, 0x00, 0x00, 0x00, 0x00, 0x00, 0x00, 0xBF, 0xFF, 0xF4, 0x00, 0x00,
    0x00, 0x00, 0x00, 0x00, 0x00, 0x0B, 0xFF, 0xFF, 0x40, 0x00, 0x00, 0x00, 0x00, 0x00, 0x00, 0x00, 0xBF, 0xFF, 0xF4, 0x00, 0x00, 0x00, 0x00, 0x00,
    0x00, 0x00, 0x0B, 0xFF, 0xFF, 0x40, 0x00, 0x00, 0x00, 0x00, 0x00, 0x00, 0x00, 0xDF, 0xFF, 0xF3, 0x00, 0x00, 0x00, 0x00, 0x00, 0x00, 0x00, 0x2F,
    0xFF, 0xFF, 0x10, 0x00, 0x00, 0x00, 0x00, 0x00, 0x01, 0x4D, 0xFF, 0xFF, 0xD0, 0x00, 0x00, 0x00, 0x00, 0x00, 0x4F, 0xFF, 0xFF, 0xFF, 0xE2, 0x00,
    0x00, 0x00, 0x00, 0x00, 0x04, 0xFF, 0xFF, 0xFF, 0xD2, 0x00, 0x00, 0x00, 0x00, 0x00, 0x00, 0x4F, 0xFF, 0xFF, 0xFF, 0xF4, 0x00, 0x00, 0x00, 0x00,
    0x00, 0x00, 0x00, 0x4C, 0xFF, 0xFF, 0xE0, 0x00, 0x00, 0x00, 0x00, 0x00, 0x00, 0x00, 0x1F, 0xFF, 0xFF, 0x20, 0x00, 0x00, 0x00, 0x00, 0x00, 0x00,
    0x00, 0xCF, 0xFF, 0xF4, 0x00, 0x00, 0x00, 0x00, 0x00, 0x00, 0x00, 0x0B, 0xFF, 0xFF, 0x40, 0x00, 0x00, 0x00, 0x00, 0x00, 0x00, 0x00, 0xBF, 0xFF,
    0xF4, 0x00, 0x00, 0x00, 0x00, 0x00, 0x00, 0x00, 0x0B, 0xFF, 0xFF, 0x40, 0x00, 0x00, 0x00, 0x00, 0x00, 0x00, 0x00, 0xAF, 0xFF, 0xF5, 0x00, 0x00,
    0x00, 0x00, 0x00, 0x00, 0x00, 0x0A, 0xFF, 0xFF, 0x80, 0x00, 0x00, 0x00, 0x00, 0x00, 0x00, 0x00, 0x7F, 0xFF, 0xFE, 0x41, 0x00, 0x00, 0x00, 0x00,
    0x00, 0x00, 0x02, 0xFF, 0xFF, 0xFF, 0xFF, 0x90, 0x00, 0x00, 0x00, 0x00, 0x00, 0x07, 0xFF, 0xFF, 0xFF, 0xF9, 0x00, 0x00, 0x00, 0x00, 0x00, 0x00,
    0x03, 0xAD, 0xFF, 0xFF, 0x90, 0x00, 0x00, 0x03, 0xFF, 0xF2, 0x00, 0x00, 0x00, 0x3F, 0xFF, 0x20, 0x00, 0x00, 0x03, 0xFF, 0xF2, 0x00, 0x00, 0x00,
    0x3F, 0xFF, 0x20, 0x00, 0x00, 0x03, 0xFF, 0xF2, 0x00, 0x00, 0x00, 0x3F, 0xFF, 0x20, 0x00, 0x00, 0x03, 0xFF, 0xF2, 0x00, 0x00, 0x00, 0x3F, 0xFF,
    0x20, 0x00, 0x00, 0x03, 0xFF, 0xF2, 0x00, 0x00, 0x00, 0x3F, 0xFF, 0x20, 0x00, 0x00, 0x03, 0xFF, 0xF2, 0x00, 0x00, 0x00, 0x3F, 0xFF, 0x20, 0x00,
    0x00, 0x03, 0xFF, 0xF2, 0x00, 0x00, 0x00, 0x3F, 0xFF, 0x20, 0x00, 0x00, 0x03, 0xFF, 0xF2, 0x00, 0x00, 0x00, 0x3F, 0xFF, 0x20, 0x00, 0x00, 0x03,
    0xFF, 0xF2, 0x00, 0x00, 0x00, 0x3F, 0xFF, 0x20, 0x00, 0x00, 0x03, 0xFF, 0xF2, 0x00, 0x00, 0x00, 0x3F, 0xFF, 0x20, 0x00, 0x00, 0x03, 0xFF, 0xF2,
    0x00, 0x00, 0x00, 0x3F, 0xFF, 0x20, 0x00, 0x00, 0x03, 0xFF, 0xF2, 0x00, 0x00, 0x00, 0x3F, 0xFF, 0x20, 0x00, 0x00, 0x03, 0xFF, 0xF2, 0x00, 0x00,
    0x00, 0x3F, 0xFF, 0x20, 0x00, 0x00, 0x03, 0xFF, 0xF2, 0x00, 0x00, 0x00, 0x3F, 0xFF, 0x20, 0x00, 0x00, 0x03, 0xFF, 0xF2, 0x00, 0x00, 0x00, 0x3F,
    0xFF, 0x20, 0x00, 0x00, 0x04, 0xFF, 0xFF, 0xEB, 0x50, 0x00, 0x00, 0x00, 0x00, 0x00, 0x00, 0x4F, 0xFF, 0xFF, 0xFF, 0xB0, 0x00, 0x00, 0x00, 0x00,
    0x00, 0x04, 0xFF, 0xFF, 0xFF, 0xFF, 0x70, 0x00, 0x00, 0x00, 0x00, 0x00, 0x00, 0x03, 0xCF, 0xFF, 0xFD, 0x00, 0x00, 0x00, 0x00, 0x00, 0x00, 0x00,
    0x02, 0xFF, 0xFF, 0xF0, 0x00, 0x00, 0x00, 0x00, 0x00, 0x00, 0x00, 0x0F, 0xFF, 0xFF, 0x00, 0x00, 0x00, 0x00, 0x00, 0x00, 0x00, 0x00, 0xEF, 0xFF,
    0xF0, 0x00, 0x00, 0x00, 0x00, 0x00, 0x00, 0x00, 0x0E, 0xFF, 0xFF, 0x00, 0x00, 0x00, 0x00, 0x00, 0x00, 0x00, 0x00, 0xEF, 0xFF, 0xF0, 0x00, 0x00,
    0x00, 0x00, 0x00, 0x00, 0x00, 0x0E, 0xFF, 0xFF, 0x10, 0x00, 0x00, 0x00, 0x00, 0x00, 0x00, 0x00, 0xEF, 0xFF, 0xF3, 0x00, 0x00, 0x00, 0x00, 0x00,
    0x00, 0x00, 0x0B, 0xFF, 0xFF, 0x80, 0x00, 0x00, 0x00, 0x00, 0x00, 0x00, 0x00, 0x7F, 0xFF, 0xFF, 0x71, 0x00, 0x00, 0x00, 0x00, 0x00, 0x00, 0x00,
    0xAF, 0xFF, 0xFF, 0xFF, 0x90, 0x00, 0x00, 0x00, 0x00, 0x00, 0x00, 0x9F, 0xFF, 0xFF, 0xF9, 0x00, 0x00, 0x00, 0x00, 0x00, 0x01, 0xDF, 0xFF, 0xFF,
    0xFF, 0x90, 0x00, 0x00, 0x00, 0x00, 0x00, 0x8F, 0xFF, 0xFF, 0x61, 0x00, 0x00, 0x00, 0x00, 0x00, 0x00, 0x0C, 0xFF, 0xFF, 0x70, 0x00, 0x00, 0x00,
    0x00, 0x00, 0x00, 0x00, 0xEF, 0xFF, 0xF2, 0x00, 0x00, 0x00, 0x00, 0x00, 0x00, 0x00, 0x0E, 0xFF, 0xFF, 0x00, 0x00, 0x00, 0x00, 0x00, 0x00, 0x00,
    0x00, 0xEF, 0xFF, 0xF0, 0x00, 0x00, 0x00, 0x00, 0x00, 0x00, 0x00, 0x0E, 0xFF, 0xFF, 0x00, 0x00, 0x00, 0x00, 0x00, 0x00, 0x00, 0x00, 0xFF, 0xFF,
    0xF0, 0x00, 0x00, 0x00, 0x00, 0x00, 0x00, 0x00, 0x2F, 0xFF, 0xFF, 0x00, 0x00, 0x00, 0x00, 0x00, 0x00, 0x00, 0x3B, 0xFF, 0xFF, 0xD0, 0x00, 0x00,
    0x00, 0x00, 0x00, 0x4F, 0xFF, 0xFF, 0xFF, 0xF8, 0x00, 0x00, 0x00, 0x00, 0x00, 0x04, 0xFF, 0xFF, 0xFF, 0xFC, 0x00, 0x00, 0x00, 0x00, 0x00, 0x00,
    0x4F, 0xFF, 0xFE, 0xB6, 0x00, 0x00, 0x00, 0x00, 0x00, 0x00, 0x00, 0x00, 0x00, 0x00, 0x00, 0x00, 0x00, 0x00, 0x00, 0x01, 0x00, 0x00, 0x00, 0x00,
    0x3A, 0xDF, 0xEC, 0x71, 0x00, 0x00, 0x00, 0x04, 0xD0, 0x00, 0x00, 0x02, 0xBF, 0xFF, 0xFF, 0xFF, 0xFB, 0x62, 0x01, 0x5B, 0xFF, 0x00, 0x00, 0x00,
    0xDF, 0xFF, 0xFF, 0xFF, 0xFF, 0xFF, 0xFF, 0xFF, 0xFF, 0xF0, 0x00, 0x00, 0x0D, 0xFC, 0x51, 0x02, 0x6B, 0xFF, 0xFF, 0xFF, 0xFF, 0xC3, 0x00, 0x00,
    0x00, 0xC5, 0x00, 0x00, 0x00, 0x01, 0x6B, 0xEF, 0xEA, 0x50, 0x00, 0x00, 0x00, 0x01, 0x00, 0x00, 0x00, 0x00, 0x00, 0x00, 0x00, 0x00, 0x00, 0x00,
    0x00, 0x00, 0x00, 0x00, 0x00, 0x00, 0x00, 0x00, 0x00, 0x00, 0x00, 0x00, 0x00, 0x00, 0x00, 0x00, 0x00, 0x00, 0x00, 0x00, 0x00, 0x00, 0x00, 0x00,
    0x00, 0x00, 0x00, 0x00, 0x00, 0x00, 0x00, 0x00, 0x00, 0x00, 0x00, 0x00, 0x00, 0x00, 0x00, 0x00, 0x00, 0x00, 0x00, 0x00, 0x00, 0x00, 0x00, 0x00,
    0x00, 0x00, 0x00, 0x00, 0x00, 0x00, 0x00, 0x00, 0x00, 0x00, 0x00, 0x00, 0x00, 0x00, 0x00, 0x00, 0x00, 0x00, 0x00, 0x00, 0x00, 0x00, 0x00, 0x00,
    0x00, 0x00, 0x00, 0x00,
};

static const glyph_t font_big_glyphs[] = {
    {0,0,0,0,0,10},
    {0,14,22,0,6,14},
    {154,16,22,0,6,16},
    {330,25,22,0,6,25},
    {605,21,26,0,6,21},
    {878,30,22,0,6,30},
    {1208,26,22,0,6,26},
    {1494,9,22,0,6,9},
    {1593,14,27,0,5,14},
    {1782,14,27,0,5,14},
    {1971,16,22,0,6,16},
    {2147,25,19,0,9,25},
    {2385,11,10,0,22,11},
    {2440,12,11,0,17,12},
    {2506,11,6,0,22,11},
    {2539,11,25,0,6,11},
    {2677,21,22,0,6,21},
    {2908,21,22,0,6,21},
    {3139,21,22,0,6,21},
    {3370,21,22,0,6,21},
    {3601,21,22,0,6,21},
    {3832,21,22,0,6,21},
    {4063,21,22,0,6,21},
    {4294,21,22,0,6,21},
    {4525,21,22,0,6,21},
    {4756,21,22,0,6,21},
    {4987,12,16,0,12,12},
    {5083,12,20,0,12,12},
    {5203,25,18,0,10,25},
    {5428,25,14,0,14,25},
    {5603,25,18,0,10,25},
    {5828,17,22,0,6,17},
    {6015,30,26,0,6,30},
    {6405,24,22,0,6,23},
    {6669,23,22,0,6,23},
    {6922,22,22,0,6,22},
    {7164,25,22,0,6,25},
    {7439,21,22,0,6,20},
    {7670,21,22,0,6,20},
    {7901,25,22,0,6,25},
    {8176,25,22,0,6,25},
    {8451,11,22,0,6,11},
    {8572,13,28,-2,6,11},
    {8754,25,22,0,6,23},
    {9029,19,22,0,6,19},
    {9238,30,22,0,6,30},
    {9568,25,22,0,6,25},
    {9843,26,22,0,6,26},
    {10129,22,22,0,6,22},
    {10371,26,26,0,6,26},
    {10709,23,22,0,6,23},
    {10962,22,22,0,6,22},
    {11204,21,22,0,6,20},
    {11435,24,22,0,6,24},
    {11699,24,22,0,6,23},
    {11963,33,22,0,6,33},
    {12326,23,22,0,6,23},
    {12579,24,22,-1,6,22},
    {12843,22,22,0,6,22},
    {13085,14,27,0,5,14},
    {13274,11,25,0,6,11},
    {13412,14,27,0,5,14},
    {13601,25,22,0,6,25},
    {13876,15,7,0,28,15},
    {13929,15,24,0,4,15},
    {14109,20,16,0,12,20},
    {14269,21,23,0,5,21},
    {14511,18,16,0,12,18},
    {14655,21,23,0,5,21},
    {14897,20,16,0,12,20},
    {15057,14,23,0,5,13},
    {15218,21,22,0,12,21},
    {15449,21,23,0,5,21},
    {15691,10,23,0,5,10},
    {15806,11,29,-1,5,10},
    {15966,21,23,0,5,20},
    {16208,10,23,0,5,10},
    {16323,31,16,0,12,31},
    {16571,21,16,0,12,21},
    {16739,21,16,0,12,21},
    {16907,21,22,0,12,21},
    {17138,21,22,0,12,21},
    {17369,15,16,0,12,15},
    {17489,18,16,0,12,18},
    {17633,14,21,0,7,14},
    {17780,21,16,0,12,21},
    {17948,20,16,0,12,20},
    {18108,28,16,0,12,28},
    {18332,19,16,0,12,19},
    {18484,20,22,0,12,20},
    {18704,17,16,0,12,17},
    {18840,21,28,0,5,21},
    {19134,11,30,0,5,11},
    {19299,21,28,0,5,21},
    {19593,25,13,0,15,25}
};

static const font_t FONT_BIG = { font_big_glyphs, font_big_data, 32, 95, 36, 28 };
